,asofdate,aic,bic,hqic,mae,mse,forecastHorizon,diff,trainDFLength,num_models,order_p,order_q,time,product_name
0,2015-09-14 00:00:00+00:00,-656.8321065273824,-639.1849610898253,-649.7312608168155,0.02617468084284461,0.004150598726795175,5,True,252,2600,2,0,0 days 00:00:02.679394,BTC
1,2015-09-19 00:00:00+00:00,-657.8911017980763,-640.2439563605192,-650.7902560875094,0.026358152995925553,0.004170509993138614,5,True,252,2600,2,0,0 days 00:00:00.412960,BTC
2,2015-09-24 00:00:00+00:00,-858.1309575994974,-840.4838121619403,-851.0301118889305,0.023648707433380788,0.0021103614265900548,5,True,252,2600,2,0,0 days 00:00:00.454053,BTC
3,2015-09-29 00:00:00+00:00,-1080.943166035356,-1063.2960205977988,-1073.842320324789,0.018528543978033166,0.0007716028020465148,5,True,252,2600,2,0,0 days 00:00:00.126908,BTC
4,2015-10-04 00:00:00+00:00,-1091.7052252510564,-1074.0580798134993,-1084.6043795404894,0.01785897763336451,0.0007400542187614,5,True,252,2600,2,0,0 days 00:00:00.499784,BTC
5,2015-10-09 00:00:00+00:00,-1117.5312655697385,-1099.8841201321814,-1110.4304198591715,0.01696260578524353,0.0006675480909839158,5,True,252,2600,2,0,0 days 00:00:00.374477,BTC
6,2015-10-14 00:00:00+00:00,-1127.3511469682758,-1109.7040015307186,-1120.2503012577088,0.016498180665602085,0.0006419557151029895,5,True,252,2600,2,0,0 days 00:00:00.446308,BTC
7,2015-10-19 00:00:00+00:00,-1128.4386635657356,-1110.7915181281785,-1121.3378178551686,0.016420829054829576,0.0006390095136959097,5,True,252,2600,2,0,0 days 00:00:00.287534,BTC
8,2015-10-24 00:00:00+00:00,-1140.6960201580082,-1123.048874720451,-1133.5951744474412,0.016166811461379233,0.0006090491760634913,5,True,252,2600,2,0,0 days 00:00:00.459576,BTC
9,2015-10-29 00:00:00+00:00,-1150.6925230713723,-1133.0453776338152,-1143.5916773608053,0.016053907842474836,0.0005850521246799667,5,True,252,2600,2,0,0 days 00:00:00.256024,BTC
10,2015-11-03 00:00:00+00:00,-1112.8445389554872,-1095.19739351793,-1105.7436932449202,0.017354698620501645,0.000679863992529547,5,True,252,2600,2,0,0 days 00:00:00.517998,BTC
11,2015-11-08 00:00:00+00:00,-1111.509570341179,-1093.8624249036218,-1104.408724630612,0.01754178817035478,0.000683537616393069,5,True,252,2600,2,0,0 days 00:00:00.244864,BTC
12,2015-11-13 00:00:00+00:00,-1085.6338407545236,-1067.9866953169665,-1078.5329950439566,0.018042864925162643,0.0007573551031962924,5,True,252,2600,2,0,0 days 00:00:00.564240,BTC
13,2015-11-18 00:00:00+00:00,-1086.8568065019267,-1069.2096610643696,-1079.7559607913597,0.01798431627560704,0.000753727107718066,5,True,252,2600,2,0,0 days 00:00:00.135889,BTC
14,2015-11-23 00:00:00+00:00,-1087.7490114362893,-1070.1018659987321,-1080.6481657257223,0.017957336335438636,0.0007513235201470115,5,True,252,2600,2,0,0 days 00:00:00.579061,BTC
15,2015-11-28 00:00:00+00:00,-1096.3486077737684,-1078.7014623362113,-1089.2477620632014,0.01788041889799093,0.0007258629470922279,5,True,252,2600,2,0,0 days 00:00:00.455579,BTC
16,2015-12-03 00:00:00+00:00,-1102.6924319422305,-1085.0452865046734,-1095.5915862316635,0.01772761788276591,0.0007077922036534972,5,True,252,2600,2,0,0 days 00:00:00.517821,BTC
17,2015-12-08 00:00:00+00:00,-1096.9134933446269,-1079.2663479070698,-1089.8126476340599,0.017917612919063592,0.0007242025058242843,5,True,252,2600,2,0,0 days 00:00:00.290653,BTC
18,2015-12-13 00:00:00+00:00,-1086.99086377235,-1069.3437183347928,-1079.890018061783,0.018109215349396458,0.0007532877843047012,5,True,252,2600,2,0,0 days 00:00:00.303747,BTC
19,2015-12-18 00:00:00+00:00,-1087.2152767856023,-1069.5681313480452,-1080.1144310750353,0.01811508433940027,0.0007525951746106518,5,True,252,2600,2,0,0 days 00:00:00.289742,BTC
20,2015-12-23 00:00:00+00:00,-1088.1524645336372,-1070.50531909608,-1081.0516188230702,0.018148964769772336,0.0007498454292624535,5,True,252,2600,2,0,0 days 00:00:00.266015,BTC
21,2015-12-28 00:00:00+00:00,-1079.1124090186363,-1061.4652635810792,-1072.0115633080693,0.018465100380063482,0.0007772728876108814,5,True,252,2600,2,0,0 days 00:00:00.370103,BTC
22,2016-01-02 00:00:00+00:00,-1081.453582025133,-1063.806436587576,-1074.352736314566,0.018286502085755916,0.0007700583989337822,5,True,252,2600,2,0,0 days 00:00:00.658229,BTC
23,2016-01-07 00:00:00+00:00,-1081.509865478526,-1063.862720040969,-1074.409019767959,0.018186546186870666,0.0007698392529790903,5,True,252,2600,2,0,0 days 00:00:00.529796,BTC
24,2016-01-12 00:00:00+00:00,-1080.3710417293921,-1062.723896291835,-1073.2701960188251,0.018160804173175785,0.0007733947947035012,5,True,252,2600,2,0,0 days 00:00:00.196543,BTC
25,2016-01-17 00:00:00+00:00,-1032.511786263834,-1014.8646408262769,-1025.410940553267,0.01883506222279788,0.000935092611688224,5,True,252,2600,2,0,0 days 00:00:00.991987,BTC
26,2016-01-22 00:00:00+00:00,-1015.3836170096047,-997.7364715720475,-1008.2827712990378,0.019645118254779128,0.0010008571037253284,5,True,252,2600,2,0,0 days 00:00:00.605917,BTC
27,2016-01-27 00:00:00+00:00,-1013.8472276464959,-996.2000822089387,-1006.746381935929,0.019775170189143623,0.0010069679736484966,5,True,252,2600,2,0,0 days 00:00:00.350582,BTC
28,2016-02-01 00:00:00+00:00,-1011.8348154376812,-994.1876700001241,-1004.7339697271143,0.01990810847746336,0.0010150358604190135,5,True,252,2600,2,0,0 days 00:00:00.580273,BTC
29,2016-02-06 00:00:00+00:00,-1009.2344525067117,-991.5873070691546,-1002.1336067961448,0.020147938873775476,0.001025589769428704,5,True,252,2600,2,0,0 days 00:00:00.334442,BTC
30,2016-02-11 00:00:00+00:00,-1010.0342398576884,-992.3870944201312,-1002.9333941471215,0.0200359686057534,0.001022301377528414,5,True,252,2600,2,0,0 days 00:00:00.182430,BTC
31,2016-02-16 00:00:00+00:00,-1007.8088859376523,-990.1617405000952,-1000.7080402270855,0.020359297105913478,0.0010313729998226854,5,True,252,2600,2,0,0 days 00:00:00.172064,BTC
32,2016-02-21 00:00:00+00:00,-1006.2706723573222,-988.623526919765,-999.1698266467553,0.02056139663922629,0.0010377720121032814,5,True,252,2600,2,0,0 days 00:00:00.298294,BTC
33,2016-02-26 00:00:00+00:00,-1008.004703122934,-990.3575576853768,-1000.9038574123671,0.020441960762420185,0.0010305765519936709,5,True,252,2600,2,0,0 days 00:00:00.151829,BTC
34,2016-03-02 00:00:00+00:00,-1007.6639933253374,-990.0168478877803,-1000.5631476147705,0.02043905577543376,0.001031973801134765,5,True,252,2600,2,0,0 days 00:00:00.993198,BTC
35,2016-03-07 00:00:00+00:00,-1007.2509583357177,-989.6038128981605,-1000.1501126251508,0.02051633432635132,0.0010336902191563561,5,True,252,2600,2,0,0 days 00:00:00.240279,BTC
36,2016-03-12 00:00:00+00:00,-1008.1419928793101,-990.494847441753,-1001.0411471687432,0.020380297154020975,0.0010300733368661188,5,True,252,2600,2,0,0 days 00:00:00.657654,BTC
37,2016-03-17 00:00:00+00:00,-1010.2292216857815,-992.5820762482243,-1003.1283759752146,0.020096240431465552,0.0010216603382944365,5,True,252,2600,2,0,0 days 00:00:00.668223,BTC
38,2016-03-22 00:00:00+00:00,-1022.1699189195397,-1004.5227734819825,-1015.0690732089728,0.0192753694454337,0.0009742494173510073,5,True,252,2600,2,0,0 days 00:00:00.774630,BTC
39,2016-03-27 00:00:00+00:00,-1022.5515121569931,-1004.904366719436,-1015.4506664464262,0.019200494446357783,0.0009727661854070482,5,True,252,2600,2,0,0 days 00:00:00.610811,BTC
40,2016-04-01 00:00:00+00:00,-1024.1560934751024,-1006.5089480375452,-1017.0552477645355,0.019072733459395353,0.0009665803020523527,5,True,252,2600,2,0,0 days 00:00:00.439666,BTC
41,2016-04-06 00:00:00+00:00,-1024.7802302159077,-1007.1330847783506,-1017.6793845053409,0.01896946855467591,0.0009641904657003233,5,True,252,2600,2,0,0 days 00:00:00.563841,BTC
42,2016-04-11 00:00:00+00:00,-1025.2581592690922,-1007.611013831535,-1018.1573135585253,0.018846473890465412,0.0009623664861630941,5,True,252,2600,2,0,0 days 00:00:00.533079,BTC
43,2016-04-16 00:00:00+00:00,-1030.6422683555184,-1012.9951229179612,-1023.5414226449515,0.018492054152912635,0.0009420235441905872,5,True,252,2600,2,0,0 days 00:00:00.432943,BTC
44,2016-04-21 00:00:00+00:00,-1031.5655237446908,-1013.9183783071337,-1024.4646780341238,0.018374482761457395,0.0009385647043071685,5,True,252,2600,2,0,0 days 00:00:00.567564,BTC
45,2016-04-26 00:00:00+00:00,-1056.2264870919917,-1038.5793416544345,-1049.1256413814247,0.017906495356061976,0.000851128934834709,5,True,252,2600,2,0,0 days 00:00:00.384493,BTC
46,2016-05-01 00:00:00+00:00,-1054.5679786972792,-1036.920833259722,-1047.4671329867122,0.017893427620699336,0.0008572127888086839,5,True,252,2600,2,0,0 days 00:00:00.427318,BTC
47,2016-05-06 00:00:00+00:00,-1064.7923870724574,-1047.1452416349002,-1057.6915413618904,0.01757507937229807,0.000822629793773875,5,True,252,2600,2,0,0 days 00:00:00.407993,BTC
48,2016-05-11 00:00:00+00:00,-1064.3412147875492,-1046.694069349992,-1057.2403690769822,0.01755231721429441,0.0008241154156777468,5,True,252,2600,2,0,0 days 00:00:00.549221,BTC
49,2016-05-16 00:00:00+00:00,-1065.5516242776334,-1047.9044788400763,-1058.4507785670664,0.017348074207125017,0.0008201730365157324,5,True,252,2600,2,0,0 days 00:00:00.547952,BTC
50,2016-05-21 00:00:00+00:00,-1064.6667227483783,-1047.0195773108212,-1057.5658770378113,0.01734060458456522,0.0008230677815574417,5,True,252,2600,2,0,0 days 00:00:00.747260,BTC
51,2016-05-26 00:00:00+00:00,-1065.5839696192147,-1047.9368241816576,-1058.4831239086477,0.01723430257999107,0.0008200428456854079,5,True,252,2600,2,0,0 days 00:00:00.684428,BTC
52,2016-05-31 00:00:00+00:00,-1052.1262979901262,-1034.479152552569,-1045.0254522795592,0.017752934215151145,0.0008650567957554465,5,True,252,2600,2,0,0 days 00:00:00.786193,BTC
53,2016-06-05 00:00:00+00:00,-1048.8413118709982,-1031.194166433441,-1041.7404661604312,0.017894318546518156,0.0008764233021647473,5,True,252,2600,2,0,0 days 00:00:00.400662,BTC
54,2016-06-10 00:00:00+00:00,-1048.9289055690176,-1031.2817601314605,-1041.8280598584506,0.017916951416719163,0.0008760965803385088,5,True,252,2600,2,0,0 days 00:00:00.653445,BTC
55,2016-06-15 00:00:00+00:00,-1032.6001027754726,-1014.9529573379154,-1025.4992570649056,0.01879745705933918,0.0009347482298651903,5,True,252,2600,2,0,0 days 00:00:00.944459,BTC
56,2016-06-20 00:00:00+00:00,-1015.0894103330277,-997.4422648954705,-1007.9885646224608,0.01952682724502,0.0010019927562068978,5,True,252,2600,2,0,0 days 00:00:00.957799,BTC
57,2016-06-25 00:00:00+00:00,-998.8166381687608,-981.1694927312037,-991.715792458194,0.020301253499864693,0.0010688796883995275,5,True,252,2600,2,0,0 days 00:00:00.879521,BTC
58,2016-06-30 00:00:00+00:00,-994.7582505351169,-977.1111050975597,-987.65740482455,0.0205767563586799,0.0010861956403617526,5,True,252,2600,2,0,0 days 00:00:00.679297,BTC
59,2016-07-05 00:00:00+00:00,-989.2406316247184,-971.5934861871613,-982.1397859141515,0.02091914850533841,0.0011102993864943436,5,True,252,2600,2,0,0 days 00:00:00.471974,BTC
60,2016-07-10 00:00:00+00:00,-991.0476954576056,-973.4005500200485,-983.9468497470388,0.020620372773702655,0.0011028259237346064,5,True,252,2600,2,0,0 days 00:00:00.283341,BTC
61,2016-07-15 00:00:00+00:00,-1014.1864605278934,-996.5393150903362,-1007.0856148173265,0.019465714900295878,0.0010056494255959892,5,True,252,2600,2,0,0 days 00:00:00.316797,BTC
62,2016-07-20 00:00:00+00:00,-1036.7411475458957,-1019.0940021083386,-1029.6403018353287,0.018591981769341653,0.000919694608725368,5,True,252,2600,2,0,0 days 00:00:00.381691,BTC
63,2016-07-25 00:00:00+00:00,-1043.5824496162331,-1025.935304178676,-1036.4816039056661,0.018135695578806253,0.000894906094815403,5,True,252,2600,2,0,0 days 00:00:00.215159,BTC
64,2016-07-30 00:00:00+00:00,-1045.0536657615462,-1027.406520323989,-1037.9528200509792,0.017937223324652866,0.0008897002353642996,5,True,252,2600,2,0,0 days 00:00:00.318269,BTC
65,2016-08-04 00:00:00+00:00,-1026.3980186505366,-1008.7508732129795,-1019.2971729399698,0.018600385411556605,0.0009580618818140372,5,True,252,2600,2,0,0 days 00:00:00.444508,BTC
66,2016-08-09 00:00:00+00:00,-1029.6854789843426,-1012.0383335467855,-1022.5846332737757,0.018344445161431643,0.0009456414227653836,5,True,252,2600,2,0,0 days 00:00:00.349966,BTC
67,2016-08-14 00:00:00+00:00,-1033.1194054333198,-1015.4722599957627,-1026.0185597227528,0.018214643436289573,0.0009328611617804462,5,True,252,2600,2,0,0 days 00:00:00.440028,BTC
68,2016-08-19 00:00:00+00:00,-1043.894355732608,-1026.2472102950508,-1036.793510022041,0.017842437843966746,0.0008938395005463512,5,True,252,2600,2,0,0 days 00:00:00.245406,BTC
69,2016-08-24 00:00:00+00:00,-1048.343471334076,-1030.6963258965188,-1041.242625623509,0.01745234494455265,0.0008781601082804567,5,True,252,2600,2,0,0 days 00:00:00.317997,BTC
70,2016-08-29 00:00:00+00:00,-1050.8380827527114,-1033.1909373151543,-1043.7372370421444,0.01722301002262822,0.0008695072657646938,5,True,252,2600,2,0,0 days 00:00:00.214615,BTC
71,2016-09-03 00:00:00+00:00,-1058.8089511773878,-1041.1618057398307,-1051.7081054668208,0.01686044178102356,0.000842426310258265,5,True,252,2600,2,0,0 days 00:00:00.203223,BTC
72,2016-09-08 00:00:00+00:00,-1058.8352028391264,-1041.1880574015693,-1051.7343571285594,0.0168926472091457,0.000842341836735524,5,True,252,2600,2,0,0 days 00:00:00.313989,BTC
73,2016-09-13 00:00:00+00:00,-1057.7640576986323,-1040.1169122610752,-1050.6632119880653,0.016973048927150597,0.0008459404435780519,5,True,252,2600,2,0,0 days 00:00:00.302781,BTC
74,2016-09-18 00:00:00+00:00,-1062.4635674410433,-1044.8164220034862,-1055.3627217304763,0.016695168061905012,0.0008303104523279154,5,True,252,2600,2,0,0 days 00:00:00.303601,BTC
75,2016-09-23 00:00:00+00:00,-1107.7600899860086,-1090.1129445484514,-1100.6592442754416,0.016091306535120566,0.0006937525011735153,5,True,252,2600,2,0,0 days 00:00:00.276766,BTC
76,2016-09-28 00:00:00+00:00,-1138.2455883069697,-1120.5984428694126,-1131.1447425964027,0.01523156424638673,0.0006146828042971237,5,True,252,2600,2,0,0 days 00:00:00.088424,BTC
77,2016-10-03 00:00:00+00:00,-1150.8715168450271,-1133.22437140747,-1143.7706711344601,0.014639884901864058,0.0005846396638493264,5,True,252,2600,2,0,0 days 00:00:00.327553,BTC
78,2016-10-08 00:00:00+00:00,-1153.6681121850977,-1136.0209667475406,-1146.5672664745307,0.014510330830858611,0.0005781912165137939,5,True,252,2600,2,0,0 days 00:00:00.206024,BTC
79,2016-10-13 00:00:00+00:00,-1157.4504600789842,-1139.803314641427,-1150.3496143684172,0.014336791753262046,0.0005695719349040108,5,True,252,2600,2,0,0 days 00:00:00.230356,BTC
80,2016-10-18 00:00:00+00:00,-1159.2550996351188,-1141.6079541975616,-1152.1542539245518,0.014183369988354191,0.0005655094329750568,5,True,252,2600,2,0,0 days 00:00:00.333382,BTC
81,2016-10-23 00:00:00+00:00,-1160.7935089016844,-1143.1463634641273,-1153.6926631911174,0.014063387596225673,0.0005620697137734253,5,True,252,2600,2,0,0 days 00:00:00.318343,BTC
82,2016-10-28 00:00:00+00:00,-1160.699300674924,-1143.0521552373668,-1153.598454964357,0.014037479534284726,0.0005622872254978012,5,True,252,2600,2,0,0 days 00:00:00.299021,BTC
83,2016-11-02 00:00:00+00:00,-1159.2904510491599,-1141.6433056116027,-1152.1896053385929,0.014148534296733937,0.0005654289125877319,5,True,252,2600,2,0,0 days 00:00:00.219366,BTC
84,2016-11-07 00:00:00+00:00,-1147.3684235441847,-1129.7212781066276,-1140.2675778336177,0.014507968908460523,0.0005928254491898634,5,True,252,2600,2,0,0 days 00:00:00.475767,BTC
85,2016-11-12 00:00:00+00:00,-1151.0626824959172,-1133.41553705836,-1143.9618367853502,0.014288109295487938,0.000584198200740583,5,True,252,2600,2,0,0 days 00:00:00.422341,BTC
86,2016-11-17 00:00:00+00:00,-1149.6075049837443,-1131.9603595461872,-1142.5066592731773,0.014330840043365342,0.00058758151265573,5,True,252,2600,2,0,0 days 00:00:00.318882,BTC
87,2016-11-22 00:00:00+00:00,-1148.2856445504442,-1130.638499112887,-1141.1847988398772,0.014442877924687285,0.0005906709787768154,5,True,252,2600,2,0,0 days 00:00:00.284486,BTC
88,2016-11-27 00:00:00+00:00,-1148.7054945906125,-1131.0583491530554,-1141.6046488800455,0.014469234249666422,0.0005896877920965612,5,True,252,2600,2,0,0 days 00:00:00.342615,BTC
89,2016-12-02 00:00:00+00:00,-1148.1648114735233,-1130.5176660359662,-1141.0639657629563,0.014541620836401408,0.0005909546923104471,5,True,252,2600,2,0,0 days 00:00:00.365203,BTC
90,2016-12-07 00:00:00+00:00,-1148.414325482551,-1130.767180044994,-1141.313479771984,0.01448229129063979,0.0005903699359015559,5,True,252,2600,2,0,0 days 00:00:00.423863,BTC
91,2016-12-12 00:00:00+00:00,-1148.2435986544465,-1130.5964532168894,-1141.1427529438795,0.014514688621083325,0.0005907700460864728,5,True,252,2600,2,0,0 days 00:00:00.381599,BTC
92,2016-12-17 00:00:00+00:00,-1148.2367843418701,-1130.589638904313,-1141.1359386313031,0.014518411807479434,0.0005907860982760859,5,True,252,2600,2,0,0 days 00:00:00.427736,BTC
93,2016-12-22 00:00:00+00:00,-1144.743806209291,-1127.096660771734,-1137.642960498724,0.014736550029347137,0.0005990317156256019,5,True,252,2600,2,0,0 days 00:00:00.868323,BTC
94,2016-12-27 00:00:00+00:00,-1135.4631344643922,-1117.815989026835,-1128.3622887538252,0.015107534060688342,0.000621505290874924,5,True,252,2600,2,0,0 days 00:00:00.545514,BTC
95,2017-01-01 00:00:00+00:00,-1130.6986678530423,-1113.0515224154851,-1123.5978221424753,0.015285562384744522,0.0006333670770620961,5,True,252,2600,2,0,0 days 00:00:00.561712,BTC
96,2017-01-06 00:00:00+00:00,-1082.2175083031111,-1064.570362865554,-1075.1166625925441,0.016453100705135015,0.0007677009187633873,5,True,252,2600,2,0,0 days 00:00:00.412756,BTC
97,2017-01-11 00:00:00+00:00,-1060.0982470454533,-1042.4511016078961,-1052.9974013348863,0.01680352406315663,0.0008381432178715023,5,True,252,2600,2,0,0 days 00:00:00.605838,BTC
98,2017-01-16 00:00:00+00:00,-1059.9164464468463,-1042.2693010092892,-1052.8156007362793,0.016859076940918878,0.000838750065241741,5,True,252,2600,2,0,0 days 00:00:00.524433,BTC
99,2017-01-21 00:00:00+00:00,-1050.9592653739205,-1033.3121199363634,-1043.8584196633535,0.01735830046593066,0.0008690963245056769,5,True,252,2600,2,0,0 days 00:00:00.519568,BTC
100,2017-01-26 00:00:00+00:00,-1050.673034292424,-1033.025888854867,-1043.572188581857,0.01750972880619349,0.0008700870474158169,5,True,252,2600,2,0,0 days 00:00:00.436097,BTC
101,2017-01-31 00:00:00+00:00,-1048.441442838022,-1030.794297400465,-1041.340597127455,0.017652285938644825,0.0008778455533775397,5,True,252,2600,2,0,0 days 00:00:00.364434,BTC
102,2017-02-05 00:00:00+00:00,-1060.73291863358,-1043.085773196023,-1053.632072923013,0.017312172622468768,0.0008360240865095634,5,True,252,2600,2,0,0 days 00:00:00.501096,BTC
103,2017-02-10 00:00:00+00:00,-1060.2472650179047,-1042.6001195803476,-1053.1464193073377,0.01726355350850791,0.0008376124837871374,5,True,252,2600,2,0,0 days 00:00:00.517945,BTC
104,2017-02-15 00:00:00+00:00,-1060.090794560924,-1042.4436491233669,-1052.989948850357,0.01731139077709176,0.0008381764596706224,5,True,252,2600,2,0,0 days 00:00:00.381124,BTC
105,2017-02-20 00:00:00+00:00,-1077.6635347806873,-1060.0163893431302,-1070.5626890701203,0.016773907539003412,0.0007819452601825609,5,True,252,2600,2,0,0 days 00:00:00.338909,BTC
106,2017-02-25 00:00:00+00:00,-1085.9376479580862,-1068.2905025205291,-1078.8368022475192,0.016360439482979668,0.0007567352056806031,5,True,252,2600,2,0,0 days 00:00:00.465713,BTC
107,2017-03-02 00:00:00+00:00,-1117.3416703883759,-1099.6945249508187,-1110.2408246778089,0.01538655043498305,0.0006679961115020313,5,True,252,2600,2,0,0 days 00:00:00.444259,BTC
108,2017-03-07 00:00:00+00:00,-1122.9529516843302,-1105.305806246773,-1115.8521059737632,0.015242194522685356,0.0006531431372604142,5,True,252,2600,2,0,0 days 00:00:00.318357,BTC
109,2017-03-12 00:00:00+00:00,-1107.4749528559546,-1089.8278074183975,-1100.3741071453876,0.015585124242617028,0.000694498814005246,5,True,252,2600,2,0,0 days 00:00:00.271969,BTC
110,2017-03-17 00:00:00+00:00,-1093.848552648375,-1076.201407210818,-1086.747706937808,0.01584826517946926,0.000733066436453702,5,True,252,2600,2,0,0 days 00:00:00.230283,BTC
111,2017-03-22 00:00:00+00:00,-1066.796200559049,-1049.149055121492,-1059.695354848482,0.01687834801060294,0.0008161225968321289,5,True,252,2600,2,0,0 days 00:00:00.415930,BTC
112,2017-03-27 00:00:00+00:00,-1050.512765863541,-1032.865620425984,-1043.411920152974,0.01752329981862981,0.0008705989409338837,5,True,252,2600,2,0,0 days 00:00:00.517784,BTC
113,2017-04-01 00:00:00+00:00,-1049.1550351563346,-1031.5078897187775,-1042.0541894457676,0.01750647617768869,0.0008752994016030364,5,True,252,2600,2,0,0 days 00:00:00.560507,BTC
114,2017-04-06 00:00:00+00:00,-1044.6047161941642,-1026.957570756607,-1037.5038704835972,0.017853155769139338,0.0008912959864244582,5,True,252,2600,2,0,0 days 00:00:00.474058,BTC
115,2017-04-11 00:00:00+00:00,-1065.6461081599796,-1047.9989627224224,-1058.5452624494126,0.017171095321457476,0.0008199740669517267,5,True,252,2600,2,0,0 days 00:00:00.428653,BTC
116,2017-04-16 00:00:00+00:00,-1069.5817293457326,-1051.9345839081755,-1062.4808836351656,0.016967043355426044,0.000807159258004264,5,True,252,2600,2,0,0 days 00:00:00.495236,BTC
117,2017-04-21 00:00:00+00:00,-1069.816895477158,-1052.1697500396008,-1062.716049766591,0.016945032216333707,0.0008064139665244503,5,True,252,2600,2,0,0 days 00:00:00.425549,BTC
118,2017-04-26 00:00:00+00:00,-1070.8116970905644,-1053.1645516530073,-1063.7108513799974,0.016789614677346708,0.0008032203822298375,5,True,252,2600,2,0,0 days 00:00:00.502019,BTC
119,2017-05-01 00:00:00+00:00,-1067.6395371246826,-1049.9923916871255,-1060.5386914141156,0.01705952479797387,0.0008134096652798876,5,True,252,2600,2,0,0 days 00:00:00.531886,BTC
120,2017-05-06 00:00:00+00:00,-1064.0537901995576,-1046.4066447620005,-1056.9529444889906,0.01737238541272519,0.0008251044113944507,5,True,252,2600,2,0,0 days 00:00:00.251283,BTC
121,2017-05-11 00:00:00+00:00,-1057.8419643225589,-1040.1948188850017,-1050.7411186119919,0.017835890894802045,0.0008456989459134551,5,True,252,2600,2,0,0 days 00:00:00.449377,BTC
122,2017-05-16 00:00:00+00:00,-1047.1546265812683,-1029.5074811437112,-1040.0537808707013,0.01814483982964499,0.000882333768609551,5,True,252,2600,2,0,0 days 00:00:00.334565,BTC
123,2017-05-21 00:00:00+00:00,-1043.4439222176788,-1025.7967767801217,-1036.3430765071118,0.01848803791316243,0.0008954242062466157,5,True,252,2600,2,0,0 days 00:00:00.497376,BTC
124,2017-05-26 00:00:00+00:00,-1031.152762807816,-1013.505617370259,-1024.051917097249,0.019324280889593096,0.0009401749094887559,5,True,252,2600,2,0,0 days 00:00:00.630959,BTC
125,2017-05-31 00:00:00+00:00,-1016.8796022147653,-999.2324567772082,-1009.7787565041984,0.02002856748014748,0.0009949605524959039,5,True,252,2600,2,0,0 days 00:00:00.533539,BTC
126,2017-06-05 00:00:00+00:00,-1010.2533874666278,-992.6062420290707,-1003.1525417560609,0.020603765616729944,0.0010214715542723651,5,True,252,2600,2,0,0 days 00:00:00.669386,BTC
127,2017-06-10 00:00:00+00:00,-1000.3388624971121,-982.691717059555,-993.2380167865452,0.021258008138232455,0.0010624431481891998,5,True,252,2600,2,0,0 days 00:00:00.652660,BTC
128,2017-06-15 00:00:00+00:00,-973.2558170149412,-955.608671577384,-966.1549713043743,0.02235016481263582,0.0011830182893206428,5,True,252,2600,2,0,0 days 00:00:00.428330,BTC
129,2017-06-20 00:00:00+00:00,-966.9969492251585,-949.3498037876013,-959.8961035145916,0.02284466635078664,0.0012127647283704875,5,True,252,2600,2,0,0 days 00:00:00.334332,BTC
130,2017-06-25 00:00:00+00:00,-963.2699874370549,-945.6228419994977,-956.169141726488,0.023240444488085772,0.0012308328319238072,5,True,252,2600,2,0,0 days 00:00:00.318943,BTC
131,2017-06-30 00:00:00+00:00,-957.6364191272598,-939.9892736897027,-950.535573416693,0.023725029114423743,0.0012586606125585523,5,True,252,2600,2,0,0 days 00:00:00.501186,BTC
132,2017-07-05 00:00:00+00:00,-957.9097831349546,-940.2626376973975,-950.8089374243878,0.023718317843392324,0.0012572796129012567,5,True,252,2600,2,0,0 days 00:00:00.746977,BTC
133,2017-07-10 00:00:00+00:00,-951.7894819148072,-934.1423364772501,-944.6886362042403,0.024187393420911477,0.0012882088750030152,5,True,252,2600,2,0,0 days 00:00:00.396551,BTC
134,2017-07-15 00:00:00+00:00,-942.9027923609968,-925.2556469234397,-935.80194665043,0.024734851880431685,0.001334444861937774,5,True,252,2600,2,0,0 days 00:00:00.393870,BTC
135,2017-07-20 00:00:00+00:00,-889.6297810776181,-871.982635640061,-882.5289353670512,0.026076149652700453,0.0016485499543325971,5,True,252,2600,2,0,0 days 00:00:00.197399,BTC
136,2017-07-25 00:00:00+00:00,-879.5417063744954,-861.8945609369383,-872.4408606639286,0.027056029662348546,0.001715915727121136,5,True,252,2600,2,0,0 days 00:00:00.261556,BTC
137,2017-07-30 00:00:00+00:00,-877.7635785962793,-860.1164331587222,-870.6627328857124,0.02718240803326504,0.0017280552997313017,5,True,252,2600,2,0,0 days 00:00:00.422859,BTC
138,2017-08-04 00:00:00+00:00,-874.851096818163,-857.2039513806059,-867.7502511075961,0.027601217447882766,0.001748138341239669,5,True,252,2600,2,0,0 days 00:00:00.397121,BTC
139,2017-08-09 00:00:00+00:00,-864.8869589513279,-847.2398135137707,-857.786113240761,0.02829550601457613,0.0018186528083236001,5,True,252,2600,2,0,0 days 00:00:00.653283,BTC
140,2017-08-14 00:00:00+00:00,-859.3236390482746,-841.6764936107174,-852.2227933377077,0.028992619172610208,0.0018592585069894167,5,True,252,2600,2,0,0 days 00:00:00.308445,BTC
141,2017-08-19 00:00:00+00:00,-855.7335377334764,-838.0863922959193,-848.6326920229095,0.029589230140264742,0.0018859324481451778,5,True,252,2600,2,0,0 days 00:00:00.209706,BTC
142,2017-08-24 00:00:00+00:00,-854.4462712796433,-836.7991258420861,-847.3454255690764,0.029863648539119526,0.001895590142646126,5,True,252,2600,2,0,0 days 00:00:00.230129,BTC
143,2017-08-29 00:00:00+00:00,-853.4998191563471,-835.85267371879,-846.3989734457803,0.03005421428623169,0.0019027304728872411,5,True,252,2600,2,0,0 days 00:00:00.502138,BTC
144,2017-09-03 00:00:00+00:00,-853.4387787731625,-835.7916333356054,-846.3379330625957,0.030042747273800477,0.0019031830478869662,5,True,252,2600,2,0,0 days 00:00:00.333303,BTC
145,2017-09-08 00:00:00+00:00,-851.7924693697469,-834.1453239321897,-844.69162365918,0.03028271601068667,0.001915660346026755,5,True,252,2600,2,0,0 days 00:00:00.343886,BTC
146,2017-09-13 00:00:00+00:00,-852.3761933864016,-834.7290479488445,-845.2753476758347,0.030611866624493847,0.0019113385039576563,5,True,252,2600,2,0,0 days 00:00:00.266594,BTC
147,2017-09-18 00:00:00+00:00,-839.1715195254653,-821.5243740879082,-832.0706738148984,0.030891794783558153,0.002014031033937415,5,True,252,2600,2,0,0 days 00:00:00.397379,BTC
148,2017-09-23 00:00:00+00:00,-843.8458372105966,-826.1986917730395,-836.7449915000298,0.03097887458815988,0.0019770101949702096,5,True,252,2600,2,0,0 days 00:00:00.276913,BTC
149,2017-09-28 00:00:00+00:00,-842.2105834166181,-824.563437979061,-835.1097377060512,0.03130198124707466,0.0019898743956756875,5,True,252,2600,2,0,0 days 00:00:00.333929,BTC
150,2017-10-03 00:00:00+00:00,-842.5285081204552,-824.881362682898,-835.4276624098883,0.03123999883582594,0.0019873597824957116,5,True,252,2600,2,0,0 days 00:00:00.397539,BTC
151,2017-10-08 00:00:00+00:00,-841.6416427901494,-823.9944973525922,-834.5407970795825,0.03144856703603217,0.001994369418796181,5,True,252,2600,2,0,0 days 00:00:00.422859,BTC
152,2017-10-13 00:00:00+00:00,-835.0275688015585,-817.3804233640013,-827.9267230909916,0.03189854212453662,0.002047414955721965,5,True,252,2600,2,0,0 days 00:00:00.518287,BTC
153,2017-10-18 00:00:00+00:00,-834.6900048980028,-817.0428594604457,-827.5891591874359,0.032168065702283206,0.0020500117636805992,5,True,252,2600,2,0,0 days 00:00:00.306904,BTC
154,2017-10-23 00:00:00+00:00,-835.2752798563349,-817.6281344187778,-828.174434145768,0.0319156334038896,0.002045410485536429,5,True,252,2600,2,0,0 days 00:00:00.502280,BTC
155,2017-10-28 00:00:00+00:00,-831.8710562529313,-814.2239108153742,-824.7702105423645,0.03244557456120039,0.002073222381614444,5,True,252,2600,2,0,0 days 00:00:00.334416,BTC
156,2017-11-02 00:00:00+00:00,-829.2665498654226,-811.6194044278654,-822.1657041548557,0.032737342734798024,0.002094772335038997,5,True,252,2600,2,0,0 days 00:00:00.622114,BTC
157,2017-11-07 00:00:00+00:00,-827.2999460324386,-809.6528005948815,-820.1991003218717,0.03300234970622406,0.0021111879746723637,5,True,252,2600,2,0,0 days 00:00:00.443751,BTC
158,2017-11-12 00:00:00+00:00,-818.0494616371984,-800.4023161996413,-810.9486159266315,0.033941496083963435,0.0021901377682254555,5,True,252,2600,2,0,0 days 00:00:00.438680,BTC
159,2017-11-17 00:00:00+00:00,-815.2728506238177,-797.6257051862606,-808.1720049132508,0.034116304498305765,0.002214414630176289,5,True,252,2600,2,0,0 days 00:00:00.596084,BTC
160,2017-11-22 00:00:00+00:00,-816.4623770602,-798.8152316226428,-809.3615313496331,0.0339755457991021,0.0022039973374339164,5,True,252,2600,2,0,0 days 00:00:00.428304,BTC
161,2017-11-27 00:00:00+00:00,-826.6175827777553,-808.9704373401981,-819.5167370671884,0.03337152391983323,0.002116955451357652,5,True,252,2600,2,0,0 days 00:00:00.490829,BTC
162,2017-12-02 00:00:00+00:00,-832.9197187120412,-815.2725732744841,-825.8188730014743,0.03269909598857591,0.0020646289354908373,5,True,252,2600,2,0,0 days 00:00:00.400809,BTC
163,2017-12-07 00:00:00+00:00,-802.1493627521729,-784.5022173146158,-795.048517041606,0.03407986856945782,0.0023327606137218586,5,True,252,2600,2,0,0 days 00:00:00.477427,BTC
164,2017-12-12 00:00:00+00:00,-795.7658779242734,-778.1187324867162,-788.6650322137065,0.03459754574993854,0.0023924248284696126,5,True,252,2600,2,0,0 days 00:00:00.318642,BTC
165,2017-12-17 00:00:00+00:00,-790.5791054230822,-772.931959985525,-783.4782597125153,0.035155203732804216,0.0024421329926138623,5,True,252,2600,2,0,0 days 00:00:00.393818,BTC
166,2017-12-22 00:00:00+00:00,-781.6425119121654,-763.9953664746083,-774.5416662015986,0.03607642255528836,0.002526655465642473,5,True,252,2600,2,0,0 days 00:00:00.496143,BTC
167,2017-12-27 00:00:00+00:00,-770.5590193768096,-752.9118739392525,-763.4581736662427,0.03744200318002419,0.002644317313306548,5,True,252,2600,2,0,0 days 00:00:00.264466,BTC
168,2018-01-01 00:00:00+00:00,-759.533587442501,-741.8864420049439,-752.4327417319341,0.03855919908720532,0.002762596813038592,5,True,252,2600,2,0,0 days 00:00:00.334548,BTC
169,2018-01-06 00:00:00+00:00,-753.4918594299155,-735.8447139923584,-746.3910137193486,0.03920157484951038,0.00282963606966705,5,True,252,2600,2,0,0 days 00:00:00.292867,BTC
170,2018-01-11 00:00:00+00:00,-744.4507391594764,-726.8035937219192,-737.3498934489095,0.04012934897558441,0.0029329978807693157,5,True,252,2600,2,0,0 days 00:00:00.303135,BTC
171,2018-01-16 00:00:00+00:00,-734.8598304903005,-717.2126850527434,-727.7589847797336,0.04083179979993141,0.0030467785696195906,5,True,252,2600,2,0,0 days 00:00:00.271945,BTC
172,2018-01-21 00:00:00+00:00,-731.0863386798505,-713.4391932422934,-723.9854929692837,0.0410993494970451,0.0030927451011113194,5,True,252,2600,2,0,0 days 00:00:00.427674,BTC
173,2018-01-26 00:00:00+00:00,-730.5686620595586,-712.9215166220015,-723.4678163489917,0.04112164940630545,0.003098990539250151,5,True,252,2600,2,0,0 days 00:00:00.136035,BTC
174,2018-01-31 00:00:00+00:00,-728.1905280879299,-710.5433826503728,-721.089682377363,0.041050539048719185,0.003128484735121459,5,True,252,2600,2,0,0 days 00:00:00.318206,BTC
175,2018-02-05 00:00:00+00:00,-712.9830687374132,-695.3359232998561,-705.8822230268463,0.042096497210837205,0.0033230888699466083,5,True,252,2600,2,0,0 days 00:00:00.335067,BTC
176,2018-02-10 00:00:00+00:00,-708.8825767844643,-691.2354313469071,-701.7817310738974,0.04246718064073527,0.0033776087928288367,5,True,252,2600,2,0,0 days 00:00:00.292789,BTC
177,2018-02-15 00:00:00+00:00,-705.0160736203732,-687.368928182816,-697.9152279098063,0.042925983583374475,0.0034298347275305363,5,True,252,2600,2,0,0 days 00:00:00.501192,BTC
178,2018-02-20 00:00:00+00:00,-705.2749875226248,-687.6278420850676,-698.1741418120579,0.04309646857243235,0.0034263173812376668,5,True,252,2600,2,0,0 days 00:00:00.779681,BTC
179,2018-02-25 00:00:00+00:00,-706.8270440733316,-689.1798986357745,-699.7261983627648,0.04300587074106033,0.0034052758522716245,5,True,252,2600,2,0,0 days 00:00:00.630172,BTC
180,2018-03-02 00:00:00+00:00,-705.6059205377799,-687.9587751002227,-698.505074827213,0.04320285636864327,0.00342181702254944,5,True,252,2600,2,0,0 days 00:00:00.445909,BTC
181,2018-03-07 00:00:00+00:00,-706.5237449925845,-688.8765995550274,-699.4228992820176,0.04306044835392014,0.0034091298848782856,5,True,252,2600,2,0,0 days 00:00:00.913802,BTC
182,2018-03-12 00:00:00+00:00,-701.1619035666329,-683.5147581290757,-694.061057856066,0.04384672949025273,0.003482663665269448,5,True,252,2600,2,0,0 days 00:00:00.607148,BTC
183,2018-03-17 00:00:00+00:00,-697.303216723481,-679.6560712859239,-690.2023710129141,0.044178977396654336,0.0035364326863842515,5,True,252,2600,2,0,0 days 00:00:00.276146,BTC
184,2018-03-22 00:00:00+00:00,-698.2661872561465,-680.6190418185894,-691.1653415455796,0.04409393804584863,0.0035229536597830504,5,True,252,2600,2,0,0 days 00:00:00.274347,BTC
185,2018-03-27 00:00:00+00:00,-709.4167954235703,-691.7696499860132,-702.3159497130034,0.043231694749920696,0.0033708790176215165,5,True,252,2600,2,0,0 days 00:00:00.791509,BTC
186,2018-04-01 00:00:00+00:00,-725.8405909422968,-708.1934455047397,-718.7397452317299,0.042250179310295476,0.0031576754848345458,5,True,252,2600,2,0,0 days 00:00:00.612831,BTC
187,2018-04-06 00:00:00+00:00,-725.1823298702994,-707.5351844327423,-718.0814841597326,0.042321440595407385,0.0031659003249343565,5,True,252,2600,2,0,0 days 00:00:00.526185,BTC
188,2018-04-11 00:00:00+00:00,-725.1121173291608,-707.4649718916037,-718.0112716185939,0.04218310121895292,0.0031669164649148077,5,True,252,2600,2,0,0 days 00:00:00.329769,BTC
189,2018-04-16 00:00:00+00:00,-724.7721374222316,-707.1249919846745,-717.6712917116647,0.04213250347539334,0.003171194930798328,5,True,252,2600,2,0,0 days 00:00:00.584982,BTC
190,2018-04-21 00:00:00+00:00,-725.179303547552,-707.5321581099948,-718.0784578369851,0.04196983320058383,0.0031660925517305394,5,True,252,2600,2,0,0 days 00:00:00.302580,BTC
191,2018-04-26 00:00:00+00:00,-723.3259102921825,-705.6787648546253,-716.2250645816156,0.04205116411611206,0.0031894664828427672,5,True,252,2600,2,0,0 days 00:00:00.344663,BTC
192,2018-05-01 00:00:00+00:00,-723.1079725028036,-705.4608270652465,-716.0071267922367,0.04209718129784086,0.003192221530308471,5,True,252,2600,2,0,0 days 00:00:00.285890,BTC
193,2018-05-06 00:00:00+00:00,-722.4411570054056,-704.7940115678484,-715.3403112948387,0.042254082987793436,0.0032006806541465174,5,True,252,2600,2,0,0 days 00:00:00.299483,BTC
194,2018-05-11 00:00:00+00:00,-721.5503366829619,-703.9031912454047,-714.449490972395,0.04239039985349737,0.0032120227300651877,5,True,252,2600,2,0,0 days 00:00:00.334383,BTC
195,2018-05-16 00:00:00+00:00,-723.2155967972308,-705.5684513596736,-716.1147510866639,0.04207901872390651,0.0031908575892165753,5,True,252,2600,2,0,0 days 00:00:00.334512,BTC
196,2018-05-21 00:00:00+00:00,-723.709088243794,-706.0619428062369,-716.6082425332271,0.04210164417587666,0.0031846180638834616,5,True,252,2600,2,0,0 days 00:00:00.428279,BTC
197,2018-05-26 00:00:00+00:00,-740.3174207895888,-722.6702753520317,-733.2165750790219,0.041182971119447395,0.002981451696602025,5,True,252,2600,2,0,0 days 00:00:00.592879,BTC
198,2018-05-31 00:00:00+00:00,-744.8558938617645,-727.2087484242073,-737.7550481511976,0.04071937756736317,0.002928011132580604,5,True,252,2600,2,0,0 days 00:00:00.275865,BTC
199,2018-06-05 00:00:00+00:00,-746.0713327620413,-728.4241873244841,-738.9704870514744,0.040286344826307253,0.002914228129432162,5,True,252,2600,2,0,0 days 00:00:00.286166,BTC
200,2018-06-10 00:00:00+00:00,-744.9273275211672,-727.28018208361,-737.8264818106003,0.04029772133763586,0.0029274185650973823,5,True,252,2600,2,0,0 days 00:00:00.261019,BTC
201,2018-06-15 00:00:00+00:00,-742.4429379363021,-724.795792498745,-735.3420922257352,0.04080551886912739,0.0029564302534890357,5,True,252,2600,2,0,0 days 00:00:00.395780,BTC
202,2018-06-20 00:00:00+00:00,-743.3359489074863,-725.6888034699292,-736.2351031969195,0.04068183472319408,0.0029460910354165357,5,True,252,2600,2,0,0 days 00:00:00.895204,BTC
203,2018-06-25 00:00:00+00:00,-744.6264472176949,-726.9793017801378,-737.525601507128,0.04042816510446952,0.002930938728410413,5,True,252,2600,2,0,0 days 00:00:00.381423,BTC
204,2018-06-30 00:00:00+00:00,-743.3739397141297,-725.7267942765726,-736.2730940035628,0.04068094951845788,0.0029455390039444954,5,True,252,2600,2,0,0 days 00:00:00.298517,BTC
205,2018-07-05 00:00:00+00:00,-745.2649172440031,-727.617771806446,-738.1640715334362,0.04044642113859303,0.0029234394384109468,5,True,252,2600,2,0,0 days 00:00:00.311910,BTC
206,2018-07-10 00:00:00+00:00,-746.5031644644143,-728.8560190268572,-739.4023187538475,0.04024536146890846,0.002909162180448563,5,True,252,2600,2,0,0 days 00:00:00.403153,BTC
207,2018-07-15 00:00:00+00:00,-748.0005565381429,-730.3534111005857,-740.899710827576,0.039946487562727194,0.002891975726667302,5,True,252,2600,2,0,0 days 00:00:00.492865,BTC
208,2018-07-20 00:00:00+00:00,-749.783129654825,-732.1359842172678,-742.6822839442581,0.039616780641185685,0.0028716873814074837,5,True,252,2600,2,0,0 days 00:00:00.760740,BTC
209,2018-07-25 00:00:00+00:00,-755.4464714600656,-737.7993260225085,-748.3456257494987,0.03897214239589253,0.0028077786322103157,5,True,252,2600,2,0,0 days 00:00:00.564177,BTC
210,2018-07-30 00:00:00+00:00,-757.3481280713146,-739.7009826337575,-750.2472823607477,0.03866695888505154,0.002786655761516578,5,True,252,2600,2,0,0 days 00:00:00.397898,BTC
211,2018-08-04 00:00:00+00:00,-757.2189108413079,-739.5717654037508,-750.118065130741,0.038666096041658396,0.00278809848275154,5,True,252,2600,2,0,0 days 00:00:00.453809,BTC
212,2018-08-09 00:00:00+00:00,-756.9117316492209,-739.2645862116638,-749.810885938654,0.03877570126737029,0.002791502926697209,5,True,252,2600,2,0,0 days 00:00:00.381327,BTC
213,2018-08-14 00:00:00+00:00,-759.396578038231,-741.7494326006739,-752.2957323276642,0.03846722482049306,0.0027641075234475935,5,True,252,2600,2,0,0 days 00:00:00.405578,BTC
214,2018-08-19 00:00:00+00:00,-793.9175186698589,-776.2703732323017,-786.816672959292,0.036445807243070165,0.0024107269235683062,5,True,252,2600,2,0,0 days 00:00:01.100116,BTC
215,2018-08-24 00:00:00+00:00,-801.3119261664459,-783.6647807288888,-794.211080455879,0.03618593984246913,0.0023408667710266206,5,True,252,2600,2,0,0 days 00:00:01.263904,BTC
216,2018-08-29 00:00:00+00:00,-809.4853491280587,-791.8382036905016,-802.3845034174918,0.03534600612583502,0.002265955934303368,5,True,252,2600,2,0,0 days 00:00:00.762461,BTC
217,2018-09-03 00:00:00+00:00,-816.3998941004263,-798.7527486628692,-809.2990483898594,0.03449507700849962,0.002204805648333194,5,True,252,2600,2,0,0 days 00:00:00.410921,BTC
218,2018-09-08 00:00:00+00:00,-826.3756708231517,-808.7285253855946,-819.2748251125848,0.0340270536884514,0.0021190810188287663,5,True,252,2600,2,0,0 days 00:00:00.759722,BTC
219,2018-09-13 00:00:00+00:00,-832.941649946227,-815.2945045086699,-825.8408042356601,0.03343742000626882,0.002064678742850857,5,True,252,2600,2,0,0 days 00:00:01.001668,BTC
220,2018-09-18 00:00:00+00:00,-844.0370790507993,-826.3899336132422,-836.9362333402324,0.03247568015123315,0.0019756430931117987,5,True,252,2600,2,0,0 days 00:00:00.502785,BTC
221,2018-09-23 00:00:00+00:00,-850.7738234493861,-833.126678011829,-843.6729777388192,0.03180369865981126,0.0019237357720381374,5,True,252,2600,2,0,0 days 00:00:00.444749,BTC
222,2018-09-28 00:00:00+00:00,-864.8538582923725,-847.2067128548154,-857.7530125818056,0.03109899739865842,0.0018195011070081056,5,True,252,2600,2,0,0 days 00:00:00.470938,BTC
223,2018-10-03 00:00:00+00:00,-881.5197885094565,-863.8726430718993,-874.4189427988896,0.029901142313872628,0.0017023546556446192,5,True,252,2600,2,0,0 days 00:00:00.365034,BTC
224,2018-10-08 00:00:00+00:00,-883.5712550715629,-865.9241096340057,-876.470409360996,0.02937619353654755,0.001694152836395141,5,True,252,2600,2,0,0 days 00:00:00.517372,BTC
225,2018-10-13 00:00:00+00:00,-896.900146410979,-879.2530009734219,-889.7993007004121,0.028807977857324325,0.0016038481611772956,5,True,252,2600,2,0,0 days 00:00:00.318830,BTC
226,2018-10-18 00:00:00+00:00,-939.0461615547354,-921.3990161171782,-931.9453158441685,0.026969684236998633,0.001355094504846691,5,True,252,2600,2,0,0 days 00:00:00.350211,BTC
227,2018-10-23 00:00:00+00:00,-949.9994174964697,-932.3522720589126,-942.8985717859028,0.02612760625964974,0.001298273882650489,5,True,252,2600,2,0,0 days 00:00:00.504058,BTC
228,2018-10-28 00:00:00+00:00,-970.298257787755,-952.6511123501979,-963.1974120771881,0.02489743719468104,0.0011971054361005888,5,True,252,2600,2,0,0 days 00:00:00.168662,BTC
229,2018-11-02 00:00:00+00:00,-983.8317568230229,-966.1846113854658,-976.730911112456,0.024067863657916886,0.0011343880421165542,5,True,252,2600,2,0,0 days 00:00:00.179261,BTC
230,2018-11-07 00:00:00+00:00,-992.1072825398533,-974.4601371022961,-985.0064368292864,0.02349446303700856,0.0010978488464842542,5,True,252,2600,2,0,0 days 00:00:00.292259,BTC
231,2018-11-12 00:00:00+00:00,-996.1781926508346,-978.5310472132775,-989.0773469402677,0.023165386721370217,0.0010806344982107114,5,True,252,2600,2,0,0 days 00:00:00.224245,BTC
232,2018-11-17 00:00:00+00:00,-998.037231495056,-980.3900860574988,-990.9363857844891,0.02262847793244291,0.0010725458562812072,5,True,252,2600,2,0,0 days 00:00:00.140850,BTC
233,2018-11-22 00:00:00+00:00,-980.8088041544357,-963.1616587168786,-973.7079584438688,0.023253882689109585,0.0011481094636476728,5,True,252,2600,2,0,0 days 00:00:00.304897,BTC
234,2018-11-27 00:00:00+00:00,-974.7462048007924,-957.0990593632353,-967.6453590902255,0.023444263516331488,0.0011758249253148974,5,True,252,2600,2,0,0 days 00:00:00.379527,BTC
235,2018-12-02 00:00:00+00:00,-958.1893304754847,-940.5421850379275,-951.0884847649178,0.02395598123146158,0.001255970122553884,5,True,252,2600,2,0,0 days 00:00:00.171666,BTC
236,2018-12-07 00:00:00+00:00,-961.766799237013,-944.1196537994558,-954.6659535264461,0.023898014927943367,0.0012381763182820868,5,True,252,2600,2,0,0 days 00:00:00.361426,BTC
237,2018-12-12 00:00:00+00:00,-968.4373299295551,-950.7901844919979,-961.3364842189882,0.02357280208000289,0.001205794327710612,5,True,252,2600,2,0,0 days 00:00:00.335151,BTC
238,2018-12-17 00:00:00+00:00,-962.3958403974057,-944.7486949598485,-955.2949946868388,0.02374188027461639,0.00123538190243309,5,True,252,2600,2,0,0 days 00:00:00.470128,BTC
239,2018-12-22 00:00:00+00:00,-962.1441539272876,-944.4970084897304,-955.0433082167207,0.024084483686169295,0.0012363909477347953,5,True,252,2600,2,0,0 days 00:00:00.198684,BTC
240,2018-12-27 00:00:00+00:00,-962.2518225015833,-944.6046770640262,-955.1509767910164,0.023903976898618316,0.0012360370738538312,5,True,252,2600,2,0,0 days 00:00:00.303233,BTC
241,2019-01-01 00:00:00+00:00,-963.9183532884883,-946.2712078509312,-956.8175075779214,0.023853919860949067,0.0012281878107812366,5,True,252,2600,2,0,0 days 00:00:00.213538,BTC
242,2019-01-06 00:00:00+00:00,-968.2489292729765,-950.6017838354194,-961.1480835624096,0.023532216338480547,0.001206634957931896,5,True,252,2600,2,0,0 days 00:00:00.175246,BTC
243,2019-01-11 00:00:00+00:00,-964.4928119023891,-946.845666464832,-957.3919661918222,0.023614954573541746,0.0012247524473088976,5,True,252,2600,2,0,0 days 00:00:00.159311,BTC
244,2019-01-16 00:00:00+00:00,-963.4843807570971,-945.83723531954,-956.3835350465303,0.023630786677978636,0.0012299260361125963,5,True,252,2600,2,0,0 days 00:00:00.245827,BTC
245,2019-01-21 00:00:00+00:00,-967.6246705550193,-949.9775251174622,-960.5238248444524,0.023297047971251813,0.0012096043696437383,5,True,252,2600,2,0,0 days 00:00:00.349861,BTC
246,2019-01-26 00:00:00+00:00,-969.259316032276,-951.6121705947189,-962.1584703217092,0.022965761764539617,0.0012018844298087032,5,True,252,2600,2,0,0 days 00:00:00.501648,BTC
247,2019-01-31 00:00:00+00:00,-975.1071235610475,-957.4599781234904,-968.0062778504806,0.02251316368495881,0.0011741808332407073,5,True,252,2600,2,0,0 days 00:00:00.455261,BTC
248,2019-02-05 00:00:00+00:00,-977.5069005575468,-959.8597551199897,-970.4060548469799,0.022315936313940736,0.0011630545039070966,5,True,252,2600,2,0,0 days 00:00:00.563540,BTC
249,2019-02-10 00:00:00+00:00,-972.5778285838162,-954.9306831462591,-965.4769828732493,0.022486143825965966,0.0011860931661087494,5,True,252,2600,2,0,0 days 00:00:00.419620,BTC
250,2019-02-15 00:00:00+00:00,-973.4969020145782,-955.849756577021,-966.3960563040113,0.02232388728796685,0.0011823416437745716,5,True,252,2600,2,0,0 days 00:00:00.478997,BTC
251,2019-02-20 00:00:00+00:00,-980.33153371091,-962.6843882733529,-973.2306880003431,0.02189713722876732,0.001150387617114171,5,True,252,2600,2,0,0 days 00:00:00.366366,BTC
252,2019-02-25 00:00:00+00:00,-975.9167578169796,-958.2696123794225,-968.8159121064127,0.022080728817004566,0.0011704628650447792,5,True,252,2600,2,0,0 days 00:00:00.302978,BTC
253,2019-03-02 00:00:00+00:00,-985.3755028597159,-967.7283574221588,-978.274657149149,0.02154003553806417,0.0011273076017918702,5,True,252,2600,2,0,0 days 00:00:00.418552,BTC
254,2019-03-07 00:00:00+00:00,-985.9778290258583,-968.3306835883012,-978.8769833152915,0.021480268979987487,0.0011249798363309428,5,True,252,2600,2,0,0 days 00:00:00.376118,BTC
255,2019-03-12 00:00:00+00:00,-990.9457358954189,-973.2985904578618,-983.844890184852,0.021082204867209464,0.0011026745962546553,5,True,252,2600,2,0,0 days 00:00:00.391371,BTC
256,2019-03-17 00:00:00+00:00,-991.2663641162806,-973.6192186787234,-984.1655184057137,0.021019636890169124,0.0011014105413196962,5,True,252,2600,2,0,0 days 00:00:00.474977,BTC
257,2019-03-22 00:00:00+00:00,-994.3102393641656,-976.6630939266084,-987.2093936535987,0.02079149876059953,0.0010881593529508333,5,True,252,2600,2,0,0 days 00:00:00.341910,BTC
258,2019-03-27 00:00:00+00:00,-1001.4444935179482,-983.7973480803911,-994.3436478073813,0.02032244769580681,0.0010577775135683627,5,True,252,2600,2,0,0 days 00:00:00.373896,BTC
259,2019-04-01 00:00:00+00:00,-1007.5717103231791,-989.924564885622,-1000.4708646126122,0.020052214937473802,0.0010331019864910733,5,True,252,2600,2,0,0 days 00:00:00.486830,BTC
260,2019-04-06 00:00:00+00:00,-983.1926840768508,-965.5455386392937,-976.0918383662839,0.020405438343165425,0.0011371775159511649,5,True,252,2600,2,0,0 days 00:00:00.422826,BTC
261,2019-04-11 00:00:00+00:00,-984.5309153437869,-966.8837699062298,-977.43006963322,0.02056470950139643,0.0011312384870710882,5,True,252,2600,2,0,0 days 00:00:00.443905,BTC
262,2019-04-16 00:00:00+00:00,-987.8831204485289,-970.2359750109717,-980.782274737962,0.020359386184667226,0.0011166580988534135,5,True,252,2600,2,0,0 days 00:00:00.254844,BTC
263,2019-04-21 00:00:00+00:00,-995.9572533201816,-978.3101078826245,-988.8564076096147,0.019706254704932754,0.0010809494259676456,5,True,252,2600,2,0,0 days 00:00:00.429603,BTC
264,2019-04-26 00:00:00+00:00,-990.9765546498327,-973.3294092122756,-983.8757089392658,0.019858831245043472,0.001102456770337796,5,True,252,2600,2,0,0 days 00:00:00.381421,BTC
265,2019-05-01 00:00:00+00:00,-995.1643697428066,-977.5172243052494,-988.0635240322397,0.019620064431901847,0.001084450208156793,5,True,252,2600,2,0,0 days 00:00:00.350047,BTC
266,2019-05-06 00:00:00+00:00,-994.3782805998745,-976.7311351623174,-987.2774348893076,0.019642927790200916,0.001087805321606867,5,True,252,2600,2,0,0 days 00:00:00.413935,BTC
267,2019-05-11 00:00:00+00:00,-978.2586642580634,-960.6115188205063,-971.1578185474965,0.020342488688873443,0.0011597810297949934,5,True,252,2600,2,0,0 days 00:00:00.484660,BTC
268,2019-05-16 00:00:00+00:00,-976.7362825693484,-959.0891371317913,-969.6354368587815,0.020512462366383554,0.0011665584664393408,5,True,252,2600,2,0,0 days 00:00:00.318702,BTC
269,2019-05-21 00:00:00+00:00,-958.942173937195,-941.2950284996379,-951.8413282266281,0.021208767697787366,0.0012519459627382888,5,True,252,2600,2,0,0 days 00:00:00.151648,BTC
270,2019-05-26 00:00:00+00:00,-952.8618712882319,-935.2147258506748,-945.761025577665,0.02174807863640562,0.0012821926403071798,5,True,252,2600,2,0,0 days 00:00:00.366033,BTC
271,2019-05-31 00:00:00+00:00,-952.7178817948379,-935.0707363572808,-945.617036084271,0.021716177345238515,0.0012829981249281076,5,True,252,2600,2,0,0 days 00:00:00.486478,BTC
272,2019-06-05 00:00:00+00:00,-945.4441020660942,-927.796956628537,-938.3432563555273,0.02220076069133484,0.0013208288456560342,5,True,252,2600,2,0,0 days 00:00:00.441486,BTC
273,2019-06-10 00:00:00+00:00,-943.08447264816,-925.4373272106029,-935.9836269375932,0.022450841778021632,0.001333172723099963,5,True,252,2600,2,0,0 days 00:00:00.393997,BTC
274,2019-06-15 00:00:00+00:00,-940.2786313227768,-922.6314858852197,-933.17778561221,0.022761511442445054,0.0013481736758359395,5,True,252,2600,2,0,0 days 00:00:00.428487,BTC
275,2019-06-20 00:00:00+00:00,-941.2136187079175,-923.5664732703603,-934.1127729973506,0.022885096406245486,0.0013431308558491475,5,True,252,2600,2,0,0 days 00:00:00.411153,BTC
276,2019-06-25 00:00:00+00:00,-935.836472631048,-918.1893271934908,-928.7356269204811,0.023352540026792556,0.0013718972449637788,5,True,252,2600,2,0,0 days 00:00:00.360070,BTC
277,2019-06-30 00:00:00+00:00,-901.9400374583442,-884.2928920207871,-894.8391917477774,0.025069526642656527,0.0015695631421203517,5,True,252,2600,2,0,0 days 00:00:00.399768,BTC
278,2019-07-05 00:00:00+00:00,-890.7338184994373,-873.0866730618802,-883.6329727888705,0.02610039948169808,0.0016408702448361704,5,True,252,2600,2,0,0 days 00:00:00.230140,BTC
279,2019-07-10 00:00:00+00:00,-886.333531827687,-868.6863863901299,-879.2326861171201,0.02662525978380355,0.0016698441334892806,5,True,252,2600,2,0,0 days 00:00:00.248115,BTC
280,2019-07-15 00:00:00+00:00,-870.5113565323093,-852.8642110947521,-863.4105108217424,0.027821049855818167,0.0017784138846522056,5,True,252,2600,2,0,0 days 00:00:00.222953,BTC
281,2019-07-20 00:00:00+00:00,-857.2957536238855,-839.6486081863284,-850.1949079133186,0.028611848113066166,0.0018736705621590856,5,True,252,2600,2,0,0 days 00:00:00.411615,BTC
282,2019-07-25 00:00:00+00:00,-861.4814537440765,-843.8343083065193,-854.3806080335096,0.028531319605319152,0.001843316161525625,5,True,252,2600,2,0,0 days 00:00:00.400600,BTC
283,2019-07-30 00:00:00+00:00,-881.0219709447376,-863.3748255071805,-873.9211252341707,0.02764269994252878,0.001705880942678991,5,True,252,2600,2,0,0 days 00:00:00.222702,BTC
284,2019-08-04 00:00:00+00:00,-891.1366139852514,-873.4894685476943,-884.0357682746845,0.02726465376856041,0.0016388877030758232,5,True,252,2600,2,0,0 days 00:00:00.227764,BTC
285,2019-08-09 00:00:00+00:00,-900.0667184028637,-882.4195729653065,-892.9658726922968,0.02676329623184884,0.0015816652722681428,5,True,252,2600,2,0,0 days 00:00:00.368339,BTC
286,2019-08-14 00:00:00+00:00,-897.1075862503037,-879.4604408127466,-890.0067405397368,0.027021094056294406,0.0016007432141451512,5,True,252,2600,2,0,0 days 00:00:00.253644,BTC
287,2019-08-19 00:00:00+00:00,-900.9415457777062,-883.2944003401491,-893.8407000671393,0.026721649490595786,0.0015761254481291924,5,True,252,2600,2,0,0 days 00:00:00.397545,BTC
288,2019-08-24 00:00:00+00:00,-900.241163397182,-882.5940179596249,-893.1403176866152,0.026702943829518554,0.001580490226010669,5,True,252,2600,2,0,0 days 00:00:00.318288,BTC
289,2019-08-29 00:00:00+00:00,-908.8499553018494,-891.2028098642922,-901.7491095912825,0.02630316967935292,0.0015277295240050967,5,True,252,2600,2,0,0 days 00:00:00.428252,BTC
290,2019-09-03 00:00:00+00:00,-911.9425689682289,-894.2954235306718,-904.841723257662,0.026039325829521346,0.0015087914238865587,5,True,252,2600,2,0,0 days 00:00:00.350081,BTC
291,2019-09-08 00:00:00+00:00,-917.918931545492,-900.2717861079349,-910.8180858349251,0.025546478616972363,0.0014735360511714227,5,True,252,2600,2,0,0 days 00:00:00.244062,BTC
292,2019-09-13 00:00:00+00:00,-919.3207636015321,-901.673618163975,-912.2199178909652,0.025364074136661096,0.0014652961980067287,5,True,252,2600,2,0,0 days 00:00:00.179416,BTC
293,2019-09-18 00:00:00+00:00,-921.5024268685286,-903.8552814309714,-914.4015811579617,0.02519405969368566,0.001453112548342642,5,True,252,2600,2,0,0 days 00:00:00.245513,BTC
294,2019-09-23 00:00:00+00:00,-928.9421056485861,-911.294960211029,-921.8412599380192,0.024783618605132694,0.0014104348836085632,5,True,252,2600,2,0,0 days 00:00:00.287574,BTC
295,2019-09-28 00:00:00+00:00,-914.9090078555408,-897.2618624179837,-907.808162144974,0.025340137647272745,0.0014912428043707834,5,True,252,2600,2,0,0 days 00:00:00.244794,BTC
296,2019-10-03 00:00:00+00:00,-915.2466193635848,-897.5994739260277,-908.145773653018,0.02536098581392682,0.0014892032514298495,5,True,252,2600,2,0,0 days 00:00:00.396946,BTC
297,2019-10-08 00:00:00+00:00,-914.0982196333157,-896.4510741957586,-906.9973739227488,0.02549682136042122,0.0014960016706032976,5,True,252,2600,2,0,0 days 00:00:00.339837,BTC
298,2019-10-13 00:00:00+00:00,-911.9606497519612,-894.3135043144041,-904.8598040413943,0.025681428861725357,0.0015087439234084121,5,True,252,2600,2,0,0 days 00:00:00.282212,BTC
299,2019-10-18 00:00:00+00:00,-914.5967654825238,-896.9496200449667,-907.4959197719569,0.02556665867560846,0.0014930421694743215,5,True,252,2600,2,0,0 days 00:00:00.277196,BTC
300,2019-10-23 00:00:00+00:00,-909.9565416613493,-892.3093962237922,-902.8556959507824,0.025964510026309298,0.001520796188121218,5,True,252,2600,2,0,0 days 00:00:00.208060,BTC
301,2019-10-28 00:00:00+00:00,-893.2571305848431,-875.609985147286,-886.1562848742763,0.026865279103794423,0.001625011968278525,5,True,252,2600,2,0,0 days 00:00:00.233988,BTC
302,2019-11-02 00:00:00+00:00,-893.3517293074092,-875.7045838698521,-886.2508835968423,0.026816405250376704,0.0016244736387282096,5,True,252,2600,2,0,0 days 00:00:00.226652,BTC
303,2019-11-07 00:00:00+00:00,-899.0349006777083,-881.3877552401511,-891.9340549671414,0.026578288462391523,0.0015881836540339615,5,True,252,2600,2,0,0 days 00:00:00.151368,BTC
304,2019-11-12 00:00:00+00:00,-897.3226039009386,-879.6754584633815,-890.2217581903717,0.026746281067358775,0.0015990123845918542,5,True,252,2600,2,0,0 days 00:00:00.271529,BTC
305,2019-11-17 00:00:00+00:00,-896.9170711355532,-879.2699256979961,-889.8162254249863,0.026811912074168043,0.0016015898270499759,5,True,252,2600,2,0,0 days 00:00:00.230649,BTC
306,2019-11-22 00:00:00+00:00,-892.0168113423067,-874.3696659047496,-884.9159656317398,0.027323240543737436,0.0016330418707191825,5,True,252,2600,2,0,0 days 00:00:00.204289,BTC
307,2019-11-27 00:00:00+00:00,-888.2611724688317,-870.6140270312745,-881.1603267582648,0.027723491377212896,0.0016575594859921839,5,True,252,2600,2,0,0 days 00:00:00.359138,BTC
308,2019-12-02 00:00:00+00:00,-886.6489218515192,-869.001776413962,-879.5480761409523,0.028030539931636976,0.0016681947688124473,5,True,252,2600,2,0,0 days 00:00:00.213643,BTC
309,2019-12-07 00:00:00+00:00,-886.4456344234574,-868.7984889859002,-879.3447887128905,0.028108831874658655,0.0016695413494754545,5,True,252,2600,2,0,0 days 00:00:00.288604,BTC
310,2019-12-12 00:00:00+00:00,-903.68063285525,-886.0334874176929,-896.5797871446831,0.027488182136623473,0.001559170642580629,5,True,252,2600,2,0,0 days 00:00:00.349677,BTC
311,2019-12-17 00:00:00+00:00,-902.5493151709477,-884.9021697333906,-895.4484694603808,0.02759900330492631,0.001566199501570075,5,True,252,2600,2,0,0 days 00:00:00.601250,BTC
312,2019-12-22 00:00:00+00:00,-897.7038937186207,-880.0567482810636,-890.6030480080539,0.02785230119031728,0.0015965957975088824,5,True,252,2600,2,0,0 days 00:00:00.538420,BTC
313,2019-12-27 00:00:00+00:00,-898.2593262977211,-880.612180860164,-891.1584805871543,0.02777544335304892,0.0015930732862937838,5,True,252,2600,2,0,0 days 00:00:00.412727,BTC
314,2020-01-01 00:00:00+00:00,-898.6292686867993,-880.9821232492421,-891.5284229762324,0.027699072160369903,0.0015907703848663589,5,True,252,2600,2,0,0 days 00:00:00.256851,BTC
315,2020-01-06 00:00:00+00:00,-896.7314414224364,-879.0842959848793,-889.6305957118695,0.028006399539175185,0.0016027617310049149,5,True,252,2600,2,0,0 days 00:00:00.213767,BTC
316,2020-01-11 00:00:00+00:00,-894.9453173922094,-877.2981719546523,-887.8444716816425,0.028195195402974323,0.0016141572917700569,5,True,252,2600,2,0,0 days 00:00:00.350094,BTC
317,2020-01-16 00:00:00+00:00,-892.0866113733748,-874.4394659358177,-884.9857656628079,0.02829716986614501,0.001632579681658934,5,True,252,2600,2,0,0 days 00:00:00.349980,BTC
318,2020-01-21 00:00:00+00:00,-912.1304099567004,-894.4832645191433,-905.0295642461335,0.027189958805616195,0.0015077494641512362,5,True,252,2600,2,0,0 days 00:00:00.197394,BTC
319,2020-01-26 00:00:00+00:00,-924.8135310243272,-907.16638558677,-917.7126853137603,0.026491859533189825,0.0014337444350534794,5,True,252,2600,2,0,0 days 00:00:00.167674,BTC
320,2020-01-31 00:00:00+00:00,-923.6903796131887,-906.0432341756316,-916.5895339026218,0.02657371043146559,0.001440148129106713,5,True,252,2600,2,0,0 days 00:00:00.245566,BTC
321,2020-02-05 00:00:00+00:00,-926.5963538555261,-908.949208417969,-919.4955081449592,0.02642669832700599,0.0014236640990882756,5,True,252,2600,2,0,0 days 00:00:00.333774,BTC
322,2020-02-10 00:00:00+00:00,-931.7863313540877,-914.1391859165306,-924.6854856435208,0.02609668421281478,0.0013946672167112852,5,True,252,2600,2,0,0 days 00:00:00.184145,BTC
323,2020-02-15 00:00:00+00:00,-931.8060145421185,-914.1588691045614,-924.7051688315516,0.026154111388814745,0.0013945259039985797,5,True,252,2600,2,0,0 days 00:00:00.263904,BTC
324,2020-02-20 00:00:00+00:00,-930.9258903134563,-913.2787448758992,-923.8250446028894,0.026141067630485945,0.0013994380293910662,5,True,252,2600,2,0,0 days 00:00:00.237095,BTC
325,2020-02-25 00:00:00+00:00,-932.593145953367,-914.9460005158098,-925.4923002428001,0.025940394709313672,0.0013901505914649518,5,True,252,2600,2,0,0 days 00:00:00.279499,BTC
326,2020-03-01 00:00:00+00:00,-937.0850532873023,-919.4379078497452,-929.9842075767355,0.025523480488216288,0.0013657387034251853,5,True,252,2600,2,0,0 days 00:00:00.270212,BTC
327,2020-03-06 00:00:00+00:00,-968.2022811710931,-950.555135733536,-961.1014354605262,0.024374710034951844,0.0012076959181068798,5,True,252,2600,2,0,0 days 00:00:00.414753,BTC
328,2020-03-11 00:00:00+00:00,-975.8965310074791,-958.249385569922,-968.7956852969122,0.023888144847053407,0.0011706899080906382,5,True,252,2600,2,0,0 days 00:00:00.237976,BTC
329,2020-03-16 00:00:00+00:00,-825.5652709003718,-807.9181254628147,-818.464425189805,0.025604828491853467,0.002125533890573302,5,True,252,2600,2,0,0 days 00:00:00.261372,BTC
330,2020-03-21 00:00:00+00:00,-823.4934279507825,-805.8462825132253,-816.3925822402156,0.025840215645658658,0.00214613567314316,5,True,252,2600,2,0,0 days 00:00:00.375438,BTC
331,2020-03-26 00:00:00+00:00,-836.0830749099724,-818.4359294724153,-828.9822291994055,0.025268999083676105,0.0020380281594619236,5,True,252,2600,2,0,0 days 00:00:00.381339,BTC
332,2020-03-31 00:00:00+00:00,-830.5902618286793,-812.9431163911222,-823.4894161181124,0.025732620796885663,0.002082968028380928,5,True,252,2600,2,0,0 days 00:00:00.366608,BTC
333,2020-04-05 00:00:00+00:00,-829.9824099157672,-812.3352644782101,-822.8815642052003,0.025959896879547337,0.0020881748550067468,5,True,252,2600,2,0,0 days 00:00:00.275955,BTC
334,2020-04-10 00:00:00+00:00,-827.1750657879861,-809.527920350429,-820.0742200774192,0.026116863231333623,0.0021118799613614185,5,True,252,2600,2,0,0 days 00:00:00.303362,BTC
335,2020-04-15 00:00:00+00:00,-830.359112210995,-812.7119667734379,-823.2582665004281,0.025543763887616606,0.0020850579963177154,5,True,252,2600,2,0,0 days 00:00:00.437367,BTC
336,2020-04-20 00:00:00+00:00,-826.1943771703486,-808.5472317327915,-819.0935314597817,0.025792988000532528,0.0021205587928396752,5,True,252,2600,2,0,0 days 00:00:00.368163,BTC
337,2020-04-25 00:00:00+00:00,-830.4928351027952,-812.8456896652381,-823.3919893922283,0.025557545706127796,0.002084269752462309,5,True,252,2600,2,0,0 days 00:00:00.515094,BTC
338,2020-04-30 00:00:00+00:00,-826.616537495381,-808.9693920578238,-819.5156917848141,0.025649563301239513,0.0021163509579257373,5,True,252,2600,2,0,0 days 00:00:00.263048,BTC
339,2020-05-05 00:00:00+00:00,-827.0982652476005,-809.4511198100433,-819.9974195370336,0.02551598428211686,0.0021126402980509613,5,True,252,2600,2,0,0 days 00:00:00.240146,BTC
340,2020-05-10 00:00:00+00:00,-820.8742056534059,-803.2270602158487,-813.773359942839,0.026086583985716748,0.0021658191610194454,5,True,252,2600,2,0,0 days 00:00:00.551804,BTC
341,2020-05-15 00:00:00+00:00,-818.1539806699003,-800.5068352323432,-811.0531349593334,0.026490159620028094,0.002188398441934199,5,True,252,2600,2,0,0 days 00:00:00.697010,BTC
342,2020-05-20 00:00:00+00:00,-817.5817966339041,-799.934651196347,-810.4809509233372,0.026550370263003366,0.0021931062622365855,5,True,252,2600,2,0,0 days 00:00:00.778528,BTC
343,2020-05-25 00:00:00+00:00,-815.2718497444298,-797.6247043068727,-808.1710040338629,0.026936507345254997,0.002213625686178891,5,True,252,2600,2,0,0 days 00:00:00.805159,BTC
344,2020-05-30 00:00:00+00:00,-808.2609927981345,-790.6138473605773,-801.1601470875676,0.027290083882769507,0.002276582991219259,5,True,252,2600,2,0,0 days 00:00:00.532663,BTC
345,2020-06-04 00:00:00+00:00,-819.1438613015747,-801.4967158640176,-812.0430155910078,0.027017256962340006,0.0021798812143147732,5,True,252,2600,2,0,0 days 00:00:00.431232,BTC
346,2020-06-09 00:00:00+00:00,-819.4883916779323,-801.8412462403752,-812.3875459673654,0.026895523701055926,0.002176887280464524,5,True,252,2600,2,0,0 days 00:00:00.393802,BTC
347,2020-06-14 00:00:00+00:00,-817.9200237636544,-800.2728783260973,-810.8191780530875,0.027074310090321446,0.002190928977582265,5,True,252,2600,2,0,0 days 00:00:00.380406,BTC
348,2020-06-19 00:00:00+00:00,-820.3249554409168,-802.6778100033597,-813.2241097303499,0.02669208483490066,0.0021696394454974077,5,True,252,2600,2,0,0 days 00:00:00.743859,BTC
349,2020-06-24 00:00:00+00:00,-819.3223887529387,-801.6752433153815,-812.2215430423718,0.02681982640109657,0.002178347674451829,5,True,252,2600,2,0,0 days 00:00:00.851169,BTC
350,2020-06-29 00:00:00+00:00,-819.7470798371937,-802.0999343996366,-812.6462341266268,0.026787990111621886,0.00217567190868915,5,True,252,2600,2,0,0 days 00:00:00.444310,BTC
351,2020-07-04 00:00:00+00:00,-838.3018961552436,-820.6547507176865,-831.2010504446768,0.025525384562983925,0.0020204760170350207,5,True,252,2600,2,0,0 days 00:00:00.271466,BTC
352,2020-07-09 00:00:00+00:00,-838.7828495882264,-821.1357041506693,-831.6820038776596,0.025412838588779844,0.0020163324858788172,5,True,252,2600,2,0,0 days 00:00:00.245856,BTC
353,2020-07-14 00:00:00+00:00,-839.1283513326164,-821.4812058950592,-832.0275056220495,0.025253342601903574,0.0020136429995265444,5,True,252,2600,2,0,0 days 00:00:00.303282,BTC
354,2020-07-19 00:00:00+00:00,-840.920855129212,-823.2737096916549,-833.8200094186451,0.024957632258048822,0.00199960285881726,5,True,252,2600,2,0,0 days 00:00:00.365687,BTC
355,2020-07-24 00:00:00+00:00,-841.4228040323014,-823.7756585947443,-834.3219583217345,0.024897026556540868,0.0019953300386836956,5,True,252,2600,2,0,0 days 00:00:00.440247,BTC
356,2020-07-29 00:00:00+00:00,-835.9447184346536,-818.2975729970965,-828.8438727240867,0.025389095962480797,0.002040506232754233,5,True,252,2600,2,0,0 days 00:00:00.211928,BTC
357,2020-08-03 00:00:00+00:00,-838.2227069857792,-820.575561548222,-831.1218612752123,0.025063637489943513,0.0020209973466950647,5,True,252,2600,2,0,0 days 00:00:00.502386,BTC
358,2020-08-08 00:00:00+00:00,-839.0247298948422,-821.377584457285,-831.9238841842753,0.02498092324309971,0.0020145708239992944,5,True,252,2600,2,0,0 days 00:00:00.381180,BTC
359,2020-08-13 00:00:00+00:00,-838.6813409303618,-821.0341954928047,-831.5804952197949,0.024982244696761965,0.002017240042964965,5,True,252,2600,2,0,0 days 00:00:00.517298,BTC
360,2020-08-18 00:00:00+00:00,-838.6304608089044,-820.9833153713473,-831.5296150983376,0.024971367889422193,0.0020175661147848927,5,True,252,2600,2,0,0 days 00:00:00.517719,BTC
361,2020-08-23 00:00:00+00:00,-834.8743717821268,-817.2272263445697,-827.7735260715599,0.02508241905412826,0.0020483757859942543,5,True,252,2600,2,0,0 days 00:00:00.229912,BTC
362,2020-08-28 00:00:00+00:00,-843.155894043453,-825.5087486058959,-836.0550483328861,0.024631945973080775,0.0019818265651443063,5,True,252,2600,2,0,0 days 00:00:00.381562,BTC
363,2020-09-02 00:00:00+00:00,-843.6593179524074,-826.0121725148502,-836.5584722418405,0.024499030438612828,0.0019776430821854853,5,True,252,2600,2,0,0 days 00:00:00.395489,BTC
364,2020-09-07 00:00:00+00:00,-835.5353897247036,-817.8882442871464,-828.4345440141367,0.025031574959649527,0.0020425734839993044,5,True,252,2600,2,0,0 days 00:00:00.408626,BTC
365,2020-09-12 00:00:00+00:00,-836.888666624227,-819.2415211866698,-829.7878209136601,0.02480755081465429,0.0020318840748889395,5,True,252,2600,2,0,0 days 00:00:00.397001,BTC
366,2020-09-17 00:00:00+00:00,-839.8666034899265,-822.2194580523694,-832.7657577793597,0.024473912873214546,0.0020083134839031023,5,True,252,2600,2,0,0 days 00:00:00.348990,BTC
367,2020-09-22 00:00:00+00:00,-842.7738849821894,-825.1267395446323,-835.6730392716225,0.024167106346449353,0.0019846832167345883,5,True,252,2600,2,0,0 days 00:00:00.318799,BTC
368,2020-09-27 00:00:00+00:00,-842.2996650865712,-824.652519649014,-835.1988193760043,0.024209041094065648,0.001988422879374472,5,True,252,2600,2,0,0 days 00:00:00.367035,BTC
369,2020-10-02 00:00:00+00:00,-842.6480360910232,-825.0008906534661,-835.5471903804563,0.024195650988881177,0.001985820032709615,5,True,252,2600,2,0,0 days 00:00:00.486687,BTC
370,2020-10-07 00:00:00+00:00,-845.1342597579946,-827.4871143204375,-838.0334140474278,0.023878301625366923,0.001966308168165797,5,True,252,2600,2,0,0 days 00:00:00.427920,BTC
371,2020-10-12 00:00:00+00:00,-844.6790494804227,-827.0319040428656,-837.5782037698558,0.02397999233867754,0.0019699303996263667,5,True,252,2600,2,0,0 days 00:00:00.421769,BTC
372,2020-10-17 00:00:00+00:00,-846.0214992547408,-828.3743538171836,-838.9206535441739,0.023772224796375994,0.00195951274592305,5,True,252,2600,2,0,0 days 00:00:00.332239,BTC
373,2020-10-22 00:00:00+00:00,-844.2117807396819,-826.5646353021248,-837.110935029115,0.02385923386148498,0.0019735713714544877,5,True,252,2600,2,0,0 days 00:00:00.339891,BTC
374,2020-10-27 00:00:00+00:00,-844.5689777571449,-826.9218323195878,-837.468132046578,0.02365528283424211,0.001971594010560216,5,True,252,2600,2,0,0 days 00:00:00.473255,BTC
375,2020-11-01 00:00:00+00:00,-846.4009402685399,-828.7537948309828,-839.300094557973,0.02339090441187035,0.001956874931948728,5,True,252,2600,2,0,0 days 00:00:00.381347,BTC
376,2020-11-06 00:00:00+00:00,-844.8162492807919,-827.1691038432348,-837.715403570225,0.023343840860526214,0.0019688643326011422,5,True,252,2600,2,0,0 days 00:00:00.554740,BTC
377,2020-11-11 00:00:00+00:00,-843.2935470926002,-825.6464016550431,-836.1927013820333,0.02359404155559879,0.0019815119255919447,5,True,252,2600,2,0,0 days 00:00:00.328696,BTC
378,2020-11-16 00:00:00+00:00,-847.1929734596226,-829.5458280220655,-840.0921277490557,0.023294841846498635,0.00202924696526028,5,True,252,2600,2,0,0 days 00:00:00.501311,BTC
379,2020-11-21 00:00:00+00:00,-1018.2164233436497,-1000.5692779060926,-1011.1155776330828,0.02108833328594449,0.0009897542210497282,5,True,252,2600,2,0,0 days 00:00:00.500569,BTC
380,2020-11-26 00:00:00+00:00,-1029.736011358068,-1012.0888659205109,-1022.6351656475011,0.020559844443139737,0.0009454210601018766,5,True,252,2600,2,0,0 days 00:00:00.334920,BTC
381,2020-12-01 00:00:00+00:00,-1037.2576263467145,-1019.6104809091573,-1030.1567806361475,0.020459557976100228,0.0009176338376413951,5,True,252,2600,2,0,0 days 00:00:00.486620,BTC
382,2020-12-06 00:00:00+00:00,-1043.7216503248014,-1026.0745048872443,-1036.6208046142344,0.020156848284126058,0.0008947848743846586,5,True,252,2600,2,0,0 days 00:00:00.414916,BTC
383,2020-12-11 00:00:00+00:00,-1048.9894194270835,-1031.3422739895263,-1041.8885737165165,0.01998068980100303,0.0008758994738126295,5,True,252,2600,2,0,0 days 00:00:00.411434,BTC
384,2020-12-16 00:00:00+00:00,-1045.1223973031742,-1027.475251865617,-1038.0215515926072,0.02010735417122501,0.0008894592497103351,5,True,252,2600,2,0,0 days 00:00:00.270813,BTC
385,2020-12-21 00:00:00+00:00,-1041.7697502869892,-1024.122604849432,-1034.6689045764222,0.020422459190722837,0.0009013755167756252,5,True,252,2600,2,0,0 days 00:00:00.252669,BTC
386,2020-12-26 00:00:00+00:00,-1039.813075013945,-1022.165929576388,-1032.712229303378,0.020636667280871154,0.000908417445465735,5,True,252,2600,2,0,0 days 00:00:00.248290,BTC
387,2020-12-31 00:00:00+00:00,-1043.172328546248,-1025.525183108691,-1036.071482835681,0.020321492163833537,0.0008963745873008045,5,True,252,2600,2,0,0 days 00:00:00.369112,BTC
388,2021-01-05 00:00:00+00:00,-1030.024581581872,-1012.377436144315,-1022.9237358713052,0.021038565913199806,0.000944648949982536,5,True,252,2600,2,0,0 days 00:00:00.242471,BTC
389,2021-01-10 00:00:00+00:00,-1030.923060605278,-1013.2759151677208,-1023.822214894711,0.021550880897373555,0.0009410406817799376,5,True,252,2600,2,0,0 days 00:00:00.073164,BTC
390,2021-01-15 00:00:00+00:00,-1016.545964001793,-998.8988185642359,-1009.4451182912261,0.022414059847961975,0.0009963764239509464,5,True,252,2600,2,0,0 days 00:00:00.365689,BTC
391,2021-01-20 00:00:00+00:00,-1028.007631262058,-1010.360485824501,-1020.9067855514912,0.021800043234656046,0.0009520107648926235,5,True,252,2600,2,0,0 days 00:00:00.273240,BTC
392,2021-01-25 00:00:00+00:00,-1007.4638556193352,-989.816710181778,-1000.3630099087683,0.022123885885589924,0.0010328477534236444,5,True,252,2600,2,0,0 days 00:00:00.142649,BTC
393,2021-01-30 00:00:00+00:00,-998.6014968196175,-980.9543513820604,-991.5006511090506,0.022391417884024253,0.00106984679250284,5,True,252,2600,2,0,0 days 00:00:00.252940,BTC
394,2021-02-04 00:00:00+00:00,-996.7757899119645,-979.1286444744073,-989.6749442013976,0.02252890611141787,0.0010775933572179804,5,True,252,2600,2,0,0 days 00:00:00.302567,BTC
395,2021-02-09 00:00:00+00:00,-980.0560327182736,-962.4088872807165,-972.9551870077067,0.022696233828723628,0.0011515158883467342,5,True,252,2600,2,0,0 days 00:00:00.199795,BTC
396,2021-02-14 00:00:00+00:00,-975.3553290708081,-957.708183633251,-968.2544833602412,0.023143550370169328,0.0011731865851051845,5,True,252,2600,2,0,0 days 00:00:00.295970,BTC
397,2021-02-19 00:00:00+00:00,-971.9882455580828,-954.3411001205257,-964.8873998475159,0.023430230542422235,0.001188969036894528,5,True,252,2600,2,0,0 days 00:00:00.419899,BTC
398,2021-02-24 00:00:00+00:00,-958.9494636154992,-941.3023181779421,-951.8486179049323,0.024160536390449048,0.001252090954198442,5,True,252,2600,2,0,0 days 00:00:00.229107,BTC
399,2021-03-01 00:00:00+00:00,-949.9660668662622,-932.318921428705,-942.8652211556953,0.024636074577740842,0.0012975622063813004,5,True,252,2600,2,0,0 days 00:00:00.258646,BTC
400,2021-03-06 00:00:00+00:00,-949.3669954854296,-931.7198500478725,-942.2661497748627,0.02456699406323173,0.001300644486845829,5,True,252,2600,2,0,0 days 00:00:00.196688,BTC
401,2021-03-11 00:00:00+00:00,-946.759604259456,-929.1124588218988,-939.6587585488891,0.024959765820476685,0.0013141739462148058,5,True,252,2600,2,0,0 days 00:00:00.336895,BTC
402,2021-03-16 00:00:00+00:00,-939.8698137116336,-922.2226682740765,-932.7689680010667,0.025487835835384602,0.0013505995567873238,5,True,252,2600,2,0,0 days 00:00:00.242484,BTC
403,2021-03-21 00:00:00+00:00,-939.221054176352,-921.5739087387949,-932.1202084657851,0.0255948888424389,0.0013540805319774852,5,True,252,2600,2,0,0 days 00:00:00.213828,BTC
404,2021-03-26 00:00:00+00:00,-931.5813040633891,-913.934158625832,-924.4804583528222,0.026209394980631233,0.0013957603614912926,5,True,252,2600,2,0,0 days 00:00:00.248706,BTC
405,2021-03-31 00:00:00+00:00,-931.2851374242198,-913.6379919866627,-924.1842917136529,0.026275257563510523,0.0013974019240903337,5,True,252,2600,2,0,0 days 00:00:00.300066,BTC
406,2021-04-05 00:00:00+00:00,-937.4352667037331,-919.788121266176,-930.3344209931662,0.02599243195519963,0.0013637106376872719,5,True,252,2600,2,0,0 days 00:00:00.217715,BTC
407,2021-04-10 00:00:00+00:00,-935.7349093602886,-918.0877639227315,-928.6340636497217,0.026190361079176553,0.0013729649642788878,5,True,252,2600,2,0,0 days 00:00:00.206455,BTC
408,2021-04-15 00:00:00+00:00,-938.5138644177207,-920.8667189801636,-931.4130187071538,0.02598791800933578,0.0013578875658039585,5,True,252,2600,2,0,0 days 00:00:00.281758,BTC
409,2021-04-20 00:00:00+00:00,-935.2045545830808,-917.5574091455237,-928.103708872514,0.02629524379489286,0.0013758412254260422,5,True,252,2600,2,0,0 days 00:00:00.219280,BTC
410,2021-04-25 00:00:00+00:00,-930.4980404119618,-912.8508949744047,-923.3971947013949,0.026873775497641524,0.001401780383119911,5,True,252,2600,2,0,0 days 00:00:00.078183,BTC
411,2021-04-30 00:00:00+00:00,-923.2058293059704,-905.5586838684133,-916.1049835954035,0.027223738119840496,0.0014429344123215592,5,True,252,2600,2,0,0 days 00:00:00.437200,BTC
412,2021-05-05 00:00:00+00:00,-916.5483996248611,-898.901254187304,-909.4475539142942,0.027647994011959835,0.001481560191894589,5,True,252,2600,2,0,0 days 00:00:00.184806,BTC
413,2021-05-10 00:00:00+00:00,-914.5865296819777,-896.9393842444206,-907.4856839714108,0.027855172802391078,0.0014931410725595995,5,True,252,2600,2,0,0 days 00:00:00.230193,BTC
414,2021-05-15 00:00:00+00:00,-910.5335635886884,-892.8864181511312,-903.4327178781215,0.02779009982188481,0.0015173468529005789,5,True,252,2600,2,0,0 days 00:00:00.135488,BTC
415,2021-05-20 00:00:00+00:00,-888.0543067134763,-870.4071612759192,-880.9534610029094,0.02885998480502289,0.0016587654618825177,5,True,252,2600,2,0,0 days 00:00:00.517861,BTC
416,2021-05-25 00:00:00+00:00,-876.2873244266166,-858.6401789890595,-869.1864787160497,0.02965024163753215,0.001737936450247318,5,True,252,2600,2,0,0 days 00:00:00.365773,BTC
417,2021-05-30 00:00:00+00:00,-870.9243954963754,-853.2772500588183,-863.8235497858085,0.03019504495522412,0.0017755214784827497,5,True,252,2600,2,0,0 days 00:00:00.349763,BTC
418,2021-06-04 00:00:00+00:00,-868.952342694713,-851.3051972571559,-861.8514969841461,0.030430890391640795,0.0017892737328744548,5,True,252,2600,2,0,0 days 00:00:00.381429,BTC
419,2021-06-09 00:00:00+00:00,-857.9355063943731,-840.288360956816,-850.8346606838062,0.03130745947684266,0.0018690545838959552,5,True,252,2600,2,0,0 days 00:00:00.485805,BTC
420,2021-06-14 00:00:00+00:00,-852.5427091078896,-834.8955636703324,-845.4418633973227,0.03184895863441408,0.0019097475121379415,5,True,252,2600,2,0,0 days 00:00:00.475211,BTC
421,2021-06-19 00:00:00+00:00,-848.8665152801993,-831.2193698426422,-841.7656695696325,0.03223814654639147,0.0019378023122922296,5,True,252,2600,2,0,0 days 00:00:00.318647,BTC
422,2021-06-24 00:00:00+00:00,-840.282363575566,-822.6352181380089,-833.1815178649991,0.032954572430412485,0.0020050203082204072,5,True,252,2600,2,0,0 days 00:00:00.168179,BTC
423,2021-06-29 00:00:00+00:00,-833.2167845038779,-815.5696390663207,-826.115938793311,0.03355794651627523,0.002062211719516155,5,True,252,2600,2,0,0 days 00:00:00.438255,BTC
424,2021-07-04 00:00:00+00:00,-832.2642354712821,-814.6170900337249,-825.1633897607152,0.03368684458105377,0.002069948702274402,5,True,252,2600,2,0,0 days 00:00:00.533851,BTC
425,2021-07-09 00:00:00+00:00,-832.8861088566521,-815.238963419095,-825.7852631460852,0.03372545120536109,0.002064754393109621,5,True,252,2600,2,0,0 days 00:00:00.412074,BTC
426,2021-07-14 00:00:00+00:00,-831.4187097715658,-813.7715643340086,-824.3178640609989,0.03393320116320517,0.0020771807914629907,5,True,252,2600,2,0,0 days 00:00:00.213912,BTC
427,2021-07-19 00:00:00+00:00,-837.9917173879337,-820.3445719503766,-830.8908716773668,0.033321647337180085,0.002023283302446752,5,True,252,2600,2,0,0 days 00:00:00.318622,BTC
428,2021-07-24 00:00:00+00:00,-834.7556637522039,-817.1085183146467,-827.654818041637,0.03369587878848431,0.002049489122429859,5,True,252,2600,2,0,0 days 00:00:00.303332,BTC
429,2021-07-29 00:00:00+00:00,-834.273802344798,-816.6266569072409,-827.1729566342311,0.033795631564059736,0.00205346579298027,5,True,252,2600,2,0,0 days 00:00:00.502160,BTC
430,2021-08-03 00:00:00+00:00,-833.049670162482,-815.4025247249249,-825.9488244519151,0.03403121695440044,0.0020636663986437287,5,True,252,2600,2,0,0 days 00:00:00.334451,BTC
431,2021-08-08 00:00:00+00:00,-835.7985205474961,-818.151375109939,-828.6976748369292,0.03394203500798481,0.0020413486263367946,5,True,252,2600,2,0,0 days 00:00:00.292177,BTC
432,2021-08-13 00:00:00+00:00,-836.8341485667851,-819.187003129228,-829.7333028562182,0.03388625435575271,0.0020326150147536265,5,True,252,2600,2,0,0 days 00:00:00.439281,BTC
433,2021-08-18 00:00:00+00:00,-837.4841984251959,-819.8370529876388,-830.383352714629,0.03383570409546871,0.0020273886834498655,5,True,252,2600,2,0,0 days 00:00:00.466234,BTC
434,2021-08-23 00:00:00+00:00,-836.1262279271084,-818.4790824895513,-829.0253822165415,0.03391859112096693,0.002038652170490086,5,True,252,2600,2,0,0 days 00:00:00.447604,BTC
435,2021-08-28 00:00:00+00:00,-840.0382931319375,-822.3911476943804,-832.9374474213706,0.033691443820702514,0.0020069964846437124,5,True,252,2600,2,0,0 days 00:00:00.502231,BTC
436,2021-09-02 00:00:00+00:00,-840.6693441505126,-823.0221987129555,-833.5684984399458,0.03353547649000903,0.0020021146251855684,5,True,252,2600,2,0,0 days 00:00:00.396783,BTC
437,2021-09-07 00:00:00+00:00,-835.8651176901285,-818.2179722525714,-828.7642719795616,0.03372226141915331,0.002040661657979198,5,True,252,2600,2,0,0 days 00:00:00.501134,BTC
438,2021-09-12 00:00:00+00:00,-840.1122154347457,-822.4650699971886,-833.0113697241788,0.03340249446129446,0.002006520278299258,5,True,252,2600,2,0,0 days 00:00:00.244170,BTC
439,2021-09-17 00:00:00+00:00,-848.1841774456261,-830.537032008069,-841.0833317350592,0.032665095702225186,0.0019432145454331693,5,True,252,2600,2,0,0 days 00:00:00.336218,BTC
440,2021-09-22 00:00:00+00:00,-850.0661586311203,-832.4190131935632,-842.9653129205534,0.032543744540926796,0.0019288543607065135,5,True,252,2600,2,0,0 days 00:00:00.422482,BTC
441,2021-09-27 00:00:00+00:00,-851.1538617656165,-833.5067163280594,-844.0530160550496,0.032425509625006954,0.001920488125006903,5,True,252,2600,2,0,0 days 00:00:00.502898,BTC
442,2021-10-02 00:00:00+00:00,-855.6317239026673,-837.9845784651102,-848.5308781921004,0.03224988120701721,0.0018866142958727193,5,True,252,2600,2,0,0 days 00:00:00.264041,BTC
443,2021-10-07 00:00:00+00:00,-858.088536283605,-840.4413908460479,-850.9876905730381,0.03225590872006199,0.0018683362860455075,5,True,252,2600,2,0,0 days 00:00:00.195107,BTC
444,2021-10-12 00:00:00+00:00,-860.2682439487054,-842.6210985111483,-853.1673982381385,0.03206723111897097,0.001852357760513614,5,True,252,2600,2,0,0 days 00:00:00.591157,BTC
445,2021-10-17 00:00:00+00:00,-859.7483902021318,-842.1012447645746,-852.6475444915649,0.03191373206584702,0.0018577326270063214,5,True,252,2600,2,0,0 days 00:00:00.349904,BTC
446,2021-10-22 00:00:00+00:00,-876.356886487736,-858.7097410501789,-869.2560407771691,0.03144831363309095,0.0017376600706784171,5,True,252,2600,2,0,0 days 00:00:00.062509,BTC
447,2021-10-27 00:00:00+00:00,-877.0234973281201,-859.376351890563,-869.9226516175532,0.03150380848577069,0.0017331357402603695,5,True,252,2600,2,0,0 days 00:00:00.454365,BTC
448,2021-11-01 00:00:00+00:00,-882.6908369964651,-865.043691558908,-875.5899912858982,0.031100511886057697,0.0016950916782194527,5,True,252,2600,2,0,0 days 00:00:00.230147,BTC
449,2021-11-06 00:00:00+00:00,-889.0316408797643,-871.3844954422071,-881.9307951691974,0.03053186348895074,0.001652461731394198,5,True,252,2600,2,0,0 days 00:00:00.201299,BTC
450,2021-11-11 00:00:00+00:00,-891.9948447245811,-874.3476992870239,-884.8939990140142,0.030258801268089105,0.0016331409832090586,5,True,252,2600,2,0,0 days 00:00:00.252397,BTC
451,2021-11-16 00:00:00+00:00,-892.1873675347019,-874.5402220971448,-885.086521824135,0.03012723915593133,0.0016318957363374604,5,True,252,2600,2,0,0 days 00:00:00.249771,BTC
452,2021-11-21 00:00:00+00:00,-893.6850655388791,-876.037920101322,-886.5842198283123,0.03000585646830602,0.0016223308656423219,5,True,252,2600,2,0,0 days 00:00:00.132049,BTC
453,2021-11-26 00:00:00+00:00,-890.1086302077711,-872.4614847702139,-883.0077844972042,0.03022186543846163,0.0016453942131056623,5,True,252,2600,2,0,0 days 00:00:00.292892,BTC
454,2021-12-01 00:00:00+00:00,-891.7211562123846,-874.0740107748275,-884.6203105018177,0.030071981436962596,0.0016349100461448616,5,True,252,2600,2,0,0 days 00:00:00.423588,BTC
455,2021-12-06 00:00:00+00:00,-888.7106831481133,-871.0635377105561,-881.6098374375464,0.03021109069655375,0.0016545716186530059,5,True,252,2600,2,0,0 days 00:00:00.201810,BTC
456,2021-12-11 00:00:00+00:00,-885.9969084598417,-868.3497630222846,-878.8960627492748,0.03045435757872449,0.001672486516601692,5,True,252,2600,2,0,0 days 00:00:00.194744,BTC
457,2021-12-16 00:00:00+00:00,-884.3368270052874,-866.6896815677303,-877.2359812947205,0.030511251394312218,0.0016835210828778087,5,True,252,2600,2,0,0 days 00:00:00.385081,BTC
458,2021-12-21 00:00:00+00:00,-885.2667491542118,-867.6196037166546,-878.1659034436449,0.030505707900037937,0.0016773219066533425,5,True,252,2600,2,0,0 days 00:00:00.283886,BTC
459,2021-12-26 00:00:00+00:00,-887.5739539448136,-869.9268085072565,-880.4731082342468,0.03022703159626681,0.0016620272815273183,5,True,252,2600,2,0,0 days 00:00:00.249980,BTC
460,2021-12-31 00:00:00+00:00,-887.2037957883442,-869.5566503507871,-880.1029500777773,0.03017037475276545,0.0016644801429790681,5,True,252,2600,2,0,0 days 00:00:00.299410,BTC
461,2022-01-05 00:00:00+00:00,-890.8176929212709,-873.1705474837138,-883.716847210704,0.030041337817614984,0.0016407944634536569,5,True,252,2600,2,0,0 days 00:00:00.249615,BTC
462,2022-01-10 00:00:00+00:00,-893.9254661457214,-876.2783207081643,-886.8246204351545,0.02974187678955597,0.0016208470552028034,5,True,252,2600,2,0,0 days 00:00:00.205230,BTC
463,2022-01-15 00:00:00+00:00,-899.620767299853,-881.9736218622959,-892.5199215892861,0.029326228902860556,0.0015844662179595875,5,True,252,2600,2,0,0 days 00:00:00.281347,BTC
464,2022-01-20 00:00:00+00:00,-912.1234406128583,-894.4762951753012,-905.0225949022914,0.028707007669338716,0.0015077816081083457,5,True,252,2600,2,0,0 days 00:00:00.417995,BTC
465,2022-01-25 00:00:00+00:00,-908.7689067292791,-891.121761291722,-901.6680610187123,0.028797969170190025,0.0015290392010433914,5,True,252,2600,2,0,0 days 00:00:00.365006,BTC
466,2022-01-30 00:00:00+00:00,-942.2281280628697,-924.5809826253126,-935.1272823523028,0.02741241469586396,0.0013386889427210468,5,True,252,2600,2,0,0 days 00:00:00.183870,BTC
467,2022-02-04 00:00:00+00:00,-947.2988215345587,-929.6516760970015,-940.1979758239918,0.027149146203801024,0.0013113000675743752,5,True,252,2600,2,0,0 days 00:00:00.313126,BTC
468,2022-02-09 00:00:00+00:00,-948.1857005414346,-930.5385551038775,-941.0848548308677,0.026969610707767554,0.0013069759859182688,5,True,252,2600,2,0,0 days 00:00:00.346133,BTC
469,2022-02-14 00:00:00+00:00,-955.0387654752603,-937.3916200377032,-947.9379197646934,0.02645903176133991,0.0012722023993927219,5,True,252,2600,2,0,0 days 00:00:00.406634,BTC
470,2022-02-19 00:00:00+00:00,-962.6296629948565,-944.9825175572994,-955.5288172842896,0.026318557648838784,0.001234583502492051,5,True,252,2600,2,0,0 days 00:00:00.350140,BTC
471,2022-02-24 00:00:00+00:00,-967.4768818280604,-949.8297363905033,-960.3760361174935,0.02624706815733785,0.0012105734758136916,5,True,252,2600,2,0,0 days 00:00:00.381392,BTC
472,2022-03-01 00:00:00+00:00,-966.4089427729787,-948.7617973354215,-959.3080970624118,0.02619920438271485,0.001215563918871496,5,True,252,2600,2,0,0 days 00:00:00.485389,BTC
473,2022-03-06 00:00:00+00:00,-971.3171406245347,-953.6699951869775,-964.2162949139678,0.025886702561148063,0.0011920969664493488,5,True,252,2600,2,0,0 days 00:00:00.365796,BTC
474,2022-03-11 00:00:00+00:00,-965.7349002444369,-948.0877548068797,-958.63405453387,0.02608992031244105,0.0012187636311451135,5,True,252,2600,2,0,0 days 00:00:00.151479,BTC
475,2022-03-16 00:00:00+00:00,-963.3914248179387,-945.7442793803816,-956.2905791073719,0.026211378465419353,0.0012302116138265258,5,True,252,2600,2,0,0 days 00:00:00.093762,BTC
476,2022-03-21 00:00:00+00:00,-965.6090657996228,-947.9619203620657,-958.508220089056,0.025959121894777577,0.001219349586722566,5,True,252,2600,2,0,0 days 00:00:00.167812,BTC
477,2022-03-26 00:00:00+00:00,-965.2687098654173,-947.6215644278602,-958.1678641548505,0.026027296413146155,0.0012210391889203387,5,True,252,2600,2,0,0 days 00:00:00.240604,BTC
478,2022-03-31 00:00:00+00:00,-968.9359201365708,-951.2887746990136,-961.8350744260039,0.025839705299525666,0.0012034494174607204,5,True,252,2600,2,0,0 days 00:00:00.320404,BTC
479,2022-04-05 00:00:00+00:00,-975.482430488126,-957.8352850505689,-968.3815847775592,0.025239590365030148,0.0011724659869337029,5,True,252,2600,2,0,0 days 00:00:00.228269,BTC
480,2022-04-10 00:00:00+00:00,-975.9242551537466,-958.2771097161894,-968.8234094431797,0.025233247689311504,0.0011704744107644105,5,True,252,2600,2,0,0 days 00:00:00.229342,BTC
481,2022-04-15 00:00:00+00:00,-975.9093303194304,-958.2621848818733,-968.8084846088635,0.025170390499072524,0.0011706044687386512,5,True,252,2600,2,0,0 days 00:00:00.333746,BTC
482,2022-04-20 00:00:00+00:00,-980.2795764608375,-962.6324310232803,-973.1787307502706,0.02490157767608166,0.0011508311947717286,5,True,252,2600,2,0,0 days 00:00:00.381927,BTC
483,2022-04-25 00:00:00+00:00,-985.5814045045418,-967.9342590669846,-978.4805587939749,0.024601739157971276,0.0011264119982537127,5,True,252,2600,2,0,0 days 00:00:00.256440,BTC
484,2022-04-30 00:00:00+00:00,-985.2374928339445,-967.5903473963874,-978.1366471233777,0.024620893488128837,0.001127891497928269,5,True,252,2600,2,0,0 days 00:00:00.140637,BTC
485,2022-05-05 00:00:00+00:00,-980.8363135130396,-963.1891680754825,-973.7354678024727,0.024746431865637884,0.001147950647789111,5,True,252,2600,2,0,0 days 00:00:00.105241,BTC
486,2022-05-10 00:00:00+00:00,-968.1742131293338,-950.5270676917767,-961.0733674187669,0.025282366799358125,0.0012070281792252223,5,True,252,2600,2,0,0 days 00:00:00.612335,BTC
487,2022-05-15 00:00:00+00:00,-962.5063288142602,-944.8591833767031,-955.4054831036933,0.025564983668163666,0.001235131556429917,5,True,252,2600,2,0,0 days 00:00:00.542353,BTC
488,2022-05-20 00:00:00+00:00,-964.7717749671101,-947.124629529553,-957.6709292565432,0.025739833449544496,0.0012234717137359571,5,True,252,2600,2,0,0 days 00:00:00.124429,BTC
489,2022-05-25 00:00:00+00:00,-965.6604010127919,-948.0132555752348,-958.559555302225,0.025692737299231713,0.0012191541853814813,5,True,252,2600,2,0,0 days 00:00:00.120242,BTC
490,2022-05-30 00:00:00+00:00,-967.3888288077167,-949.7416833701595,-960.2879830971498,0.02561979613095003,0.0012109574897127928,5,True,252,2600,2,0,0 days 00:00:00.287653,BTC
491,2022-06-04 00:00:00+00:00,-971.7018235742134,-954.0546781366563,-964.6009778636466,0.02535636379704339,0.001190316267217371,5,True,252,2600,2,0,0 days 00:00:00.167506,BTC
492,2022-06-09 00:00:00+00:00,-973.2301297804448,-955.5829843428877,-966.1292840698779,0.025147293386912125,0.0011832805290703213,5,True,252,2600,2,0,0 days 00:00:00.443862,BTC
493,2022-06-14 00:00:00+00:00,-958.0443193218027,-940.3971738842456,-950.9434736112358,0.025880965034085112,0.0012561217554128382,5,True,252,2600,2,0,0 days 00:00:00.182314,BTC
494,2022-06-19 00:00:00+00:00,-943.3943613668928,-925.7472159293357,-936.2935156563259,0.02648725803161351,0.001331854797830783,5,True,252,2600,2,0,0 days 00:00:00.286649,BTC
495,2022-06-24 00:00:00+00:00,-947.5366621031635,-929.8895166656064,-940.4358163925966,0.026231916632789176,0.001310122353085326,5,True,252,2600,2,0,0 days 00:00:00.286919,BTC
496,2022-06-29 00:00:00+00:00,-948.9881818680968,-931.3410364305397,-941.88733615753,0.02615442286366553,0.0013026167818166031,5,True,252,2600,2,0,0 days 00:00:00.247652,BTC
497,2022-07-04 00:00:00+00:00,-950.0771422967899,-932.4299968592328,-942.976296586223,0.025998845336252987,0.0012969932489450744,5,True,252,2600,2,0,0 days 00:00:00.166516,BTC
498,2022-07-09 00:00:00+00:00,-951.0504130108044,-933.4032675732473,-943.9495673002375,0.02579773430739413,0.001291989973955971,5,True,252,2600,2,0,0 days 00:00:00.479502,BTC
499,2022-07-14 00:00:00+00:00,-947.7323675355985,-930.0852220980414,-940.6315218250317,0.026228479183634478,0.0013091150941582298,5,True,252,2600,2,0,0 days 00:00:00.188856,BTC
500,2022-07-19 00:00:00+00:00,-945.090076599537,-927.4429311619799,-937.9892308889702,0.02645054120944438,0.0013229148297058879,5,True,252,2600,2,0,0 days 00:00:00.231535,BTC
501,2022-07-24 00:00:00+00:00,-945.7380506207985,-928.0909051832414,-938.6372049102316,0.026351758566352516,0.001319517943824944,5,True,252,2600,2,0,0 days 00:00:00.257594,BTC
502,2022-07-29 00:00:00+00:00,-942.6345975914865,-924.9874521539293,-935.5337518809196,0.02630894768805871,0.0013358690180733488,5,True,252,2600,2,0,0 days 00:00:00.194792,BTC
503,2022-08-03 00:00:00+00:00,-946.1584934873492,-928.5113480497921,-939.0576477767823,0.025827566011208954,0.0013171814178762728,5,True,252,2600,2,0,0 days 00:00:00.534827,BTC
504,2022-08-08 00:00:00+00:00,-952.5246186090188,-934.8774731714617,-945.423772898452,0.02552265191606629,0.0012844564731866515,5,True,252,2600,2,0,0 days 00:00:00.275965,BTC
505,2022-08-13 00:00:00+00:00,-958.0651832454679,-940.4180378079108,-950.964337534901,0.025214258169694397,0.0012565217994943685,5,True,252,2600,2,0,0 days 00:00:00.394453,BTC
506,2022-08-18 00:00:00+00:00,-961.2081003671403,-943.5609549295832,-954.1072546565734,0.025055244174663514,0.0012409494251294465,5,True,252,2600,2,0,0 days 00:00:00.446591,BTC
507,2022-08-23 00:00:00+00:00,-958.9327864123784,-941.2856409748213,-951.8319407018115,0.024987374468991633,0.001252186590486722,5,True,252,2600,2,0,0 days 00:00:00.345744,BTC
508,2022-08-28 00:00:00+00:00,-957.3104125273151,-939.6632670897579,-950.2095668167482,0.024853854157813663,0.0012601570859875047,5,True,252,2600,2,0,0 days 00:00:00.485463,BTC
509,2022-09-02 00:00:00+00:00,-958.0666393419341,-940.419493904377,-950.9657936313672,0.02493245304459028,0.001256516290848671,5,True,252,2600,2,0,0 days 00:00:00.290145,BTC
510,2022-09-07 00:00:00+00:00,-958.7477298416425,-941.1005844040853,-951.6468841310756,0.024931898815982644,0.001253124466239853,5,True,252,2600,2,0,0 days 00:00:00.212073,BTC
511,2022-09-12 00:00:00+00:00,-951.7797118890662,-934.1325664515091,-944.6788661784993,0.02525658610594363,0.001288259061305347,5,True,252,2600,2,0,0 days 00:00:00.365899,BTC
512,2022-09-17 00:00:00+00:00,-945.9227436689096,-928.2755982313524,-938.8218979583427,0.02541049971419948,0.0013185197474647812,5,True,252,2600,2,0,0 days 00:00:00.431402,BTC
513,2022-09-22 00:00:00+00:00,-943.436897256956,-925.7897518193988,-936.3360515463891,0.025679211455500124,0.001331602866345371,5,True,252,2600,2,0,0 days 00:00:00.253108,BTC
514,2022-09-27 00:00:00+00:00,-943.0200862730956,-925.3729408355384,-935.9192405625287,0.025706476804494695,0.0013338295582938768,5,True,252,2600,2,0,0 days 00:00:00.263740,BTC
515,2022-10-02 00:00:00+00:00,-953.9469375920853,-936.2997921545282,-946.8460918815184,0.025036569224875665,0.0012772106179723846,5,True,252,2600,2,0,0 days 00:00:00.253240,BTC
516,2022-10-07 00:00:00+00:00,-952.2563473607436,-934.6092019231864,-945.1555016501767,0.025228937721470827,0.001285807622841423,5,True,252,2600,2,0,0 days 00:00:00.427926,BTC
517,2022-10-12 00:00:00+00:00,-955.0583245525568,-937.4111791149996,-947.9574788419899,0.024968902195199774,0.0012718047272364263,5,True,252,2600,2,0,0 days 00:00:00.433092,BTC
518,2022-10-17 00:00:00+00:00,-965.9953185413099,-948.3481731037527,-958.894472830743,0.02446184802525826,0.0012175594341937487,5,True,252,2600,2,0,0 days 00:00:00.330645,BTC
519,2022-10-22 00:00:00+00:00,-966.6664514677428,-949.0193060301857,-959.565605757176,0.024359633873271593,0.0012143192915171567,5,True,252,2600,2,0,0 days 00:00:00.270283,BTC
