,asofdate,aic,bic,hqic,mae,mse,forecastHorizon,diff,trainDFLength,num_models,order_p,order_q,time,product_name,ar.L1.close,ma.L1.close
0,2011-06-08 13:30:00+00:00,-1217.2021555029387,-1203.084439152893,-1211.5214789344852,0.01522550224730409,0.00045269499269262847,5,True,252,1500,1,1,0 days 00:00:00.342513,CORN,0.07371005491063691,0.04654119950811008
1,2011-06-15 13:30:00+00:00,-1211.671117520798,-1197.5534011707523,-1205.9904409523444,0.01547124695026537,0.00046291361181343115,5,True,252,1500,1,1,0 days 00:00:00.283234,CORN,0.07585061174948284,0.04857101302757971
2,2011-06-22 13:30:00+00:00,-1203.9743545605793,-1189.8566382105337,-1198.2936779921258,0.015654832709777577,0.00047748698009335804,5,True,252,1500,1,1,0 days 00:00:00.321664,CORN,0.08991436783588973,0.06210525751734806
3,2011-06-29 13:30:00+00:00,-1212.4253035582665,-1198.3075872082209,-1206.744626989813,0.01547579890773138,0.00046140262226513875,5,True,252,1500,1,1,0 days 00:00:00.231591,CORN,0.09764547282113471,0.06945396832231246
4,2011-07-07 13:30:00+00:00,-1195.587961725535,-1181.4702453754894,-1189.9072851570816,0.01573475229847744,0.000493420534042286,5,True,252,1500,1,1,0 days 00:00:00.191055,CORN,0.44332844241099556,0.41000901145003943
5,2011-07-14 13:30:00+00:00,-1191.5391205279116,-1177.421404177866,-1185.858443959458,0.015849044493093854,0.0005014344701355527,5,True,252,1500,1,1,0 days 00:00:00.199054,CORN,0.4391396951695171,0.4161953513414256
6,2011-07-21 13:30:00+00:00,-1192.9669634865754,-1178.8492471365298,-1187.286286918122,0.01579638260925021,0.0004985940284360608,5,True,252,1500,1,1,0 days 00:00:00.179767,CORN,0.5058716214514953,0.47699381255870543
7,2011-07-28 13:30:00+00:00,-1194.7072246032076,-1180.589508253162,-1189.0265480347541,0.015699128375939488,0.0004951894758525624,5,True,252,1500,1,1,0 days 00:00:00.251591,CORN,0.4163239088387254,0.3935745942939299
8,2011-08-04 13:30:00+00:00,-1191.609533767843,-1177.4918174177974,-1185.9288571993895,0.01589913457589738,0.0005012745578145352,5,True,252,1500,1,1,0 days 00:00:00.217961,CORN,0.5704909733884764,0.529212094775374
9,2011-08-11 13:30:00+00:00,-1188.3556512067175,-1174.237934856672,-1182.674974638264,0.016027369813744155,0.000507784622267492,5,True,252,1500,1,1,0 days 00:00:00.199039,CORN,0.47537526221489235,0.44760433601432564
10,2011-08-18 13:30:00+00:00,-1188.3435674036004,-1174.2258510535548,-1182.662890835147,0.01601941805020805,0.0005078452701070961,5,True,252,1500,1,1,0 days 00:00:00.231255,CORN,0.8892136952410253,0.8276443851458833
11,2011-08-25 13:30:00+00:00,-1190.9692171077,-1176.8515007576543,-1185.2885405392465,0.015859400785232527,0.0005025492002982755,5,True,252,1500,1,1,0 days 00:00:00.208051,CORN,0.48717930884463156,0.46054148883274804
12,2011-09-01 13:30:00+00:00,-1189.7512123847805,-1175.633496034735,-1184.070535816327,0.01600526636042344,0.0005051509828933842,5,True,252,1500,1,1,0 days 00:00:00.278340,CORN,0.06191968610164521,0.037956643627594024
13,2011-09-09 13:30:00+00:00,-1193.045907600283,-1178.9281912502374,-1187.3652310318296,0.015964573941721273,0.0004992936194830583,5,True,252,1500,1,1,0 days 00:00:00.214079,CORN,0.029509215214859837,0.02378647447832783
14,2011-09-16 13:30:00+00:00,-1187.474484092476,-1173.3567677424303,-1181.7938075240224,0.016090251253014786,0.0005095738519788026,5,True,252,1500,1,1,0 days 00:00:00.224967,CORN,0.5199162159237329,0.492722803426978
15,2011-09-23 13:30:00+00:00,-1184.0668525535425,-1169.949136203497,-1178.386175985089,0.016231048578768087,0.0005165414807950779,5,True,252,1500,1,1,0 days 00:00:00.180319,CORN,0.3761024033926869,0.3629259008837829
16,2011-09-30 13:30:00+00:00,-1182.8150338378864,-1168.6973174878408,-1177.134357269433,0.016254750110786555,0.0005191064087576594,5,True,252,1500,1,1,0 days 00:00:00.169824,CORN,0.3195645319031979,0.31123988402096764
17,2011-10-07 13:30:00+00:00,-1221.6507973771172,-1207.5330810270716,-1215.9701208086638,0.015765853241308227,0.00044511202072184417,5,True,252,1500,1,1,0 days 00:00:00.220187,CORN,0.3038102825546251,0.28699496311865047
18,2011-10-14 13:30:00+00:00,-1219.259063616656,-1205.1413472666104,-1213.5783870482026,0.015735049171947638,0.0004492099161160867,5,True,252,1500,1,1,0 days 00:00:00.186159,CORN,0.30182835406015296,0.2844667506028941
19,2011-10-21 13:30:00+00:00,-1224.3974788599476,-1210.279762509902,-1218.716802291494,0.015494662491420204,0.00044015466877795,5,True,252,1500,1,1,0 days 00:00:00.153557,CORN,0.324405103496679,0.3067366304667012
20,2011-10-28 13:30:00+00:00,-1224.3181812863222,-1210.2004649362766,-1218.6375047178688,0.015492840524921742,0.0004402782853661139,5,True,252,1500,1,1,0 days 00:00:00.160181,CORN,0.3170120516779513,0.2990649589365976
21,2011-11-04 13:30:00+00:00,-1224.6374731142023,-1210.5197567641567,-1218.9567965457488,0.015476057430647597,0.00043972337927758616,5,True,252,1500,1,1,0 days 00:00:00.170255,CORN,0.3103937229756935,0.29292156663380275
22,2011-11-11 14:30:00+00:00,-1229.958462120957,-1215.8407457709113,-1224.2777855525035,0.015406451217685017,0.00043060484505977125,5,True,252,1500,1,1,0 days 00:00:00.186820,CORN,0.27948478189192366,0.2578193311120187
23,2011-11-18 14:30:00+00:00,-1235.9082082358013,-1221.7904918857557,-1230.2275316673479,0.01520624357432398,0.0004205063333318096,5,True,252,1500,1,1,0 days 00:00:00.187660,CORN,0.3055073109843454,0.2854065813476929
24,2011-11-28 14:30:00+00:00,-1236.5727350016855,-1222.4550186516399,-1230.892058433232,0.0152013004615041,0.0004194112875205249,5,True,252,1500,1,1,0 days 00:00:00.175195,CORN,0.3284329443421945,0.3093380254491057
25,2011-12-05 14:30:00+00:00,-1241.131899664645,-1227.0141833145994,-1235.4512230961916,0.01497360955307196,0.0004118773325173388,5,True,252,1500,1,1,0 days 00:00:00.225175,CORN,0.3335196916074924,0.31340602601587964
26,2011-12-12 14:30:00+00:00,-1242.5367329621513,-1228.4190166121057,-1236.8560563936978,0.014876023513007078,0.00040957922664644285,5,True,252,1500,1,1,0 days 00:00:00.127225,CORN,0.33784831153509115,0.31725378901766355
27,2011-12-19 14:30:00+00:00,-1240.415141215893,-1226.2974248658475,-1234.7344646474396,0.014981724526853195,0.0004130424108046399,5,True,252,1500,1,1,0 days 00:00:00.169744,CORN,0.3295555579013487,0.30788723030566284
28,2011-12-27 14:30:00+00:00,-1239.0226892123487,-1224.904972862303,-1233.3420126438953,0.015059847666337141,0.00041533366080966484,5,True,252,1500,1,1,0 days 00:00:00.170191,CORN,0.35222576330667416,0.3312836744717481
29,2012-01-04 14:30:00+00:00,-1239.408489819255,-1225.2907734692094,-1233.7278132508015,0.01500649980229075,0.00041471079513881063,5,True,252,1500,1,1,0 days 00:00:00.167956,CORN,0.34968566559475933,0.3303066308096193
30,2012-01-11 14:30:00+00:00,-1239.3746051161806,-1225.256888766135,-1233.6939285477272,0.014972435557307557,0.00041479193960964456,5,True,252,1500,1,1,0 days 00:00:00.204767,CORN,0.3337237225357342,0.31380616293164176
31,2012-01-19 14:30:00+00:00,-1235.3774980990397,-1221.259781748994,-1229.6968215305862,0.015005774221092508,0.00042140143119673957,5,True,252,1500,1,1,0 days 00:00:00.176323,CORN,0.35843939164150956,0.3376552674015579
32,2012-01-26 14:30:00+00:00,-1237.1489829257894,-1223.0312665757438,-1231.468306357336,0.01489069152488005,0.00041844245780489934,5,True,252,1500,1,1,0 days 00:00:00.178459,CORN,0.41173578791616705,0.3878197585666892
33,2012-02-02 14:30:00+00:00,-1238.3039459011802,-1224.1862295511346,-1232.6232693327267,0.014820660457165857,0.0004165303261944932,5,True,252,1500,1,1,0 days 00:00:00.203216,CORN,0.4146643049075601,0.3908116849590802
34,2012-02-09 14:30:00+00:00,-1240.8957909528308,-1226.7780746027852,-1235.2151143843773,0.014659841635635747,0.00041226416165713415,5,True,252,1500,1,1,0 days 00:00:00.175244,CORN,0.4160728488085518,0.3919520906410973
35,2012-02-16 14:30:00+00:00,-1241.0973806433922,-1226.9796642933466,-1235.4167040749387,0.01466116873810849,0.00041197145329804647,5,True,252,1500,1,1,0 days 00:00:00.189620,CORN,0.4246582853584799,0.4007315125562131
36,2012-02-24 14:30:00+00:00,-1254.335903552504,-1240.2181872024585,-1248.6552269840506,0.01420661516119005,0.0003908794040842617,5,True,252,1500,1,1,0 days 00:00:00.247881,CORN,0.6952925290973803,0.6632438210336997
37,2012-03-02 14:30:00+00:00,-1263.333369831124,-1249.2156534810783,-1257.6526932626705,0.013981079812430509,0.0003778690279875486,5,True,252,1500,1,1,0 days 00:00:00.384034,CORN,0.021424221131939113,0.012197417676382551
38,2012-03-09 14:30:00+00:00,-1262.1784925902602,-1248.0607762402146,-1256.4978160218068,0.013888820519172502,0.0003788920333514168,5,True,252,1500,1,1,0 days 00:00:00.203674,CORN,0.3605847787498171,0.3391220814989473
39,2012-03-16 13:30:00+00:00,-1277.75796153268,-1263.6402451826343,-1272.0772849642265,0.013481844753759532,0.00035619415538976155,5,True,252,1500,1,1,0 days 00:00:00.170028,CORN,0.36343042050736396,0.34536254638162833
40,2012-03-23 13:30:00+00:00,-1280.9991108188365,-1266.8813944687909,-1275.318434250383,0.013390018958060471,0.00035162099432843325,5,True,252,1500,1,1,0 days 00:00:00.212709,CORN,0.4003778708698606,0.3801737864254558
41,2012-03-30 13:30:00+00:00,-1295.3725414962537,-1281.254825146208,-1289.6918649278002,0.013249627473016078,0.0003321210454200028,5,True,252,1500,1,1,0 days 00:00:00.186103,CORN,0.3121722301574961,0.29305096360151506
42,2012-04-09 13:30:00+00:00,-1297.2043108988146,-1283.086594548769,-1291.5236343303611,0.013224781229041417,0.000329715959368097,5,True,252,1500,1,1,0 days 00:00:00.193541,CORN,0.30939904938979856,0.28972572881393666
43,2012-04-16 13:30:00+00:00,-1298.3194974903367,-1284.2017811402911,-1292.6388209218833,0.013176631705092414,0.00032826026408456897,5,True,252,1500,1,1,0 days 00:00:00.187690,CORN,0.3339074935676102,0.3147327420793368
44,2012-04-23 13:30:00+00:00,-1297.6826034655492,-1283.5648871155036,-1292.0019268970957,0.013190701824720843,0.00032910187151763165,5,True,252,1500,1,1,0 days 00:00:00.245855,CORN,0.34521003090482943,0.32544253818263386
45,2012-04-30 13:30:00+00:00,-1308.6654085714677,-1294.547692221422,-1302.9847320030142,0.01286961652250132,0.00031506266559446514,5,True,252,1500,1,1,0 days 00:00:00.253850,CORN,0.42742762343953195,0.4088838226714659
46,2012-05-07 13:30:00+00:00,-1311.9429686361532,-1297.8252522861076,-1306.2622920676997,0.01272661026563586,0.00031100683554194727,5,True,252,1500,1,1,0 days 00:00:00.244729,CORN,0.3772841655872554,0.3568280667450174
47,2012-05-14 13:30:00+00:00,-1323.5882056207547,-1309.470489270709,-1317.9075290523012,0.012632438413579366,0.00029753109671846074,5,True,252,1500,1,1,0 days 00:00:00.291357,CORN,0.023590935876512627,0.011624768883956657
48,2012-05-21 13:30:00+00:00,-1324.5170101182057,-1310.39929376816,-1318.8363335497522,0.012432313215790343,0.00029585447870825236,5,True,252,1500,1,1,0 days 00:00:00.423161,CORN,0.0046678529162892035,
49,2012-05-29 13:30:00+00:00,-1321.6886103612514,-1307.5708940112058,-1316.007933792798,0.01254584420034177,0.0002991936405020404,5,True,252,1500,1,1,0 days 00:00:00.240940,CORN,0.789673064038223,0.7818428641537252
50,2012-06-05 13:30:00+00:00,-1328.9230117270304,-1314.8052953769848,-1323.242335158577,0.012533984198190474,0.0002916662136176276,5,True,252,1500,1,1,0 days 00:00:00.469516,CORN,0.02340625303277219,0.010606687231207827
51,2012-06-12 13:30:00+00:00,-1323.3589657479624,-1309.2412493979168,-1317.678289179509,0.012586820940443342,0.00029722393015264387,5,True,252,1500,1,1,0 days 00:00:00.250530,CORN,0.4247014698188145,0.40532203290214674
52,2012-06-19 13:30:00+00:00,-1316.8941700567298,-1302.7764537066842,-1311.2134934882763,0.01286785128890016,0.00030545677445093764,5,True,252,1500,1,1,0 days 00:00:00.407371,CORN,0.008770807644491108,0.016136701757243695
53,2012-06-26 13:30:00+00:00,-1310.433508373425,-1296.3157920233793,-1304.7528318049715,0.012787984099892884,0.00031288357348255996,5,True,252,1500,1,1,0 days 00:00:00.192106,CORN,0.4518704542617597,0.4368191527830272
54,2012-07-03 13:30:00+00:00,-1341.9283248444722,-1327.8106084944266,-1336.2476482760187,0.012427295116412983,0.00027609869749253634,5,True,252,1500,1,1,0 days 00:00:00.220944,CORN,0.4428491443651992,0.436101296250935
55,2012-07-11 13:30:00+00:00,-1329.4051723706161,-1315.2874560205705,-1323.7244958021627,0.0127043354931689,0.0002901735374025654,5,True,252,1500,1,1,0 days 00:00:00.166805,CORN,0.741059066753629,0.738227174694624
56,2012-07-18 13:30:00+00:00,-1325.0639794859385,-1310.9462631358929,-1319.383302917485,0.012818629133915344,0.00029521221736989454,5,True,252,1500,1,1,0 days 00:00:00.307324,CORN,0.707216453670968,0.7050719688124494
57,2012-07-25 13:30:00+00:00,-1323.093646370483,-1308.9759300204373,-1317.4129698020295,0.012857651126055254,0.00029752937621180156,5,True,252,1500,1,1,0 days 00:00:00.240740,CORN,0.8148405627038356,0.8130682586510986
58,2012-08-01 13:30:00+00:00,-1330.2062395738926,-1316.088523223847,-1324.5255630054392,0.012691314013344083,0.00028925650306360753,5,True,252,1500,1,1,0 days 00:00:00.257874,CORN,0.0951694207265984,0.10943595322024556
59,2012-08-08 13:30:00+00:00,-1334.3615163116492,-1320.2437999616036,-1328.6808397431957,0.012516351017870365,0.00028451958110638437,5,True,252,1500,1,1,0 days 00:00:00.368907,CORN,0.01960043290557078,
60,2012-08-15 13:30:00+00:00,-1339.0553610721495,-1324.9376447221039,-1333.374684503696,0.012430477453993767,0.0002792650113143129,5,True,252,1500,1,1,0 days 00:00:00.177735,CORN,0.556444770342495,0.5512297733282236
61,2012-08-22 13:30:00+00:00,-1340.0065612866038,-1325.8888449365581,-1334.3258847181503,0.012344832658929326,0.0002782136564833327,5,True,252,1500,1,1,0 days 00:00:00.160045,CORN,0.5546688975597722,0.5495872133311955
62,2012-08-29 13:30:00+00:00,-1339.9480158521046,-1325.830299502059,-1334.2673392836512,0.012366873623491668,0.0002782774855856075,5,True,252,1500,1,1,0 days 00:00:00.220337,CORN,0.544704992744185,0.5397634989641888
63,2012-09-06 13:30:00+00:00,-1345.602129296221,-1331.4844129461753,-1339.9214527277675,0.012209950805029787,0.0002721057868692422,5,True,252,1500,1,1,0 days 00:00:00.199939,CORN,0.5144661712205681,0.5091479303190157
64,2012-09-13 13:30:00+00:00,-1349.4039448389344,-1335.2862284888888,-1343.723268270481,0.012087064062744476,0.00026804749988488906,5,True,252,1500,1,1,0 days 00:00:00.175925,CORN,0.4509117882433458,0.4440491275906649
65,2012-09-20 13:30:00+00:00,-1346.1819336966296,-1332.064217346584,-1340.5012571281761,0.012166476213088343,0.0002715091803592551,5,True,252,1500,1,1,0 days 00:00:00.176670,CORN,0.571262097935317,0.5595187161284576
66,2012-09-27 13:30:00+00:00,-1356.439392050554,-1342.3216757005084,-1350.7587154821006,0.011829139903716476,0.00026081535045418397,5,True,252,1500,1,1,0 days 00:00:00.307048,CORN,0.0281035230361894,
67,2012-10-04 13:30:00+00:00,-1372.9255530848945,-1358.807836734849,-1367.244876516441,0.011548045444540104,0.00024416936259465105,5,True,252,1500,1,1,0 days 00:00:00.198084,CORN,0.04115201484456658,0.02041679486678396
68,2012-10-11 13:30:00+00:00,-1380.8535226793074,-1366.7358063292618,-1375.172846110854,0.011474090429578677,0.00023627527824081264,5,True,252,1500,1,1,0 days 00:00:00.238636,CORN,0.03914830126423131,0.018101511067710116
69,2012-10-18 13:30:00+00:00,-1377.3648353354106,-1363.247118985365,-1371.6841587669571,0.011571299257203606,0.00023961225463855256,5,True,252,1500,1,1,0 days 00:00:00.417347,CORN,0.03884939700354601,0.01764336077240329
70,2012-10-25 13:30:00+00:00,-1378.7801563120875,-1364.6624399620418,-1373.099479743634,0.011506818856504177,0.00023831540396293785,5,True,252,1500,1,1,0 days 00:00:00.228826,CORN,0.03918090783145474,0.01802514940869082
71,2012-11-05 14:30:00+00:00,-1379.3648921432077,-1365.2471757931621,-1373.6842155747543,0.011470148666559286,0.00023779727684206182,5,True,252,1500,1,1,0 days 00:00:00.257184,CORN,0.03920524863269323,0.017926168028782424
72,2012-11-12 14:30:00+00:00,-1378.507780732291,-1364.3900643822453,-1372.8271041638375,0.011469411696329018,0.0002386638537198609,5,True,252,1500,1,1,0 days 00:00:00.265088,CORN,0.03970118177283633,0.01839597931924008
73,2012-11-19 14:30:00+00:00,-1379.7411542563395,-1365.623437906294,-1374.060477687886,0.011344316407843325,0.00023755959066253086,5,True,252,1500,1,1,0 days 00:00:00.248112,CORN,0.03986654449747391,0.01875924527975686
74,2012-11-27 14:30:00+00:00,-1386.5855309030994,-1372.4678145530538,-1380.904854334646,0.011176441699160659,0.0002310365471954993,5,True,252,1500,1,1,0 days 00:00:00.230309,CORN,0.0392580570666347,0.01807171968600981
75,2012-12-04 14:30:00+00:00,-1388.1172803584218,-1373.9995640083762,-1382.4366037899683,0.011061329765958495,0.00022966810580261606,5,True,252,1500,1,1,0 days 00:00:00.299002,CORN,0.03910982377809634,0.017917292651040573
76,2012-12-11 14:30:00+00:00,-1386.827369989739,-1372.7096536396934,-1381.1466934212856,0.011106689782372652,0.00023092893419711353,5,True,252,1500,1,1,0 days 00:00:00.287549,CORN,0.039165357965406655,0.018011353885087466
77,2012-12-18 14:30:00+00:00,-1388.7662828196408,-1374.6485664695952,-1383.0856062511873,0.011073503494530816,0.0002292075634949631,5,True,252,1500,1,1,0 days 00:00:00.243851,CORN,0.03917033958829006,0.017994032170884078
78,2012-12-26 14:30:00+00:00,-1388.0543839496704,-1373.9366675996248,-1382.373707381217,0.011047720130156353,0.00022987196715104668,5,True,252,1500,1,1,0 days 00:00:00.245069,CORN,0.03949906846650894,0.01855685709195029
79,2013-01-03 14:30:00+00:00,-1388.8648812800975,-1374.747164930052,-1383.184204711644,0.010968177831351674,0.00022921502458767953,5,True,252,1500,1,1,0 days 00:00:00.261012,CORN,0.039671263451763195,0.01902967353974511
80,2013-01-10 14:30:00+00:00,-1391.6138781056743,-1377.4961617556287,-1385.9332015372208,0.01088956382443851,0.00022675722986959467,5,True,252,1500,1,1,0 days 00:00:00.250141,CORN,0.04048569459172807,0.020704854818149383
81,2013-01-17 14:30:00+00:00,-1403.528746369307,-1389.4110300192615,-1397.8480698008536,0.010842910275773283,0.00021608203770953857,5,True,252,1500,1,1,0 days 00:00:00.269825,CORN,0.04017589654562739,0.02096104341103813
82,2013-01-25 14:30:00+00:00,-1406.8386123210234,-1392.7208959709778,-1401.15793575257,0.010670494781836707,0.00021322929783826466,5,True,252,1500,1,1,0 days 00:00:00.230204,CORN,0.041242689150140135,0.02171110389534974
83,2013-02-01 14:30:00+00:00,-1406.5039511612981,-1392.3862348112525,-1400.8232745928447,0.01066894855785594,0.00021352854815679742,5,True,252,1500,1,1,0 days 00:00:00.244568,CORN,0.04570378570319159,0.026298029220177443
84,2013-02-08 14:30:00+00:00,-1404.05524108898,-1389.9375247389344,-1398.3745645205265,0.010743282709762136,0.0002156488701146381,5,True,252,1500,1,1,0 days 00:00:00.197101,CORN,0.04818293921108577,0.028545751887462386
85,2013-02-15 14:30:00+00:00,-1401.7608525702713,-1387.6431362202256,-1396.0801760018178,0.010718983123479877,0.00021774555679139382,5,True,252,1500,1,1,0 days 00:00:00.177592,CORN,0.7549585619340246,0.733201955456159
86,2013-02-25 14:30:00+00:00,-1402.6167889325052,-1388.4990725824596,-1396.9361123640517,0.01063417520191966,0.00021700456332065095,5,True,252,1500,1,1,0 days 00:00:00.205852,CORN,0.5389338472296321,0.5247980904687556
87,2013-03-04 14:30:00+00:00,-1401.917411922096,-1387.7996955720505,-1396.2367353536426,0.010692305244963578,0.0002176080114163723,5,True,252,1500,1,1,0 days 00:00:00.169745,CORN,0.5373625310893763,0.524049001334858
88,2013-03-11 13:30:00+00:00,-1400.491892779195,-1386.3741764291494,-1394.8112162107416,0.010772309506269031,0.0002188442762328711,5,True,252,1500,1,1,0 days 00:00:00.174796,CORN,0.6052512736989033,0.5917507895670393
89,2013-03-18 13:30:00+00:00,-1401.5588804429563,-1387.4411640929106,-1395.8782038745028,0.01073714116574979,0.00021792004310316345,5,True,252,1500,1,1,0 days 00:00:00.182993,CORN,0.6353546009364178,0.6220655567447736
90,2013-03-25 13:30:00+00:00,-1403.0973855261664,-1388.9796691761208,-1397.416708957713,0.010697901664898474,0.0002165936293302329,5,True,252,1500,1,1,0 days 00:00:00.181557,CORN,0.7959878035335918,0.7804256503586
91,2013-04-02 13:30:00+00:00,-1384.568318630439,-1370.4506022803935,-1378.8876420619856,0.01082652783651566,0.0002332180299681061,5,True,252,1500,1,1,0 days 00:00:00.239063,CORN,0.046724741837738636,0.026009421721180842
92,2013-04-09 13:30:00+00:00,-1391.6331481036955,-1377.5154317536499,-1385.952471535242,0.010639037677539182,0.0002266737872317528,5,True,252,1500,1,1,0 days 00:00:00.167902,CORN,0.4717504962439162,0.4631761001851083
93,2013-04-16 13:30:00+00:00,-1387.7260111615242,-1373.6082948114786,-1382.0453345930707,0.010802742304225798,0.0002302472247551968,5,True,252,1500,1,1,0 days 00:00:00.267486,CORN,0.04511447195676441,0.02536543346934781
94,2013-04-23 13:30:00+00:00,-1390.4736898915507,-1376.3559735415051,-1384.7930133230973,0.010713915454216951,0.00022770703135600268,5,True,252,1500,1,1,0 days 00:00:00.254776,CORN,0.05368721777934616,0.03195488406457977
95,2013-04-30 13:30:00+00:00,-1374.577344987547,-1360.4596286375013,-1368.8966684190934,0.010933371663782358,0.00024254182299811452,5,True,252,1500,1,1,0 days 00:00:00.237840,CORN,0.0676005289141802,0.04512298618835531
96,2013-05-07 13:30:00+00:00,-1371.9070509297476,-1357.789334579702,-1366.2263743612941,0.010936623487547648,0.0002451252056539222,5,True,252,1500,1,1,0 days 00:00:00.292166,CORN,0.07461211230623953,0.05230083433158834
97,2013-05-14 13:30:00+00:00,-1368.3468090398214,-1354.2290926897758,-1362.666132471368,0.01111843409421998,0.00024862165206121007,5,True,252,1500,1,1,0 days 00:00:00.241847,CORN,0.1163902618846241,0.09696322628970888
98,2013-05-21 13:30:00+00:00,-1370.089735918622,-1355.9720195685763,-1364.4090593501685,0.011027537768526113,0.0002469231171275566,5,True,252,1500,1,1,0 days 00:00:00.335347,CORN,0.13048006664429168,0.10989470635053687
99,2013-05-29 13:30:00+00:00,-1368.874592721521,-1354.7568763714753,-1363.1939161530674,0.011110464431575002,0.0002481038101906639,5,True,252,1500,1,1,0 days 00:00:00.263215,CORN,0.1516204448679682,0.1305035780454329
100,2013-06-05 13:30:00+00:00,-1368.4356057945556,-1354.31788944451,-1362.7549292261021,0.011057581854903823,0.0002485677392956463,5,True,252,1500,1,1,0 days 00:00:00.259251,CORN,0.16640728322551707,0.14351282032322846
101,2013-06-12 13:30:00+00:00,-1372.5904659251423,-1358.4727495750967,-1366.9097893566889,0.010909106928169526,0.00024454989037214693,5,True,252,1500,1,1,0 days 00:00:00.238394,CORN,0.10466786498851686,0.08464547322996624
102,2013-06-19 13:30:00+00:00,-1371.9497526532714,-1357.8320363032258,-1366.269076084818,0.010930480324713306,0.000245100399109684,5,True,252,1500,1,1,0 days 00:00:00.358535,CORN,0.007162374067720765,0.005815455894526325
103,2013-06-26 13:30:00+00:00,-1390.4548129248237,-1376.3370965747781,-1384.7741363563703,0.010720116314692817,0.00022811417338073855,5,True,252,1500,1,1,0 days 00:00:00.302195,CORN,0.036445283221195265,0.04480395220054753
104,2013-07-03 13:30:00+00:00,-1399.3959000634181,-1385.2781837133725,-1393.7152234949647,0.010289479663413962,0.0002199040948551744,5,True,252,1500,1,1,0 days 00:00:00.307621,CORN,0.026461967437519628,0.011992078971498059
105,2013-07-11 13:30:00+00:00,-1428.132134568606,-1414.0144182185604,-1422.4514580001526,0.009811571239043228,0.0001962818598033668,5,True,252,1500,1,1,0 days 00:00:00.376794,CORN,0.03004222763406084,0.011711754966110335
106,2013-07-18 13:30:00+00:00,-1442.4261961387892,-1428.3084797887436,-1436.7455195703358,0.00958947752083986,0.0001851108474244835,5,True,252,1500,1,1,0 days 00:00:00.392684,CORN,0.03160857051843873,0.010675199740724055
107,2013-07-25 13:30:00+00:00,-1434.6046655972364,-1420.4869492471908,-1428.923989028783,0.00957278900039401,0.0001911376313402439,5,True,252,1500,1,1,0 days 00:00:00.271104,CORN,0.17352881222656807,0.15328034689764278
108,2013-08-01 13:30:00+00:00,-1437.9271759064727,-1423.809459556427,-1432.2464993380192,0.009454922865567284,0.00018862851223674077,5,True,252,1500,1,1,0 days 00:00:00.235652,CORN,0.17789790458859894,0.15746426316488008
109,2013-08-08 13:30:00+00:00,-1438.1523918583966,-1424.034675508351,-1432.4717152899432,0.009466052556649377,0.00018846547834803836,5,True,252,1500,1,1,0 days 00:00:00.224222,CORN,0.19087170615901503,0.1706635278439884
110,2013-08-15 13:30:00+00:00,-1432.0080905225159,-1417.8903741724703,-1426.3274139540624,0.00972915449775038,0.0001928310594863182,5,True,252,1500,1,1,0 days 00:00:00.408029,CORN,0.02875926289097591,0.010736596600829113
111,2013-08-22 13:30:00+00:00,-1419.3889323998815,-1405.2712160498359,-1413.708255831428,0.010048766046255006,0.00020268653956280027,5,True,252,1500,1,1,0 days 00:00:00.342047,CORN,0.02931144441732918,0.011161325800053613
112,2013-08-29 13:30:00+00:00,-1404.1193593863163,-1390.0016430362707,-1398.4386828178629,0.010270697782035484,0.0002152572060254186,5,True,252,1500,1,1,0 days 00:00:00.239084,CORN,0.03013807626512988,0.010796966106484751
113,2013-09-06 13:30:00+00:00,-1402.6137487278943,-1388.4960323778487,-1396.9330721594408,0.010356170909288446,0.0002166533764644803,5,True,252,1500,1,1,0 days 00:00:00.430621,CORN,0.03025724983778171,0.011146988823541879
114,2013-09-13 13:30:00+00:00,-1401.7444529967215,-1387.626736646676,-1396.063776428268,0.01040624275057461,0.00021754148559656407,5,True,252,1500,1,1,0 days 00:00:00.412337,CORN,0.030271260017725704,0.011632721312104563
115,2013-09-20 13:30:00+00:00,-1406.1187686211574,-1392.0010522711118,-1400.438092052704,0.010295846003646547,0.00021371944250132447,5,True,252,1500,1,1,0 days 00:00:00.460187,CORN,0.02985448748905793,0.012633759744433249
116,2013-09-27 13:30:00+00:00,-1407.0183186035592,-1392.9006022535136,-1401.3376420351058,0.010261215061654522,0.00021312043670186599,5,True,252,1500,1,1,0 days 00:00:00.359913,CORN,0.029573121368543412,0.012540687572675409
117,2013-10-04 13:30:00+00:00,-1417.7370330936583,-1403.6193167436127,-1412.0563565252048,0.010071623312757462,0.00020391703591227255,5,True,252,1500,1,1,0 days 00:00:00.228079,CORN,0.028837845660560003,0.012936006384763969
118,2013-10-11 13:30:00+00:00,-1414.8100115263906,-1400.692295176345,-1409.129334957937,0.010221126952606033,0.0002064399487624833,5,True,252,1500,1,1,0 days 00:00:00.247296,CORN,0.028929132285705674,0.014043734583445381
119,2013-10-18 13:30:00+00:00,-1424.7954392483307,-1410.677722898285,-1419.1147626798772,0.010039581676921476,0.00019816520516010108,5,True,252,1500,1,1,0 days 00:00:00.261905,CORN,0.028243252606913044,0.013317162400676597
120,2013-10-25 13:30:00+00:00,-1426.0595473459662,-1411.9418309959206,-1420.3788707775127,0.010010858643332366,0.0001971801555987824,5,True,252,1500,1,1,0 days 00:00:00.274568,CORN,0.028116834418333084,0.01308336526037728
121,2013-11-01 13:30:00+00:00,-1425.3667010122203,-1411.2489846621747,-1419.6860244437669,0.01002511131650927,0.00019778510883171623,5,True,252,1500,1,1,0 days 00:00:00.366127,CORN,0.027954228668275783,0.014040070009625932
122,2013-11-08 14:30:00+00:00,-1424.2550588929125,-1410.137342542867,-1418.574382324459,0.010069154118532443,0.00019871746013833754,5,True,252,1500,1,1,0 days 00:00:00.407750,CORN,0.02757530619255386,0.01433575842783944
123,2013-11-15 14:30:00+00:00,-1422.9177233949827,-1408.800007044937,-1417.2370468265292,0.010177495187078707,0.000199779889721515,5,True,252,1500,1,1,0 days 00:00:00.276491,CORN,0.027911825625579034,0.015995165020543035
124,2013-11-22 14:30:00+00:00,-1422.4589399503789,-1408.3412236003333,-1416.7782633819254,0.01015516829595687,0.00020013745526119173,5,True,252,1500,1,1,0 days 00:00:00.311773,CORN,0.027464477939346782,0.015139572632546323
125,2013-12-02 14:30:00+00:00,-1423.0128901486523,-1408.8951737986067,-1417.3322135801989,0.010125716322998272,0.0001997427267714733,5,True,252,1500,1,1,0 days 00:00:00.390179,CORN,0.027225814131327093,0.015317575275038554
126,2013-12-09 14:30:00+00:00,-1422.7592599096897,-1408.641543559644,-1417.0785833412363,0.010165435634101251,0.00019997186011168672,5,True,252,1500,1,1,0 days 00:00:00.546445,CORN,0.02722337262803779,0.014398112423709527
127,2013-12-16 14:30:00+00:00,-1420.8800886175568,-1406.7623722675112,-1415.1994120491033,0.010239330846256278,0.00020154003906136886,5,True,252,1500,1,1,0 days 00:00:00.367949,CORN,0.02731489179666237,0.016227678362746255
128,2013-12-23 14:30:00+00:00,-1422.7351652548741,-1408.6174489048285,-1417.0544886864207,0.010212111218977329,0.00020006552866988245,5,True,252,1500,1,1,0 days 00:00:00.339054,CORN,0.02736379730009874,0.016377852501720535
129,2013-12-31 14:30:00+00:00,-1422.9724312352696,-1408.854714885224,-1417.2917546668161,0.010206331180124876,0.00019994269097476007,5,True,252,1500,1,1,0 days 00:00:00.354151,CORN,0.027771705363350243,0.016878912150992267
130,2014-01-08 14:30:00+00:00,-1421.6399518156718,-1407.5222354656262,-1415.9592752472183,0.010243920622631058,0.0002010323551447001,5,True,252,1500,1,1,0 days 00:00:00.269227,CORN,0.02891785392887667,0.01732400552985177
131,2014-01-15 14:30:00+00:00,-1417.5633608340436,-1403.445644483998,-1411.8826842655901,0.010272844950474362,0.00020422851556681104,5,True,252,1500,1,1,0 days 00:00:00.252861,CORN,0.029350140922541124,0.01362982441279217
132,2014-01-23 14:30:00+00:00,-1418.0463700761607,-1403.928653726115,-1412.3656935077072,0.010234539296391398,0.00020394268108569048,5,True,252,1500,1,1,0 days 00:00:00.253492,CORN,0.02931999490670311,0.013397557080696199
133,2014-01-30 14:30:00+00:00,-1418.7305206134865,-1404.612804263441,-1413.049844045033,0.010234030885163867,0.00020346632050964237,5,True,252,1500,1,1,0 days 00:00:00.412271,CORN,0.029176320495312453,0.012357725355728481
134,2014-02-06 14:30:00+00:00,-1416.9683866514606,-1402.850670301415,-1411.2877100830071,0.010317541303469905,0.0002049917943347328,5,True,252,1500,1,1,0 days 00:00:00.337899,CORN,0.02882141443102084,0.012741181103228073
135,2014-02-13 14:30:00+00:00,-1417.411165178179,-1403.2934488281335,-1411.7304886097256,0.0103051157265736,0.0002047260286548889,5,True,252,1500,1,1,0 days 00:00:00.270250,CORN,0.02820214437364849,0.01319388101100401
136,2014-02-21 14:30:00+00:00,-1413.114503432364,-1398.9967870823184,-1407.4338268639106,0.010452156934603517,0.0002080799722073395,5,True,252,1500,1,1,0 days 00:00:00.277955,CORN,0.13237172240046374,0.09902794021148349
137,2014-02-28 14:30:00+00:00,-1410.8222392614848,-1396.7045229114392,-1405.1415626930313,0.010506943958690132,0.00021000988376989016,5,True,252,1500,1,1,0 days 00:00:00.239209,CORN,0.12681876281012813,0.09733573202476459
138,2014-03-07 14:30:00+00:00,-1404.5372951214385,-1390.419578771393,-1398.856618552985,0.010669151353282854,0.00021534050965084367,5,True,252,1500,1,1,0 days 00:00:00.262826,CORN,0.138918531225279,0.11226360963783491
139,2014-03-14 13:30:00+00:00,-1404.636862447976,-1390.5191460979304,-1398.9561858795225,0.01061848932689448,0.0002152478085141254,5,True,252,1500,1,1,0 days 00:00:00.240760,CORN,0.1400684073994704,0.11381121436930505
140,2014-03-21 13:30:00+00:00,-1402.8711618048383,-1388.7534454547927,-1397.1904852363848,0.010645193796962625,0.0002168284743433921,5,True,252,1500,1,1,0 days 00:00:00.293270,CORN,0.15370028761554044,0.12768071242986567
141,2014-03-28 13:30:00+00:00,-1427.1640518681543,-1413.0463355181087,-1421.4833752997008,0.010447170165303346,0.0001968510458213878,5,True,252,1500,1,1,0 days 00:00:00.187789,CORN,0.14179386780730668,0.1145716366935542
142,2014-04-04 13:30:00+00:00,-1419.972819011486,-1405.8551026614405,-1414.2921424430326,0.010690454460718767,0.00020254763116582265,5,True,252,1500,1,1,0 days 00:00:00.208656,CORN,0.1588303276749831,0.13208050610137698
143,2014-04-11 13:30:00+00:00,-1419.6563377214911,-1405.5386213714455,-1413.9756611530377,0.010647899528156915,0.0002029221074727114,5,True,252,1500,1,1,0 days 00:00:00.204172,CORN,0.1642619281138773,0.13631220848698622
144,2014-04-21 13:30:00+00:00,-1425.235686791707,-1411.1179704416613,-1419.5550102232535,0.010532382254409297,0.00019843031554663958,5,True,252,1500,1,1,0 days 00:00:00.154914,CORN,0.15924623628692333,0.13180021379627962
145,2014-04-28 13:30:00+00:00,-1427.6583203346768,-1413.5406039846312,-1421.9776437662233,0.010484527953160608,0.00019683113801819457,5,True,252,1500,1,1,0 days 00:00:00.175013,CORN,0.169871109977234,0.14154537759199703
146,2014-05-05 13:30:00+00:00,-1445.7175253143441,-1431.5998089642985,-1440.0368487458907,0.010348012751442466,0.00018296705761739547,5,True,252,1500,1,1,0 days 00:00:00.205061,CORN,0.17318369047627447,0.14651922417281696
147,2014-05-12 13:30:00+00:00,-1450.2649205360622,-1436.1472041860166,-1444.5842439676087,0.010265410324883312,0.00017964979601436476,5,True,252,1500,1,1,0 days 00:00:00.192876,CORN,0.1574131629982291,0.13262697488981043
148,2014-05-19 13:30:00+00:00,-1451.968888683607,-1437.8511723335614,-1446.2882121151536,0.010188993108015095,0.00017840680038332194,5,True,252,1500,1,1,0 days 00:00:00.202002,CORN,0.2066136064964906,0.18227722287162362
149,2014-05-27 13:30:00+00:00,-1454.4361548620677,-1440.318438512022,-1448.7554782936143,0.01012116161468082,0.00017671889262720495,5,True,252,1500,1,1,0 days 00:00:00.186115,CORN,0.18218293142887385,0.1568138033501044
150,2014-06-03 13:30:00+00:00,-1458.670207395135,-1444.5524910450895,-1452.9895308266816,0.0100346259097135,0.0001737358268062471,5,True,252,1500,1,1,0 days 00:00:00.258882,CORN,0.20322035548081677,0.17831781432123633
151,2014-06-10 13:30:00+00:00,-1460.775204168027,-1446.6574878179813,-1455.0945275995734,0.009965881931607573,0.00017228143985077867,5,True,252,1500,1,1,0 days 00:00:00.200101,CORN,0.21450413493679457,0.18976592852088353
152,2014-06-17 13:30:00+00:00,-1464.5532294020632,-1450.4355130520175,-1458.8725528336097,0.009864254279610048,0.00016975144742547584,5,True,252,1500,1,1,0 days 00:00:00.201276,CORN,0.22317940181237272,0.19846387875111024
153,2014-06-24 13:30:00+00:00,-1469.1591778944598,-1455.0414615444142,-1463.4785013260064,0.009767694286910754,0.00016664051653538268,5,True,252,1500,1,1,0 days 00:00:00.205125,CORN,0.19628972230183003,0.17272441923383816
154,2014-07-01 13:30:00+00:00,-1470.9028739490477,-1456.785157599002,-1465.2221973805943,0.00975713658265163,0.00016547472417740962,5,True,252,1500,1,1,0 days 00:00:00.223924,CORN,0.17208667150642395,0.14825805135468786
155,2014-07-09 13:30:00+00:00,-1476.713670939495,-1462.5959545894493,-1471.0329943710415,0.009672221487142342,0.00016171040210096819,5,True,252,1500,1,1,0 days 00:00:00.170024,CORN,0.22053359193105457,0.2010920323552709
156,2014-07-16 13:30:00+00:00,-1474.5802825064966,-1460.462566156451,-1468.8996059380431,0.009755127157712814,0.00016309991672977414,5,True,252,1500,1,1,0 days 00:00:00.188259,CORN,0.24830570403834112,0.2297341942839736
157,2014-07-23 13:30:00+00:00,-1474.1408449722421,-1460.0231286221965,-1468.4601684037887,0.009767919055421008,0.0001633765314788302,5,True,252,1500,1,1,0 days 00:00:00.164092,CORN,0.23190533028793153,0.21269670436058052
158,2014-07-30 13:30:00+00:00,-1473.8107801365804,-1459.6930637865348,-1468.130103568127,0.009769280243096786,0.000163592536103846,5,True,252,1500,1,1,0 days 00:00:00.194663,CORN,0.23550522873073124,0.2159563796290659
159,2014-08-06 13:30:00+00:00,-1470.4431519107143,-1456.3254355606687,-1464.7624753422608,0.009877415208489572,0.00016578251567992978,5,True,252,1500,1,1,0 days 00:00:00.220788,CORN,0.22863318185780035,0.20871727198868145
160,2014-08-13 13:30:00+00:00,-1479.3551334337885,-1465.237417083743,-1473.674456865335,0.009693153863735246,0.00016007448369806227,5,True,252,1500,1,1,0 days 00:00:00.199979,CORN,0.2322334948499988,0.21311361580917532
161,2014-08-20 13:30:00+00:00,-1499.7103318678282,-1485.5926155177826,-1494.0296552993748,0.009398284184993364,0.000147648907551418,5,True,252,1500,1,1,0 days 00:00:00.272276,CORN,0.19872837606744068,0.17802060664432903
162,2014-08-27 13:30:00+00:00,-1535.6142434222916,-1521.496527072246,-1529.933566853838,0.008972376897002431,0.00012801699203724567,5,True,252,1500,1,1,0 days 00:00:00.169351,CORN,0.24784503231580865,0.2302174570176078
163,2014-09-04 13:30:00+00:00,-1527.2445445713756,-1513.12682822133,-1521.5638680029222,0.009112727120816361,0.00013234249735309312,5,True,252,1500,1,1,0 days 00:00:00.159954,CORN,,
164,2014-09-11 13:30:00+00:00,-1523.4836940717892,-1509.3659777217435,-1517.8030175033357,0.009142797254643224,0.00013433273642274432,5,True,252,1500,1,1,0 days 00:00:00.199645,CORN,0.26129676644569105,0.24392606862053007
165,2014-09-18 13:30:00+00:00,-1523.5023013701439,-1509.3845850200983,-1517.8216248016904,0.009137732394949255,0.0001343213910267154,5,True,252,1500,1,1,0 days 00:00:00.185772,CORN,0.2481445395645294,0.23008321357384148
166,2014-09-25 13:30:00+00:00,-1520.8722383751,-1506.7545220250545,-1515.1915618066466,0.009218714153863035,0.0001357293572215142,5,True,252,1500,1,1,0 days 00:00:00.184042,CORN,0.2637232288557476,0.24627260156524405
167,2014-10-02 13:30:00+00:00,-1521.6461130449848,-1507.5283966949391,-1515.9654364765313,0.009238298643065001,0.0001353110254718586,5,True,252,1500,1,1,0 days 00:00:00.190964,CORN,0.2696512110716691,0.2521913850218528
168,2014-10-09 13:30:00+00:00,-1514.2348602053498,-1500.1171438553042,-1508.5541836368964,0.009355538103117959,0.00013935356937073631,5,True,252,1500,1,1,0 days 00:00:00.224073,CORN,0.3996423670116239,0.38543178023838026
169,2014-10-16 13:30:00+00:00,-1500.9446823214425,-1486.826965971397,-1495.264005752989,0.009588784337827488,0.0001468983997029322,5,True,252,1500,1,1,0 days 00:00:00.183877,CORN,0.3463113488503104,0.33147871006564494
170,2014-10-23 13:30:00+00:00,-1496.2176327989623,-1482.0999164489167,-1490.5369562305088,0.00968003251103548,0.0001496796264422468,5,True,252,1500,1,1,0 days 00:00:00.182448,CORN,0.3581541672203108,0.3437184124681411
171,2014-10-30 13:30:00+00:00,-1487.3839189886558,-1473.2662026386101,-1481.7032424202023,0.009878448274145895,0.0001550192778744184,5,True,252,1500,1,1,0 days 00:00:00.179480,CORN,0.3804853070439039,0.36612818242189715
172,2014-11-06 14:30:00+00:00,-1484.2276993822798,-1470.1099830322341,-1478.5470228138263,0.009987573561556256,0.00015697387942432804,5,True,252,1500,1,1,0 days 00:00:00.260228,CORN,0.38208872612442,0.3673195092220036
173,2014-11-13 14:30:00+00:00,-1485.0411535743997,-1470.923437224354,-1479.3604770059462,0.01000191223354605,0.0001564698535620508,5,True,252,1500,1,1,0 days 00:00:00.170154,CORN,0.4218065638281362,0.40859484006961133
174,2014-11-20 14:30:00+00:00,-1482.233724135147,-1468.1160077851014,-1476.5530475666935,0.01005895699289121,0.0001582208219179831,5,True,252,1500,1,1,0 days 00:00:00.211800,CORN,0.3510049190696752,0.3354615578265888
175,2014-11-28 14:30:00+00:00,-1481.314296446939,-1467.1965800968933,-1475.6336198784854,0.010086477715315944,0.00015879734914453597,5,True,252,1500,1,1,0 days 00:00:00.189410,CORN,0.35658029211133063,0.3414163921503032
176,2014-12-05 14:30:00+00:00,-1478.1507996862074,-1464.0330833361618,-1472.470123117754,0.01016926659968831,0.00016080298590459566,5,True,252,1500,1,1,0 days 00:00:00.172816,CORN,0.32530519029109284,0.3096645991445222
177,2014-12-12 14:30:00+00:00,-1475.118665102284,-1461.0009487522384,-1469.4379885338305,0.01025010982112649,0.0001627594623836276,5,True,252,1500,1,1,0 days 00:00:00.188844,CORN,0.3390707007722577,0.32402473264217946
178,2014-12-19 14:30:00+00:00,-1477.6164568701847,-1463.498740520139,-1471.9357803017313,0.010179897390607479,0.00016114502379069827,5,True,252,1500,1,1,0 days 00:00:00.179860,CORN,0.3433257162881371,0.3290083226869293
179,2014-12-29 14:30:00+00:00,-1476.6781428547738,-1462.5604265047282,-1470.9974662863203,0.010213393625838035,0.00016174606194927442,5,True,252,1500,1,1,0 days 00:00:00.175738,CORN,0.33036937836296054,0.3158721311573937
180,2015-01-06 14:30:00+00:00,-1471.0925470792463,-1456.9748307292007,-1465.4118705107928,0.010344409535017541,0.0001653740526534325,5,True,252,1500,1,1,0 days 00:00:00.170661,CORN,0.333435249505091,0.3185838628701449
181,2015-01-13 14:30:00+00:00,-1473.9089542510787,-1459.7912379010331,-1468.2282776826253,0.010305231737818187,0.00016353238006960798,5,True,252,1500,1,1,0 days 00:00:00.173030,CORN,0.34591638052545637,0.33230026881085545
182,2015-01-21 14:30:00+00:00,-1472.482986505347,-1458.3652701553015,-1466.8023099368936,0.01038078422502876,0.00016446036730182297,5,True,252,1500,1,1,0 days 00:00:00.177359,CORN,0.33528772246737676,0.3213128545782936
183,2015-01-28 14:30:00+00:00,-1470.333428623915,-1456.2157122738695,-1464.6527520554616,0.01047543994830978,0.00016587075656947093,5,True,252,1500,1,1,0 days 00:00:00.237983,CORN,0.3424146706151188,0.32842499531326685
184,2015-02-04 14:30:00+00:00,-1465.8151556305515,-1451.697439280506,-1460.134479062098,0.01048563492559359,0.00016886946889681833,5,True,252,1500,1,1,0 days 00:00:00.141850,CORN,0.3269428142268365,0.31211977733064966
185,2015-02-11 14:30:00+00:00,-1464.361377470681,-1450.2436611206354,-1458.6807009022275,0.01057370523189989,0.000169847912409941,5,True,252,1500,1,1,0 days 00:00:00.183851,CORN,0.347417860754291,0.3331214399764184
186,2015-02-19 14:30:00+00:00,-1463.8145363509493,-1449.6968200009037,-1458.1338597824958,0.010596916068218233,0.00017021567956603602,5,True,252,1500,1,1,0 days 00:00:00.233315,CORN,0.32201521162266467,0.30721543493035236
187,2015-02-26 14:30:00+00:00,-1463.1402835256044,-1449.0225671755588,-1457.459606957151,0.010614869773769449,0.00017067483542017225,5,True,252,1500,1,1,0 days 00:00:00.167270,CORN,0.33762420339348875,0.322854827249084
188,2015-03-05 14:30:00+00:00,-1470.7131434256175,-1456.595427075572,-1465.032466857164,0.010425843575852623,0.00016564040256795217,5,True,252,1500,1,1,0 days 00:00:00.196097,CORN,0.27468081326134064,0.2584455460310933
189,2015-03-12 13:30:00+00:00,-1477.0740442647489,-1462.9563279147033,-1471.3933676962954,0.010240167549400877,0.00016148962333855293,5,True,252,1500,1,1,0 days 00:00:00.190786,CORN,0.3067163761269688,0.29129699679063875
190,2015-03-19 13:30:00+00:00,-1473.7254186347836,-1459.607702284738,-1468.0447420663302,0.010317287258601707,0.00016365473901895595,5,True,252,1500,1,1,0 days 00:00:00.196047,CORN,0.3285188220645363,0.3130870420222034
191,2015-03-26 13:30:00+00:00,-1469.522112012995,-1455.4043956629494,-1463.8414354445415,0.010442922410363743,0.00016641227173085082,5,True,252,1500,1,1,0 days 00:00:00.185352,CORN,0.40462546482484707,0.38909093929665095
192,2015-04-02 13:30:00+00:00,-1466.327468940065,-1452.2097525900194,-1460.6467923716116,0.010414938506050159,0.00016853139549446403,5,True,252,1500,1,1,0 days 00:00:00.171759,CORN,0.35034963432142197,0.33305886951087726
193,2015-04-10 13:30:00+00:00,-1470.529438987588,-1456.4117226375424,-1464.8487624191346,0.010245688700266,0.00016573938023143676,5,True,252,1500,1,1,0 days 00:00:00.160264,CORN,0.34103187211444486,0.3241530243226868
194,2015-04-17 13:30:00+00:00,-1468.7140366739022,-1454.5963203238566,-1463.0333601054488,0.010323211153892951,0.00016694064367466231,5,True,252,1500,1,1,0 days 00:00:00.221891,CORN,0.35116789005942517,0.33426983318902304
195,2015-04-24 13:30:00+00:00,-1471.8160471747665,-1457.6983308247209,-1466.135370606313,0.010213087256076614,0.0001648967223834274,5,True,252,1500,1,1,0 days 00:00:00.178872,CORN,0.3502702543059017,0.33350639718752445
196,2015-05-01 13:30:00+00:00,-1473.9160712991898,-1459.7983549491441,-1468.2353947307363,0.01013954139156376,0.00016353388803737873,5,True,252,1500,1,1,0 days 00:00:00.173663,CORN,0.4110017718078409,0.3950222480544842
197,2015-05-08 13:30:00+00:00,-1476.7589200645662,-1462.6412037145205,-1471.0782434961127,0.010070826586906417,0.00016170829757552443,5,True,252,1500,1,1,0 days 00:00:00.175810,CORN,0.437580163522246,0.4236230769157638
198,2015-05-15 13:30:00+00:00,-1479.7855217963556,-1465.66780544631,-1474.1048452279022,0.01000617081170671,0.00015976190017640175,5,True,252,1500,1,1,0 days 00:00:00.176111,CORN,0.38308317280783977,0.3670059227757011
199,2015-05-22 13:30:00+00:00,-1477.740408219669,-1463.6226918696234,-1472.0597316512155,0.010105314825683736,0.0001610656004789526,5,True,252,1500,1,1,0 days 00:00:00.186515,CORN,0.39110176265980734,0.3749238205642015
200,2015-06-01 13:30:00+00:00,-1479.5522129172004,-1465.4344965671548,-1473.871536348747,0.010055114497974046,0.00015990934791726142,5,True,252,1500,1,1,0 days 00:00:00.193678,CORN,0.35560961745559955,0.33855335926650626
201,2015-06-08 13:30:00+00:00,-1479.4320848798388,-1465.3143685297932,-1473.7514083113854,0.010087000389875549,0.00015999196872975698,5,True,252,1500,1,1,0 days 00:00:00.198783,CORN,0.4216096327256714,0.4050261196924645
202,2015-06-15 13:30:00+00:00,-1478.2458375519104,-1464.1281212018648,-1472.565160983457,0.0100989893704939,0.00016074438598505985,5,True,252,1500,1,1,0 days 00:00:00.214034,CORN,0.47085820339446827,0.45368484988286023
203,2015-06-22 13:30:00+00:00,-1476.5888657619266,-1462.471149411881,-1470.9081891934732,0.010154807844405514,0.00016181553002188808,5,True,252,1500,1,1,0 days 00:00:00.200718,CORN,0.4439124108733102,0.4268474670846797
204,2015-06-29 13:30:00+00:00,-1469.9841361635613,-1455.8664198135157,-1464.3034595951078,0.010286085327500808,0.00016612879002189185,5,True,252,1500,1,1,0 days 00:00:00.250058,CORN,0.774937536392555,0.7621363115938575
205,2015-07-07 13:30:00+00:00,-1465.1091197617043,-1450.9914034116587,-1459.4284431932508,0.01030397174887319,0.00016934811857745384,5,True,252,1500,1,1,0 days 00:00:00.239996,CORN,0.01848337455613251,0.00994553921815294
206,2015-07-14 13:30:00+00:00,-1463.9382288171846,-1449.820512467139,-1458.2575522487311,0.010327664968779274,0.00017013875247261454,5,True,252,1500,1,1,0 days 00:00:00.223916,CORN,0.7037684984727995,0.6908526140330508
207,2015-07-21 13:30:00+00:00,-1463.1809029828978,-1449.0631866328522,-1457.5002264144443,0.010270842288437734,0.00017064920248772595,5,True,252,1500,1,1,0 days 00:00:00.198016,CORN,0.8563917161043038,0.8470046973729951
208,2015-07-28 13:30:00+00:00,-1450.306254180437,-1436.1885378303914,-1444.6255776119835,0.010468281658948957,0.0001795948055296119,5,True,252,1500,1,1,0 days 00:00:00.197958,CORN,1.1891441821913686,1.18448640963364
209,2015-08-04 13:30:00+00:00,-1451.4136257951336,-1437.295909445088,-1445.7329492266801,0.010478601095466767,0.00017880540429106792,5,True,252,1500,1,1,0 days 00:00:00.194243,CORN,0.1842024507321892,0.16723581550674999
210,2015-08-11 13:30:00+00:00,-1440.4527262911251,-1426.3350099410795,-1434.7720497226717,0.010604968564968327,0.00018675548430595166,5,True,252,1500,1,1,0 days 00:00:00.185107,CORN,0.7683859145651991,0.763817814904878
211,2015-08-18 13:30:00+00:00,-1433.368233426062,-1419.2505170760164,-1427.6875568576086,0.010682926079242386,0.0001920803793140921,5,True,252,1500,1,1,0 days 00:00:00.173809,CORN,0.6863273861725034,0.6782817200825053
212,2015-08-25 13:30:00+00:00,-1432.4886463023413,-1418.3709299522957,-1426.8079697338878,0.010728601566980488,0.00019275185623985927,5,True,252,1500,1,1,0 days 00:00:00.192998,CORN,0.6823915676320571,0.6744762973213944
213,2015-09-01 13:30:00+00:00,-1430.8007865747536,-1416.683070224708,-1425.1201100063001,0.01078426277694478,0.00019405366630920466,5,True,252,1500,1,1,0 days 00:00:00.164359,CORN,0.6103171473110194,0.6017460594017325
214,2015-09-09 13:30:00+00:00,-1441.3757730241573,-1427.2580566741117,-1435.6950964557038,0.010517518687995088,0.00018607296972247516,5,True,252,1500,1,1,0 days 00:00:00.250038,CORN,0.8196505389879535,0.8118478320807853
215,2015-09-16 13:30:00+00:00,-1435.9264604092523,-1421.8087440592067,-1430.2457838407988,0.010659289901929965,0.0001901410506676737,5,True,252,1500,1,1,0 days 00:00:00.181247,CORN,0.5798474894858828,0.5853732752440285
216,2015-09-23 13:30:00+00:00,-1436.3064667042204,-1422.1887503541748,-1430.625790135767,0.010644921897394731,0.00018985464157024443,5,True,252,1500,1,1,0 days 00:00:00.179506,CORN,1.1899998587408909,1.1820214124583683
217,2015-09-30 13:30:00+00:00,-1439.379546667753,-1425.2618303177073,-1433.6988700992995,0.010522867245529399,0.00018755587003680148,5,True,252,1500,1,1,0 days 00:00:00.253152,CORN,0.019673091923241952,0.010901572942399695
218,2015-10-07 13:30:00+00:00,-1443.413226979424,-1429.2955106293784,-1437.7325504109706,0.010389807871154576,0.00018457439078526253,5,True,252,1500,1,1,0 days 00:00:00.200617,CORN,0.8422578176354135,0.8327814657259621
219,2015-10-14 13:30:00+00:00,-1451.259876290816,-1437.1421599407704,-1445.5791997223625,0.010307381066033164,0.00017891723540251314,5,True,252,1500,1,1,0 days 00:00:00.370733,CORN,0.20390484865125705,0.18830524120075715
220,2015-10-21 13:30:00+00:00,-1455.5262192570908,-1441.4085029070452,-1449.8455426886374,0.010186384176725896,0.0001759145628361043,5,True,252,1500,1,1,0 days 00:00:00.301870,CORN,0.2519241348561863,0.23475850840735155
221,2015-10-28 13:30:00+00:00,-1461.5675431442319,-1447.4498267941863,-1455.8868665757784,0.010069760180416169,0.00017175770721577645,5,True,252,1500,1,1,0 days 00:00:00.188336,CORN,0.2026466644927837,0.17902066158731383
222,2015-11-04 14:30:00+00:00,-1465.0176371356356,-1450.89992078559,-1459.3369605671821,0.009905183886813156,0.0001694106049376731,5,True,252,1500,1,1,0 days 00:00:00.229666,CORN,2.087847956407721,2.0817835853242115
223,2015-11-11 14:30:00+00:00,-1464.1049661345069,-1449.9872497844613,-1458.4242895660534,0.00989921532261149,0.00017002527526128306,5,True,252,1500,1,1,0 days 00:00:00.169886,CORN,2.280362453959399,2.283279532119694
224,2015-11-18 14:30:00+00:00,-1469.1313086179289,-1455.0135922678833,-1463.4506320494754,0.009766325879915327,0.00016667948113384913,5,True,252,1500,1,1,0 days 00:00:00.236911,CORN,0.2401196887573936,0.21746431633449198
225,2015-11-25 14:30:00+00:00,-1477.2570955661895,-1463.1393792161439,-1471.576418997736,0.009571158253153038,0.0001613741624826313,5,True,252,1500,1,1,0 days 00:00:00.224451,CORN,0.24637108533971605,0.22175399391415815
226,2015-12-03 14:30:00+00:00,-1474.0389582186172,-1459.9212418685715,-1468.3582816501637,0.009633061630977787,0.0001634532873066068,5,True,252,1500,1,1,0 days 00:00:00.243433,CORN,0.4943648493655292,0.5008285697354106
227,2015-12-10 14:30:00+00:00,-1474.180593279164,-1460.0628769291184,-1468.4999167107105,0.009595657445868218,0.00016336132838110854,5,True,252,1500,1,1,0 days 00:00:00.215565,CORN,0.9869059493337762,0.9911304066574811
228,2015-12-17 14:30:00+00:00,-1475.7647920311356,-1461.64707568109,-1470.0841154626821,0.009555717693893935,0.00016233744910425577,5,True,252,1500,1,1,0 days 00:00:00.177544,CORN,0.9759239289865428,0.968939755709305
229,2015-12-24 14:30:00+00:00,-1477.7884234977023,-1463.6707071476567,-1472.1077469292488,0.009561534578321875,0.00016104335171542237,5,True,252,1500,1,1,0 days 00:00:00.222696,CORN,0.18242932058985362,0.15750559342827009
230,2016-01-04 14:30:00+00:00,-1478.9439295936745,-1464.826213243629,-1473.263253025221,0.009447463494237616,0.00016030274918523674,5,True,252,1500,1,1,0 days 00:00:00.201200,CORN,1.1543471075538116,1.149310208209353
231,2016-01-11 14:30:00+00:00,-1485.0944030485402,-1470.9766866984946,-1479.4137264800868,0.009362883495342575,0.00015644978819062558,5,True,252,1500,1,1,0 days 00:00:00.273222,CORN,0.15793267479900075,0.1366860575482865
232,2016-01-19 14:30:00+00:00,-1491.13868062963,-1477.0209642795844,-1485.4580040611766,0.009236603129630995,0.00015272974285586663,5,True,252,1500,1,1,0 days 00:00:00.181807,CORN,0.872854701513027,0.869718644221487
233,2016-01-26 14:30:00+00:00,-1491.756100883396,-1477.6383845333503,-1486.0754243149424,0.00921211927659947,0.00015235598151735154,5,True,252,1500,1,1,0 days 00:00:00.227259,CORN,0.438828691608587,0.44510982254973464
234,2016-02-02 14:30:00+00:00,-1492.1417117645037,-1478.023995414458,-1486.4610351960503,0.00917726248654615,0.00015212555153125843,5,True,252,1500,1,1,0 days 00:00:00.250079,CORN,0.721511612027384,0.7179371270740548
235,2016-02-09 14:30:00+00:00,-1500.2476258562106,-1486.129909506165,-1494.566949287757,0.009055286492976855,0.0001473075946762624,5,True,252,1500,1,1,0 days 00:00:00.266093,CORN,0.8165836950814117,0.8133672387974523
236,2016-02-17 14:30:00+00:00,-1502.0663133742546,-1487.948597024209,-1496.3856368058011,0.009051193863778959,0.00014624834249676334,5,True,252,1500,1,1,0 days 00:00:00.241677,CORN,0.18730141332038125,0.1646544306982921
237,2016-02-24 14:30:00+00:00,-1503.8734754496977,-1489.755759099652,-1498.1927988812442,0.008924724520617038,0.00014520326210719405,5,True,252,1500,1,1,0 days 00:00:00.192589,CORN,0.8833214772484,0.8804782193998135
238,2016-03-02 14:30:00+00:00,-1504.9501741705499,-1490.8324578205043,-1499.2694976020964,0.008870701985270851,0.00014458425651219252,5,True,252,1500,1,1,0 days 00:00:00.171480,CORN,1.0168443003788612,1.0145289485841418
239,2016-03-09 14:30:00+00:00,-1505.2063833200582,-1491.0886669700126,-1499.5257067516047,0.0088655958013198,0.00014443739184615267,5,True,252,1500,1,1,0 days 00:00:00.216065,CORN,1.3020003438860892,1.3000177004050604
240,2016-03-16 13:30:00+00:00,-1511.945546100486,-1497.8278297504403,-1506.2648695320324,0.008755265818988996,0.00014063178852861082,5,True,252,1500,1,1,0 days 00:00:00.252438,CORN,0.1661783729157598,0.14390289938258524
241,2016-03-23 13:30:00+00:00,-1516.8449436474416,-1502.727227297396,-1511.1642670789881,0.00856662771603675,0.00013791818304543875,5,True,252,1500,1,1,0 days 00:00:00.235744,CORN,0.8430750393840987,0.8396917650168741
242,2016-03-31 13:30:00+00:00,-1516.4190190568784,-1502.3013027068328,-1510.738342488425,0.00862820614338517,0.00013815174001675966,5,True,252,1500,1,1,0 days 00:00:00.161727,CORN,0.23175513699893416,0.2438531189131186
243,2016-04-07 13:30:00+00:00,-1520.0396653658622,-1505.9219490158166,-1514.3589887974088,0.00857681458111012,0.0001361668388204538,5,True,252,1500,1,1,0 days 00:00:00.243045,CORN,0.14478045164156578,0.12016420832065175
244,2016-04-14 13:30:00+00:00,-1513.7016603583784,-1499.5839440083328,-1508.020983789925,0.008685058751162208,0.00013963025170496364,5,True,252,1500,1,1,0 days 00:00:00.294104,CORN,0.15332522269119053,0.12660714012932628
245,2016-04-21 13:30:00+00:00,-1499.2426230383198,-1485.1249066882742,-1493.5619464698664,0.008912114738933974,0.00014789573165873438,5,True,252,1500,1,1,0 days 00:00:00.199710,CORN,0.23591428476453524,0.2451528524188291
246,2016-04-28 13:30:00+00:00,-1493.1736652456748,-1479.0559488956292,-1487.4929886772213,0.009124142352270902,0.0001514767281846183,5,True,252,1500,1,1,0 days 00:00:00.189657,CORN,0.14959125762789013,0.12123455597865267
247,2016-05-05 13:30:00+00:00,-1487.6739006387816,-1473.556184288736,-1481.993224070328,0.009192867437894412,0.00015483202269633422,5,True,252,1500,1,1,0 days 00:00:00.250038,CORN,0.15867240589610085,0.1287274372694486
248,2016-05-12 13:30:00+00:00,-1473.517237109811,-1459.3995207597654,-1467.8365605413576,0.00938265429731217,0.00016389956243307793,5,True,252,1500,1,1,0 days 00:00:00.339443,CORN,0.022830679327415913,0.021713125197354792
249,2016-05-19 13:30:00+00:00,-1473.5536574617918,-1459.4359411117462,-1467.8729808933383,0.009317307527590449,0.00016376775334902465,5,True,252,1500,1,1,0 days 00:00:00.196074,CORN,0.3759379592478743,0.35403459164069984
250,2016-05-26 13:30:00+00:00,-1475.3544819379872,-1461.2367655879416,-1469.6738053695337,0.00923093556846842,0.00016259919118848888,5,True,252,1500,1,1,0 days 00:00:00.187699,CORN,0.411765621858365,0.3864675119047738
251,2016-06-03 13:30:00+00:00,-1475.8663849821396,-1461.748668632094,-1470.1857084136861,0.009305666983181098,0.0001625208684397619,5,True,252,1500,1,1,0 days 00:00:00.301029,CORN,0.022178015836636044,0.018702863263187014
252,2016-06-10 13:30:00+00:00,-1472.5348116450414,-1458.4170952949958,-1466.854135076588,0.009301920540623525,0.00016443166656049456,5,True,252,1500,1,1,0 days 00:00:00.218054,CORN,0.3373715622634064,0.34462057045328415
253,2016-06-17 13:30:00+00:00,-1474.484282961595,-1460.3665666115494,-1468.8036063931415,0.009334738361896381,0.0001635436359611835,5,True,252,1500,1,1,0 days 00:00:00.314094,CORN,0.02297312876067655,0.013776739033780397
254,2016-06-24 13:30:00+00:00,-1466.0455677464506,-1451.927851396405,-1460.3648911779972,0.009431052068734581,0.00016906750524986597,5,True,252,1500,1,1,0 days 00:00:00.412021,CORN,0.02396620979629103,0.014851158497022768
255,2016-07-01 13:30:00+00:00,-1486.5684227768602,-1472.4507064268146,-1480.8877462084067,0.0092883852597676,0.00015566315633845876,5,True,252,1500,1,1,0 days 00:00:00.324029,CORN,0.023159297350863164,0.011057333802708038
256,2016-07-11 13:30:00+00:00,-1475.8603050685392,-1461.7425887184936,-1470.1796285000858,0.009513422284972185,0.00016247556965745937,5,True,252,1500,1,1,0 days 00:00:00.417339,CORN,0.023625880597999582,0.011260508380376996
257,2016-07-18 13:30:00+00:00,-1475.708974675521,-1461.5912583254753,-1470.0282981070675,0.009535133284257837,0.00016255919590917303,5,True,252,1500,1,1,0 days 00:00:00.342370,CORN,0.023623215107887233,0.010811686281950722
258,2016-07-25 13:30:00+00:00,-1470.574497100386,-1456.4567807503404,-1464.8938205319325,0.009609543563609367,0.00016572744639660716,5,True,252,1500,1,1,0 days 00:00:00.203371,CORN,0.47063931373278217,0.453481839793693
259,2016-08-01 13:30:00+00:00,-1483.6697639193562,-1469.5520475693106,-1477.9890873509028,0.009401792694140751,0.00015732169349319094,5,True,252,1500,1,1,0 days 00:00:00.161132,CORN,0.3580137428183394,0.33311187872810477
260,2016-08-08 13:30:00+00:00,-1483.7960508725105,-1469.6783345224649,-1478.115374304057,0.009383293360350925,0.0001572879174266756,5,True,252,1500,1,1,0 days 00:00:00.227344,CORN,0.6723983519978811,0.6230973564506691
261,2016-08-15 13:30:00+00:00,-1514.532106993057,-1500.4143906430113,-1508.8514304246034,0.008873436741948007,0.00013900618029360175,5,True,252,1500,1,1,0 days 00:00:00.206699,CORN,0.021831109579421654,0.014218476146843852
262,2016-08-22 13:30:00+00:00,-1510.947813350579,-1496.8300970005334,-1505.2671367821256,0.008945212729605528,0.00014118314475492936,5,True,252,1500,1,1,0 days 00:00:00.186723,CORN,0.39991552080842613,0.38009158099074447
263,2016-08-29 13:30:00+00:00,-1508.6592936090778,-1494.5415772590322,-1502.9786170406244,0.00900748573116514,0.00014247056108089367,5,True,252,1500,1,1,0 days 00:00:00.189812,CORN,0.3632932920805242,0.3440963821590853
264,2016-09-06 13:30:00+00:00,-1505.723732413362,-1491.6060160633165,-1500.0430558449086,0.00906986982641454,0.00014414270412119862,5,True,252,1500,1,1,0 days 00:00:00.280895,CORN,0.333321215078535,0.3135125758992673
265,2016-09-13 13:30:00+00:00,-1507.5585698612467,-1493.440853511201,-1501.8778932927933,0.00904540089079191,0.00014309249277964586,5,True,252,1500,1,1,0 days 00:00:00.295839,CORN,0.36184412354309914,0.34146404141342096
266,2016-09-20 13:30:00+00:00,-1511.243663084907,-1497.1259467348614,-1505.5629865164535,0.008966109880464463,0.00014078754560175984,5,True,252,1500,1,1,0 days 00:00:00.386753,CORN,0.021631863784077984,0.012409523443455294
267,2016-09-27 13:30:00+00:00,-1508.0320001278988,-1493.9142837778531,-1502.3513235594453,0.00900090585832106,0.00014282267549012287,5,True,252,1500,1,1,0 days 00:00:00.210389,CORN,0.511871958669098,0.4818656355193496
268,2016-10-04 13:30:00+00:00,-1500.8449297200332,-1486.7272133699876,-1495.1642531515797,0.009166382620464113,0.0001469568329249182,5,True,252,1500,1,1,0 days 00:00:00.186681,CORN,0.42545446935832715,0.400824522316446
269,2016-10-11 13:30:00+00:00,-1501.0224479916906,-1486.904731641645,-1495.341771423237,0.009141181566789645,0.00014685304291781027,5,True,252,1500,1,1,0 days 00:00:00.205984,CORN,0.4460153138245111,0.42134034443034096
270,2016-10-18 13:30:00+00:00,-1493.1649508163196,-1479.047234466274,-1487.484274247866,0.009236869988831786,0.00015150468346157833,5,True,252,1500,1,1,0 days 00:00:00.186562,CORN,0.4202531338998741,0.400788828442783
271,2016-10-25 13:30:00+00:00,-1491.324219558387,-1477.2065032083415,-1485.6435429899336,0.009267327405652299,0.0001526171404559102,5,True,252,1500,1,1,0 days 00:00:00.193151,CORN,1.1618839997916988,1.175188358232422
272,2016-11-01 13:30:00+00:00,-1492.7191974436973,-1478.6014810936517,-1487.0385208752439,0.009259207345591202,0.00015177341853798515,5,True,252,1500,1,1,0 days 00:00:00.176968,CORN,0.4635260986554924,0.44801640583315594
273,2016-11-08 14:30:00+00:00,-1492.6955577275744,-1478.5778413775288,-1487.014881159121,0.009222616545169308,0.00015178976618958635,5,True,252,1500,1,1,0 days 00:00:00.237508,CORN,0.4827298488051501,0.46783418801019455
274,2016-11-15 14:30:00+00:00,-1486.6209304112085,-1472.503214061163,-1480.940253842755,0.00933644228443198,0.00015546660648830187,5,True,252,1500,1,1,0 days 00:00:00.244110,CORN,0.03925777877964465,0.031926201359377036
275,2016-11-22 14:30:00+00:00,-1484.9880919347293,-1470.8703755846836,-1479.3074153662758,0.009411075600995465,0.00015647376532258552,5,True,252,1500,1,1,0 days 00:00:00.238521,CORN,0.03864270092939526,0.03100920213192881
276,2016-11-30 14:30:00+00:00,-1482.891817712129,-1468.7741013620835,-1477.2111411436756,0.009401521760191349,0.00015781071371454025,5,True,252,1500,1,1,0 days 00:00:00.279788,CORN,0.6369463820718749,0.622452882805803
277,2016-12-07 14:30:00+00:00,-1481.225418452616,-1467.1077021025703,-1475.5447418841625,0.009360913246342436,0.0001588572100326462,5,True,252,1500,1,1,0 days 00:00:00.199844,CORN,3.1673343082940564,3.1894061109001464
278,2016-12-14 14:30:00+00:00,-1481.2111462245616,-1467.093429874516,-1475.5304696561082,0.009387080024887766,0.00015886697283202733,5,True,252,1500,1,1,0 days 00:00:00.147720,CORN,0.7343440507859078,0.7201666164206814
279,2016-12-21 14:30:00+00:00,-1482.2218129838316,-1468.104096633786,-1476.541136415378,0.009370070168406758,0.00015822974672350575,5,True,252,1500,1,1,0 days 00:00:00.205898,CORN,0.7750023689306934,0.7601942030063189
280,2016-12-29 14:30:00+00:00,-1478.7293278967413,-1464.6116115466957,-1473.0486513282879,0.00942645421217285,0.00016043875022553257,5,True,252,1500,1,1,0 days 00:00:00.200442,CORN,2.6646082803659987,2.677642290538811
281,2017-01-06 14:30:00+00:00,-1478.340583490226,-1464.2228671401804,-1472.6599069217725,0.009474966007000091,0.0001606865760512791,5,True,252,1500,1,1,0 days 00:00:00.197136,CORN,0.8833780614327744,0.8711933873984925
282,2017-01-13 14:30:00+00:00,-1481.0691704141568,-1466.9514540641112,-1475.3884938457034,0.009356438408370709,0.00015895602555066234,5,True,252,1500,1,1,0 days 00:00:00.219084,CORN,0.86269056205592,0.8500977247956868
283,2017-01-23 14:30:00+00:00,-1481.5978900401246,-1467.480173690079,-1475.9172134716712,0.009310776388920196,0.00015862233282778806,5,True,252,1500,1,1,0 days 00:00:00.291313,CORN,0.997525447074773,0.9853513228726644
284,2017-01-30 14:30:00+00:00,-1480.9333575072133,-1466.8156411571676,-1475.2526809387598,0.009365677328442021,0.0001590410433491017,5,True,252,1500,1,1,0 days 00:00:00.190530,CORN,0.8732883487728568,0.8611257121029413
285,2017-02-06 14:30:00+00:00,-1478.6510970254985,-1464.533380675453,-1472.970420457045,0.009418282276385853,0.00016048829537003957,5,True,252,1500,1,1,0 days 00:00:00.188396,CORN,0.7618923953478046,0.7493449683065408
286,2017-02-13 14:30:00+00:00,-1477.4609699665575,-1463.343253616512,-1471.780293398104,0.009462587456330523,0.00016124805510766828,5,True,252,1500,1,1,0 days 00:00:00.214688,CORN,0.7617147890123139,0.7489148690892575
287,2017-02-21 14:30:00+00:00,-1476.7808160628051,-1462.6630997127595,-1471.1001394943517,0.009486304675636771,0.00016168446929920726,5,True,252,1500,1,1,0 days 00:00:00.182340,CORN,0.7270767279421642,0.7140536115864242
288,2017-02-28 14:30:00+00:00,-1477.0036889378366,-1462.885972587791,-1471.3230123693832,0.009475865365500187,0.00016154057532740687,5,True,252,1500,1,1,0 days 00:00:00.224471,CORN,0.7069787895195433,0.6946602082890186
289,2017-03-07 14:30:00+00:00,-1472.8507855710272,-1458.7330692209816,-1467.1701090025738,0.009607896201910809,0.0001642247643265797,5,True,252,1500,1,1,0 days 00:00:00.195809,CORN,0.6770170655932479,0.6636861216285376
290,2017-03-14 13:30:00+00:00,-1472.2108487823448,-1458.0931324322992,-1466.5301722138913,0.009639710699542024,0.00016464212696808248,5,True,252,1500,1,1,0 days 00:00:00.179192,CORN,0.6800162554268043,0.666233317319637
291,2017-03-21 13:30:00+00:00,-1471.193955120381,-1457.0762387703353,-1465.5132785519274,0.009717369544113924,0.00016530779650037508,5,True,252,1500,1,1,0 days 00:00:00.201917,CORN,0.6783208803995985,0.6641686615429448
292,2017-03-28 13:30:00+00:00,-1471.1255807486718,-1457.0078643986262,-1465.4449041802184,0.009712590951080674,0.00016535605456403414,5,True,252,1500,1,1,0 days 00:00:00.200802,CORN,0.7361955203138406,0.7225113711061897
293,2017-04-04 13:30:00+00:00,-1483.485006530329,-1469.3672901802834,-1477.8043299618755,0.009555723692460034,0.00015743867913395584,5,True,252,1500,1,1,0 days 00:00:00.253135,CORN,0.6243015418803143,0.6102369951519084
294,2017-04-11 13:30:00+00:00,-1484.9971506317206,-1470.879434281675,-1479.3164740632672,0.009500934159400688,0.00015649957046037056,5,True,252,1500,1,1,0 days 00:00:00.196563,CORN,0.8506052078167928,0.837515774871999
295,2017-04-19 13:30:00+00:00,-1491.1778156650284,-1477.0600993149828,-1485.497139096575,0.009379552541080116,0.00015270696684621877,5,True,252,1500,1,1,0 days 00:00:00.174821,CORN,0.8836783225816495,0.8728649641572059
296,2017-04-26 13:30:00+00:00,-1509.8000911803451,-1495.6823748302995,-1504.1194146118917,0.009064599993021508,0.00014182864890499873,5,True,252,1500,1,1,0 days 00:00:00.235085,CORN,0.2706865095168329,0.27891762377067836
297,2017-05-03 13:30:00+00:00,-1512.5863904000066,-1498.468674049961,-1506.9057138315532,0.009017308217685862,0.00014026868017244764,5,True,252,1500,1,1,0 days 00:00:00.186833,CORN,0.8381796170692258,0.8429346941823548
298,2017-05-10 13:30:00+00:00,-1518.6968127120444,-1504.5790963619988,-1513.016136143591,0.008955632048471555,0.0001369084636706926,5,True,252,1500,1,1,0 days 00:00:00.207166,CORN,4.135630003708138,4.118318722623398
299,2017-05-17 13:30:00+00:00,-1523.2481627124412,-1509.1304463623956,-1517.5674861439877,0.008872418494323825,0.00013445788838698257,5,True,252,1500,1,1,0 days 00:00:00.165553,CORN,0.8999207738835974,0.9044662048886439
