Date,asofdate,pointForecast,Close,forecastday,product_name,MA_50,MA_diff_50
2021-09-03 00:00:00-04:00,2021-09-07 00:00:00-04:00,30.950132624210188,30.91606330871582,1,KWT,29.44275634765625,0.0364738845825201
2021-09-07 00:00:00-04:00,2021-09-08 00:00:00-04:00,30.94738680706816,30.753393173217773,2,KWT,29.4748743057251,0.03211795806884865
2021-09-08 00:00:00-04:00,2021-09-09 00:00:00-04:00,30.962466057569433,30.64585304260254,3,KWT,29.503088302612305,0.028213996887206605
2021-09-09 00:00:00-04:00,2021-09-10 00:00:00-04:00,30.950481545058068,30.75881576538086,4,KWT,29.5345556640625,0.031467361450193465
2021-09-10 00:00:00-04:00,2021-09-13 00:00:00-04:00,30.959312166264887,30.726282119750977,5,KWT,29.574951667785644,0.04039600372314567
2021-09-13 00:00:00-04:00,2021-09-14 00:00:00-04:00,30.900332893531168,30.87087821960449,1,KWT,29.61887222290039,0.04392055511474524
2021-09-14 00:00:00-04:00,2021-09-15 00:00:00-04:00,30.90114702093379,30.879913330078125,2,KWT,29.659665870666505,0.04079364776611527
2021-09-15 00:00:00-04:00,2021-09-16 00:00:00-04:00,30.9133977201431,30.97932243347168,3,KWT,29.713888702392577,0.05422283172607223
2021-09-16 00:00:00-04:00,2021-09-17 00:00:00-04:00,30.904013931151248,30.97932243347168,4,KWT,29.76268924713135,0.04880054473877138
2021-09-17 00:00:00-04:00,2021-09-20 00:00:00-04:00,30.911769888343517,30.915157318115234,5,KWT,29.811363258361816,0.04867401123046733
2021-09-20 00:00:00-04:00,2021-09-21 00:00:00-04:00,31.044217227958953,31.01095199584961,1,KWT,29.858049087524414,0.046685829162598225
2021-09-21 00:00:00-04:00,2021-09-22 00:00:00-04:00,31.041829092080835,30.92510223388672,2,KWT,29.905277214050294,0.04722812652588004
2021-09-22 00:00:00-04:00,2021-09-23 00:00:00-04:00,31.045016878530237,31.03716468811035,3,KWT,29.95819881439209,0.05292160034179716
2021-09-23 00:00:00-04:00,2021-09-24 00:00:00-04:00,31.044909042193407,31.178142547607425,4,KWT,30.012421684265135,0.05422286987304403
2021-09-24 00:00:00-04:00,2021-09-27 00:00:00-04:00,31.044828505527004,31.03354835510254,5,KWT,30.058059310913087,0.045637626647952345
2021-09-27 00:00:00-04:00,2021-09-28 00:00:00-04:00,31.1038464773362,31.060657501220703,1,KWT,30.10832389831543,0.05026458740234219
2021-09-28 00:00:00-04:00,2021-09-29 00:00:00-04:00,31.08456536055727,30.888952255249023,2,KWT,30.160703163146973,0.05237926483154354
2021-09-29 00:00:00-04:00,2021-09-30 00:00:00-04:00,31.096403492274817,30.888952255249023,3,KWT,30.20771438598633,0.04701122283935533
2021-09-30 00:00:00-04:00,2021-10-01 00:00:00-04:00,31.08490050624582,30.8347282409668,4,KWT,30.251598739624022,0.04388435363769361
2021-10-01 00:00:00-04:00,2021-10-04 00:00:00-04:00,31.094623138138026,30.852802276611328,5,KWT,30.294904708862305,0.04330596923828267
2021-10-04 00:00:00-04:00,2021-10-05 00:00:00-04:00,30.903760031423072,30.872682571411133,1,KWT,30.339403533935545,0.044498825073240766
2021-10-05 00:00:00-04:00,2021-10-06 00:00:00-04:00,30.912635718100418,30.92510223388672,2,KWT,30.36955150604248,0.030147972106934873
2021-10-06 00:00:00-04:00,2021-10-07 00:00:00-04:00,30.912223284630468,31.01547241210937,3,KWT,30.401362190246584,0.03181068420410327
2021-10-07 00:00:00-04:00,2021-10-08 00:00:00-04:00,30.906839617478273,31.026315689086918,4,KWT,30.433389739990233,0.032027549743649075
2021-10-08 00:00:00-04:00,2021-10-11 00:00:00-04:00,30.90320094769031,31.005529403686523,5,KWT,30.46167594909668,0.028286209106447302
2021-10-11 00:00:00-04:00,2021-10-12 00:00:00-04:00,30.800465158635824,30.726282119750977,1,KWT,30.486058120727538,0.024382171630858096
2021-10-12 00:00:00-04:00,2021-10-13 00:00:00-04:00,30.766193849548568,30.743453979492188,2,KWT,30.513512954711913,0.027454833984375426
2021-10-13 00:00:00-04:00,2021-10-14 00:00:00-04:00,30.738898847306682,30.93142890930176,3,KWT,30.54147392272949,0.027960968017577414
2021-10-14 00:00:00-04:00,2021-10-15 00:00:00-04:00,30.735417876823714,30.879913330078125,4,KWT,30.56939865112305,0.02792472839355753
2021-10-15 00:00:00-04:00,2021-10-18 00:00:00-04:00,30.74547425118394,31.03354835510254,5,KWT,30.596004028320312,0.026605377197263635
2021-10-18 00:00:00-04:00,2021-10-19 00:00:00-04:00,31.22368728197669,31.18717765808105,1,KWT,30.627091789245604,0.031087760925291974
2021-10-19 00:00:00-04:00,2021-10-20 00:00:00-04:00,31.23660446284027,31.3498477935791,2,KWT,30.66197525024414,0.03488346099853601
2021-10-20 00:00:00-04:00,2021-10-21 00:00:00-04:00,31.228037883107593,31.3814754486084,3,KWT,30.695466804504395,0.033491554260255185
2021-10-21 00:00:00-04:00,2021-10-22 00:00:00-04:00,31.207988850430908,31.44564247131348,4,KWT,30.72937427520752,0.03390747070312372
2021-10-22 00:00:00-04:00,2021-10-25 00:00:00-04:00,31.19583318796086,31.28658676147461,5,KWT,30.76226951599121,0.03289524078369155
2021-10-25 00:00:00-04:00,2021-10-26 00:00:00-04:00,31.473482618505635,31.44925308227539,1,KWT,30.798418083190917,0.036148567199706605
2021-10-26 00:00:00-04:00,2021-10-27 00:00:00-04:00,31.45189306302539,31.46100616455078,2,KWT,30.83530773162842,0.03688964843750142
2021-10-27 00:00:00-04:00,2021-10-28 00:00:00-04:00,31.479763091431924,31.603790283203125,3,KWT,30.87561336517334,0.04030563354492145
2021-10-28 00:00:00-04:00,2021-10-29 00:00:00-04:00,31.497823801703746,32.09992980957031,4,KWT,30.924233169555663,0.04861980438232294
2021-10-29 00:00:00-04:00,2021-11-01 00:00:00-04:00,31.48373893257001,32.00955581665039,5,KWT,30.96508098602295,0.040847816467287856
2021-11-01 00:00:00-04:00,2021-11-02 00:00:00-04:00,32.38840795380937,32.37104415893555,1,KWT,31.0126163482666,0.04753536224365007
2021-11-02 00:00:00-04:00,2021-11-03 00:00:00-04:00,32.40280440640578,32.434303283691406,2,KWT,31.0596817779541,0.047065429687499716
2021-11-03 00:00:00-04:00,2021-11-04 00:00:00-04:00,32.42234796700854,32.46141052246094,3,KWT,31.103602142333983,0.04392036437988267
2021-11-04 00:00:00-04:00,2021-11-05 00:00:00-04:00,32.418421256334646,32.407188415527344,4,KWT,31.140853157043455,0.03725101470947223
2021-11-05 00:00:00-04:00,2021-11-08 00:00:00-05:00,32.411067410256095,32.62408447265625,5,KWT,31.17971290588379,0.03885974884033416
2021-11-08 00:00:00-05:00,2021-11-09 00:00:00-05:00,32.70541074960001,32.68824768066406,1,KWT,31.21696403503418,0.03725112915039119
2021-11-09 00:00:00-05:00,2021-11-10 00:00:00-05:00,32.73070955528081,32.710838317871094,2,KWT,31.25304023742676,0.03607620239257869
2021-11-10 00:00:00-05:00,2021-11-11 00:00:00-05:00,32.73732065821189,32.93496322631836,3,KWT,31.295948638916016,0.042908401489256676
2021-11-11 00:00:00-05:00,2021-11-12 00:00:00-05:00,32.730718549486795,33.10305404663086,4,KWT,31.34149589538574,0.04554725646972457
2021-11-12 00:00:00-05:00,2021-11-15 00:00:00-05:00,32.7268582104617,33.17264175415039,5,KWT,31.389555473327636,0.048059577941895526
2021-11-15 00:00:00-05:00,2021-11-16 00:00:00-05:00,32.72615578895386,32.55268859863281,1,KWT,31.422287979125976,0.03273250579833942
2021-11-16 00:00:00-05:00,2021-11-17 00:00:00-05:00,32.640166833916005,32.714454650878906,2,KWT,31.4615092086792,0.039221229553223935
2021-11-17 00:00:00-05:00,2021-11-18 00:00:00-05:00,32.54929809086628,32.75421905517578,3,KWT,31.503676528930665,0.04216732025146541
2021-11-18 00:00:00-05:00,2021-11-19 00:00:00-05:00,32.567607669300386,32.85000991821289,4,KWT,31.545500411987305,0.0418238830566402
2021-11-19 00:00:00-05:00,2021-11-22 00:00:00-05:00,32.606697248904375,32.72349166870117,5,KWT,31.58544460296631,0.03994419097900348
2021-11-22 00:00:00-05:00,2021-11-23 00:00:00-05:00,32.55734530958962,32.41712951660156,1,KWT,31.61636962890625,0.030925025939939843
2021-11-23 00:00:00-05:00,2021-11-24 00:00:00-05:00,32.496561096366754,32.45237731933594,2,KWT,31.647818908691406,0.0314492797851571
2021-11-24 00:00:00-05:00,2021-11-26 00:00:00-05:00,32.42590228372917,32.258079528808594,3,KWT,31.673394050598144,0.025575141906738708
2021-11-26 00:00:00-05:00,2021-11-29 00:00:00-05:00,32.42321129590459,31.47365379333496,4,KWT,31.68328067779541,0.00988662719726463
2021-11-29 00:00:00-05:00,2021-11-30 00:00:00-05:00,32.45554384538568,31.22694206237793,5,KWT,31.689516372680664,0.006235694885255327
2021-11-30 00:00:00-05:00,2021-12-01 00:00:00-05:00,30.536814303609006,30.500354766845703,1,KWT,31.679304428100586,-0.010211944580078125
2021-12-01 00:00:00-05:00,2021-12-02 00:00:00-05:00,30.424671633034542,30.970287322998047,2,KWT,31.680208129882814,0.0009037017822279836
2021-12-02 00:00:00-05:00,2021-12-03 00:00:00-05:00,30.428137109984977,31.41310691833496,3,KWT,31.687726974487305,0.007518844604490482
2021-12-03 00:00:00-05:00,2021-12-06 00:00:00-05:00,30.487946368188457,31.190793991088867,4,KWT,31.687980003356934,0.00025302886962919047
2021-12-06 00:00:00-05:00,2021-12-07 00:00:00-05:00,30.542767886447358,31.56493377685547,5,KWT,31.698607711791993,0.010627708435059446
2021-12-07 00:00:00-05:00,2021-12-08 00:00:00-05:00,31.9692480133722,31.916479110717773,1,KWT,31.715724143981934,0.01711643218994041
2021-12-08 00:00:00-05:00,2021-12-09 00:00:00-05:00,31.948831336607544,31.80802726745605,2,KWT,31.734105644226073,0.018381500244139204
2021-12-09 00:00:00-05:00,2021-12-10 00:00:00-05:00,31.936801728826982,31.71314239501953,3,KWT,31.750589447021483,0.01648380279540973
2021-12-10 00:00:00-05:00,2021-12-13 00:00:00-05:00,31.94121448886799,31.847797393798828,4,KWT,31.770850830078125,0.020261383056642046
2021-12-13 00:00:00-05:00,2021-12-14 00:00:00-05:00,31.952143377082773,31.41520118713379,5,KWT,31.782098808288573,0.01124797821044865
2021-12-14 00:00:00-05:00,2021-12-15 00:00:00-05:00,31.600044829093054,31.54852867126465,1,KWT,31.795615730285643,0.013516921997069886
2021-12-15 00:00:00-05:00,2021-12-16 00:00:00-05:00,31.518283440967366,31.57634162902832,2,KWT,31.808640518188476,0.013024787902832458
2021-12-16 00:00:00-05:00,2021-12-17 00:00:00-05:00,31.53927765503397,31.317367553710938,3,KWT,31.814678421020506,0.0060379028320305395
2021-12-17 00:00:00-05:00,2021-12-20 00:00:00-05:00,31.612052740290842,31.192670822143555,4,KWT,31.81800552368164,0.0033271026611352283
2021-12-20 00:00:00-05:00,2021-12-21 00:00:00-05:00,31.628500862943106,31.27228355407715,5,KWT,31.823340606689452,0.005335083007810937
2021-12-21 00:00:00-05:00,2021-12-22 00:00:00-05:00,31.540434124665865,31.54756736755371,1,KWT,31.83976631164551,0.01642570495605611
2021-12-22 00:00:00-05:00,2021-12-23 00:00:00-05:00,31.557277404325063,31.915895462036133,2,KWT,31.863215141296386,0.02344882965087791
2021-12-23 00:00:00-05:00,2021-12-27 00:00:00-05:00,31.599779453130104,31.90342903137207,3,KWT,31.882655143737793,0.019440002441406534
2021-12-27 00:00:00-05:00,2021-12-28 00:00:00-05:00,31.609732401868705,31.93316078186035,4,KWT,31.903720092773437,0.02106494903564382
2021-12-28 00:00:00-05:00,2021-12-29 00:00:00-05:00,31.581103701409358,31.76818084716797,5,KWT,31.918412742614745,0.014692649841308025
2021-12-29 00:00:00-05:00,2021-12-30 00:00:00-05:00,31.851179163038932,31.84491729736328,1,KWT,31.93156753540039,0.013154792785645242
2021-12-30 00:00:00-05:00,2021-12-31 00:00:00-05:00,31.8218659899844,31.883285522460938,2,KWT,31.942236289978027,0.010668754577636719
2021-12-31 00:00:00-05:00,2022-01-03 00:00:00-05:00,31.879682754514292,31.796958923339844,3,KWT,31.950545959472656,0.00830966949462919
2022-01-03 00:00:00-05:00,2022-01-04 00:00:00-05:00,31.92215280773402,31.861223220825195,4,KWT,31.95885757446289,0.008311614990233807
2022-01-04 00:00:00-05:00,2022-01-05 00:00:00-05:00,31.894319284398513,31.89287567138672,5,KWT,31.970983352661133,0.012125778198242898
2022-01-05 00:00:00-05:00,2022-01-06 00:00:00-05:00,31.93884490128676,31.93124389648437,1,KWT,31.980623168945314,0.009639816284181535
2022-01-06 00:00:00-05:00,2022-01-07 00:00:00-05:00,31.92819734263286,32.11540603637695,2,KWT,31.993711166381836,0.013087997436521448
2022-01-07 00:00:00-05:00,2022-01-10 00:00:00-05:00,31.9672652234233,32.180633544921875,3,KWT,32.00524803161621,0.011536865234376137
2022-01-10 00:00:00-05:00,2022-01-11 00:00:00-05:00,31.9940883581071,32.5163459777832,4,KWT,32.01357635498047,0.00832832336426037
2022-01-11 00:00:00-05:00,2022-01-12 00:00:00-05:00,31.977682965378207,33.074588775634766,5,KWT,32.03487701416016,0.02130065917968693
2022-01-12 00:00:00-05:00,2022-01-13 00:00:00-05:00,33.352844143817535,33.370018005371094,1,KWT,32.05485649108887,0.019979476928710938
2022-01-13 00:00:00-05:00,2022-01-14 00:00:00-05:00,33.39936682832196,33.55226135253906,2,KWT,32.07721565246582,0.022359161376947156
2022-01-14 00:00:00-05:00,2022-01-18 00:00:00-05:00,33.45403462968178,33.595428466796875,3,KWT,32.09989601135254,0.02268035888672415
2022-01-18 00:00:00-05:00,2022-01-19 00:00:00-05:00,33.43929174974595,33.56185531616211,4,KWT,32.122989349365234,0.023093338012692755
2022-01-19 00:00:00-05:00,2022-01-20 00:00:00-05:00,33.38467360768886,33.486080169677734,5,KWT,32.14022926330566,0.01723991394042912
2022-01-20 00:00:00-05:00,2022-01-21 00:00:00-05:00,33.456075108174204,33.43716049194336,1,KWT,32.15520751953125,0.014978256225589348
2022-01-21 00:00:00-05:00,2022-01-24 00:00:00-05:00,33.46287580031687,33.24532699584961,2,KWT,32.16589729309082,0.01068977355956946
2022-01-24 00:00:00-05:00,2022-01-25 00:00:00-05:00,33.482454764693664,33.11104202270508,3,KWT,32.16941886901856,0.0035215759277349434
2022-01-25 00:00:00-05:00,2022-01-26 00:00:00-05:00,33.48891228860574,33.312469482421875,4,KWT,32.173607177734375,0.004188308715818323
2022-01-26 00:00:00-05:00,2022-01-27 00:00:00-05:00,33.477788190190445,33.01607894897461,5,KWT,32.17047592163086,-0.0031312561035150566
2022-01-27 00:00:00-05:00,2022-01-28 00:00:00-05:00,33.17003925524431,33.13597869873047,1,KWT,32.18214172363281,0.011665802001949999
2022-01-28 00:00:00-05:00,2022-01-31 00:00:00-05:00,33.17003914411407,33.312469482421875,2,KWT,32.19410202026367,0.011960296630860512
2022-01-31 00:00:00-05:00,2022-02-01 00:00:00-05:00,33.17003921434406,33.6213264465332,3,KWT,32.21144416809082,0.01734214782715071
2022-02-01 00:00:00-05:00,2022-02-02 00:00:00-05:00,33.17003921434401,33.6002197265625,4,KWT,32.22644836425781,0.015004196166991335
2022-02-02 00:00:00-05:00,2022-02-03 00:00:00-05:00,33.17003921434397,33.58296203613281,5,KWT,32.243637771606444,0.01718940734863139
2022-02-03 00:00:00-05:00,2022-02-04 00:00:00-05:00,33.677751427143505,33.63858795166016,1,KWT,32.26806694030762,0.024429168701175286
2022-02-04 00:00:00-05:00,2022-02-07 00:00:00-05:00,33.67775140169586,33.66736602783203,2,KWT,32.29236671447754,0.024299774169918464
2022-02-07 00:00:00-05:00,2022-02-08 00:00:00-05:00,33.67775141598196,33.715328216552734,3,KWT,32.32151168823242,0.029144973754881676
2022-02-08 00:00:00-05:00,2022-02-09 00:00:00-05:00,33.67775141598196,33.91675567626953,4,KWT,32.37037372589111,0.04886203765869368
2022-02-09 00:00:00-05:00,2022-02-10 00:00:00-05:00,33.67775141598195,33.92922592163086,5,KWT,32.42441940307617,0.054045677185058594
2022-02-10 00:00:00-05:00,2022-02-11 00:00:00-05:00,33.83155896240967,33.79206085205078,1,KWT,32.49025352478027,0.06583412170409986
2022-02-11 00:00:00-05:00,2022-02-14 00:00:00-05:00,33.83155885714486,33.85920333862305,2,KWT,32.54803184509277,0.05777832031250085
2022-02-14 00:00:00-05:00,2022-02-15 00:00:00-05:00,33.8315587851439,33.81124496459961,3,KWT,32.59599460601807,0.04796276092529439
2022-02-15 00:00:00-05:00,2022-02-16 00:00:00-05:00,33.831558785143955,33.99445343017578,4,KWT,32.652067794799805,0.05607318878173828
2022-02-16 00:00:00-05:00,2022-02-17 00:00:00-05:00,33.83155878514397,34.42320251464844,5,KWT,32.70923316955567,0.057165374755861365
2022-02-17 00:00:00-05:00,2022-02-18 00:00:00-05:00,34.66995869837015,34.626548767089844,1,KWT,32.7634345626831,0.05420139312743544
2022-02-18 00:00:00-05:00,2022-02-22 00:00:00-05:00,34.66995971850403,34.569000244140625,2,KWT,32.8186540222168,0.05521945953369567
2022-02-22 00:00:00-05:00,2022-02-23 00:00:00-05:00,34.66996001272786,34.81838607788086,3,KWT,32.880758895874024,0.06210487365722628
2022-02-23 00:00:00-05:00,2022-02-24 00:00:00-05:00,34.66996001272638,34.93348693847656,4,KWT,32.94247268676758,0.06171379089355611
2022-02-24 00:00:00-05:00,2022-02-25 00:00:00-05:00,34.66996001272611,34.99103927612305,5,KWT,33.01398944854736,0.07151676177978317
2022-02-25 00:00:00-05:00,2022-02-28 00:00:00-05:00,35.250340590619075,35.20206451416016,1,KWT,33.087060165405276,0.073070716857913
2022-02-28 00:00:00-05:00,2022-03-01 00:00:00-05:00,35.25034108177756,35.44186019897461,2,KWT,33.1643705368042,0.07731037139892294
2022-03-01 00:00:00-05:00,2022-03-02 00:00:00-05:00,35.25034117828334,35.65767288208008,3,KWT,33.25117664337158,0.08680610656737997
2022-03-02 00:00:00-05:00,2022-03-03 00:00:00-05:00,35.25034117828303,36.02696228027344,4,KWT,33.34786247253418,0.09668582916260249
2022-03-03 00:00:00-05:00,2022-03-04 00:00:00-05:00,35.250341178283,36.04039001464844,5,KWT,33.443224601745605,0.09536212921142351
2022-03-04 00:00:00-05:00,2022-03-07 00:00:00-05:00,35.90667272008391,35.85622787475586,1,KWT,33.52939781188965,0.08617321014404666
2022-03-07 00:00:00-05:00,2022-03-08 00:00:00-05:00,35.906672160576996,35.842796325683594,2,KWT,33.6079358291626,0.07853801727294751
2022-03-08 00:00:00-05:00,2022-03-09 00:00:00-05:00,35.906672335182606,36.30512237548828,3,KWT,33.69596969604492,0.08803386688231996
2022-03-09 00:00:00-05:00,2022-03-10 00:00:00-05:00,35.906672335182236,36.57465362548828,4,KWT,33.78879955291748,0.09282985687256229
2022-03-10 00:00:00-05:00,2022-03-11 00:00:00-05:00,35.9066723351823,36.084510803222656,5,KWT,33.875126152038575,0.08632659912109375
2022-03-11 00:00:00-05:00,2022-03-14 00:00:00-04:00,36.11957359898402,35.98859405517578,1,KWT,33.95799968719482,0.08287353515624574
2022-03-14 00:00:00-04:00,2022-03-15 00:00:00-04:00,35.98610383592897,35.769901275634766,2,KWT,34.0357320022583,0.07773231506347855
2022-03-15 00:00:00-04:00,2022-03-16 00:00:00-04:00,35.93768394149152,35.997222900390625,3,KWT,34.11973728179932,0.08400527954101733
2022-03-16 00:00:00-04:00,2022-03-17 00:00:00-04:00,36.01100403282721,36.14206314086914,4,KWT,34.205354080200195,0.08561679840087777
2022-03-17 00:00:00-04:00,2022-03-18 00:00:00-04:00,36.098886754930184,36.11328887939453,5,KWT,34.289762344360355,0.08440826416016023
2022-03-18 00:00:00-04:00,2022-03-21 00:00:00-04:00,36.414155317654235,36.28594207763672,1,KWT,34.376856307983395,0.08709396362304034
2022-03-21 00:00:00-04:00,2022-03-22 00:00:00-04:00,36.33347953681672,36.07587814331055,2,KWT,34.45606575012207,0.07920944213867642
2022-03-22 00:00:00-04:00,2022-03-23 00:00:00-04:00,36.27506942267332,36.46338653564453,3,KWT,34.54172080993652,0.08565505981444943
2022-03-23 00:00:00-04:00,2022-03-24 00:00:00-04:00,36.297825369233486,36.389530181884766,4,KWT,34.619184494018555,0.07746368408203352
2022-03-24 00:00:00-04:00,2022-03-25 00:00:00-04:00,36.35406383565326,36.942020416259766,5,KWT,34.696533126831056,0.0773486328125017
2022-03-25 00:00:00-04:00,2022-03-28 00:00:00-04:00,37.00885435946853,36.928592681884766,1,KWT,34.76770462036133,0.0711714935302723
2022-03-28 00:00:00-04:00,2022-03-29 00:00:00-04:00,37.003414852570515,37.07247161865234,2,KWT,34.83810882568359,0.07040420532226221
2022-03-29 00:00:00-04:00,2022-03-30 00:00:00-04:00,36.9875858766071,37.60002136230469,3,KWT,34.91820068359375,0.08009185791016193
2022-03-30 00:00:00-04:00,2022-03-31 00:00:00-04:00,36.978208542907986,37.52328872680664,4,KWT,34.99742935180664,0.07922866821288466
2022-03-31 00:00:00-04:00,2022-04-01 00:00:00-04:00,36.97701778620891,37.60961151123047,5,KWT,35.0798999786377,0.08247062683106066
2022-04-01 00:00:00-04:00,2022-04-04 00:00:00-04:00,37.71733230724032,37.664283752441406,1,KWT,35.164442443847655,0.08454246520995667
2022-04-04 00:00:00-04:00,2022-04-05 00:00:00-04:00,37.71259889342653,37.456146240234375,2,KWT,35.24865882873535,0.08421638488769645
2022-04-05 00:00:00-04:00,2022-04-06 00:00:00-04:00,37.71603020165223,37.456146240234375,3,KWT,35.335560913085935,0.08690208435058366
2022-04-06 00:00:00-04:00,2022-04-07 00:00:00-04:00,37.71957955367236,37.72471618652344,4,KWT,35.42380584716797,0.08824493408203438
2022-04-07 00:00:00-04:00,2022-04-08 00:00:00-04:00,37.720217530804156,38.23308563232422,5,KWT,35.528145980834964,0.10434013366699446
2022-04-08 00:00:00-04:00,2022-04-11 00:00:00-04:00,38.2276200609919,38.1275749206543,1,KWT,35.62797790527344,0.099831924438476
2022-04-11 00:00:00-04:00,2022-04-12 00:00:00-04:00,38.192820131160985,38.01726531982422,2,KWT,35.722073822021486,0.09409591674804574
2022-04-12 00:00:00-04:00,2022-04-13 00:00:00-04:00,38.16839555579661,38.060428619384766,3,KWT,35.810855865478516,0.08878204345703011
2022-04-13 00:00:00-04:00,2022-04-14 00:00:00-04:00,38.171780841601375,38.27145385742188,4,KWT,35.904280548095706,0.09342468261719006
2022-04-14 00:00:00-04:00,2022-04-18 00:00:00-04:00,38.182520242836404,38.0796127319336,5,KWT,35.994213562011716,0.08993301391600994
2022-04-18 00:00:00-04:00,2022-04-19 00:00:00-04:00,38.24586991594994,38.19471740722656,1,KWT,36.085336151123045,0.09112258911132898
2022-04-19 00:00:00-04:00,2022-04-20 00:00:00-04:00,38.24615820388972,38.47288131713867,2,KWT,36.18144645690918,0.09611030578613367
2022-04-20 00:00:00-04:00,2022-04-21 00:00:00-04:00,38.24862497648035,38.54002380371094,3,KWT,36.277940368652345,0.0964939117431669
2022-04-21 00:00:00-04:00,2022-04-22 00:00:00-04:00,38.249730439602864,38.20431137084961,4,KWT,36.36369148254394,0.08575111389159673
2022-04-22 00:00:00-04:00,2022-04-25 00:00:00-04:00,38.24950161202549,38.01247024536133,5,KWT,36.445356369018555,0.08166488647461279
2022-04-25 00:00:00-04:00,2022-04-26 00:00:00-04:00,38.67079996175253,38.70307922363281,1,KWT,36.5435767364502,0.09822036743164375
2022-04-26 00:00:00-04:00,2022-04-27 00:00:00-04:00,38.75257398424571,38.44410705566406,2,KWT,36.63527481079102,0.09169807434081889
2022-04-27 00:00:00-04:00,2022-04-28 00:00:00-04:00,38.81847503727508,38.42683792114258,3,KWT,36.72758666992188,0.09231185913085938
2022-04-28 00:00:00-04:00,2022-04-29 00:00:00-04:00,38.81284824988644,38.6455307006836,4,KWT,36.82060821533203,0.09302154541015284
2022-04-29 00:00:00-04:00,2022-05-02 00:00:00-04:00,38.7584051759417,38.38175582885742,5,KWT,36.89977928161621,0.07917106628418225
2022-05-02 00:00:00-04:00,2022-05-03 00:00:00-04:00,38.37351726718852,38.333797454833984,1,KWT,36.973924255371095,0.07414497375488338
2022-05-03 00:00:00-04:00,2022-05-04 00:00:00-04:00,38.38033364593884,38.22349166870117,2,KWT,37.04701408386231,0.07308982849121293
2022-05-04 00:00:00-04:00,2022-05-05 00:00:00-04:00,38.38917940721963,38.47288131713867,3,KWT,37.12010398864746,0.07308990478514943
2022-05-05 00:00:00-04:00,2022-05-06 00:00:00-04:00,38.3855417904137,38.6733512878418,4,KWT,37.19490127563476,0.07479728698730526
2022-05-06 00:00:00-04:00,2022-05-09 00:00:00-04:00,38.37683527255349,38.89492034912109,5,KWT,37.272978897094724,0.07807762145996122
2022-05-09 00:00:00-04:00,2022-05-10 00:00:00-04:00,38.876325931769884,38.82682037353516,1,KWT,37.345474014282225,0.07249511718750057
2022-05-10 00:00:00-04:00,2022-05-11 00:00:00-04:00,38.87665098537293,38.51124954223633,2,KWT,37.406861801147464,0.06138778686523949
2022-05-11 00:00:00-04:00,2022-05-12 00:00:00-04:00,38.87547928321435,37.60961151123047,3,KWT,37.44590057373047,0.039038772583005255
2022-05-12 00:00:00-04:00,2022-05-13 00:00:00-04:00,38.87557056856737,36.507511138916016,4,KWT,37.45551155090332,0.009610977172847868
2022-05-13 00:00:00-04:00,2022-05-16 00:00:00-04:00,38.8757743904882,36.57273864746094,5,KWT,37.46615852355957,0.010646972656253695
2022-05-16 00:00:00-04:00,2022-05-17 00:00:00-04:00,35.4345772776251,35.52818298339844,1,KWT,37.45959762573242,-0.006560897827149859
2022-05-17 00:00:00-04:00,2022-05-18 00:00:00-04:00,35.422802634426915,36.07395935058594,2,KWT,37.46422088623047,0.004623260498050286
2022-05-18 00:00:00-04:00,2022-05-19 00:00:00-04:00,35.486072935067,36.44900131225586,3,KWT,37.46709846496582,0.002877578735350994
2022-05-19 00:00:00-04:00,2022-05-20 00:00:00-04:00,35.50568122601359,36.55450820922852,4,KWT,37.46669555664062,-0.00040290832519929154
2022-05-20 00:00:00-04:00,2022-05-23 00:00:00-04:00,35.5250330835832,36.49791717529297,5,KWT,37.474963684082034,0.008268127441411366
2022-05-23 00:00:00-04:00,2022-05-24 00:00:00-04:00,35.76956385861437,35.739200592041016,1,KWT,37.469975814819335,-0.004987869262699007
2022-05-24 00:00:00-04:00,2022-05-25 00:00:00-04:00,35.73505252751512,34.99103927612305,2,KWT,37.4543985748291,-0.01557723999023608
2022-05-25 00:00:00-04:00,2022-05-26 00:00:00-04:00,35.76978269407745,35.31524658203125,3,KWT,37.44075904846191,-0.013639526367185795
2022-05-26 00:00:00-04:00,2022-05-27 00:00:00-04:00,35.740663158495174,35.63369369506836,4,KWT,37.4305916595459,-0.010167388916016762
2022-05-27 00:00:00-04:00,2022-05-31 00:00:00-04:00,35.76978069777122,35.80634689331055,5,KWT,37.42445281982422,-0.006138839721678835
2022-05-31 00:00:00-04:00,2022-06-01 00:00:00-04:00,36.97080383696318,36.7463493347168,1,KWT,37.43366096496582,0.009208145141599289
2022-06-01 00:00:00-04:00,2022-06-02 00:00:00-04:00,36.86687388593492,36.47489929199219,2,KWT,37.441641387939455,0.007980422973638213
2022-06-02 00:00:00-04:00,2022-06-03 00:00:00-04:00,36.74720985592742,36.573692321777344,3,KWT,37.44384750366211,0.002206115722657387
2022-06-03 00:00:00-04:00,2022-06-06 00:00:00-04:00,36.69267777040994,36.38857269287109,4,KWT,37.443828353881834,-1.9149780278837625e-05
2022-06-06 00:00:00-04:00,2022-06-07 00:00:00-04:00,36.71547722729397,35.710426330566406,5,KWT,37.41919647216797,-0.024631881713865766
2022-06-07 00:00:00-04:00,2022-06-08 00:00:00-04:00,35.716487600642296,35.72002029418945,1,KWT,37.39502502441406,-0.02417144775390767
2022-06-08 00:00:00-04:00,2022-06-09 00:00:00-04:00,35.753446280357444,35.52818298339844,2,KWT,37.364139251708984,-0.03088577270507642
2022-06-09 00:00:00-04:00,2022-06-10 00:00:00-04:00,35.752120542856325,35.0406494140625,3,KWT,37.31295181274414,-0.051187438964845455
2022-06-10 00:00:00-04:00,2022-06-13 00:00:00-04:00,35.75155713579394,34.77338790893555,4,KWT,37.257953796386715,-0.054998016357423296
2022-06-13 00:00:00-04:00,2022-06-14 00:00:00-04:00,35.75155974461777,34.209495544433594,5,KWT,37.18995147705078,-0.06800231933593182
2022-06-14 00:00:00-04:00,2022-06-15 00:00:00-04:00,34.13119290157228,34.15271759033203,1,KWT,37.11972015380859,-0.07023132324219006
2022-06-15 00:00:00-04:00,2022-06-16 00:00:00-04:00,34.17514934991203,34.371028900146484,2,KWT,37.058017807006834,-0.061702346801759234
2022-06-16 00:00:00-04:00,2022-06-17 00:00:00-04:00,34.174183834651586,34.25453186035156,3,KWT,36.99398551940918,-0.06403228759765511
2022-06-17 00:00:00-04:00,2022-06-21 00:00:00-04:00,34.1763082358009,34.19383239746094,4,KWT,36.92336784362793,-0.07061767578125
2022-06-21 00:00:00-04:00,2022-06-22 00:00:00-04:00,34.17611689394536,33.37344741821289,5,KWT,36.8261750793457,-0.09719276428222656
2022-06-22 00:00:00-04:00,2022-06-23 00:00:00-04:00,33.53203753297269,33.5584716796875,1,KWT,36.73479301452637,-0.09138206481933508
2022-06-23 00:00:00-04:00,2022-06-24 00:00:00-04:00,33.60839996346967,33.76504135131836,2,KWT,36.64974853515625,-0.08504447937011861
2022-06-24 00:00:00-04:00,2022-06-27 00:00:00-04:00,33.570934372756724,34.110618591308594,3,KWT,36.57075233459473,-0.07899620056151946
2022-06-27 00:00:00-04:00,2022-06-28 00:00:00-04:00,33.578324101980385,34.15663146972656,4,KWT,36.48845588684082,-0.08229644775391165
2022-06-28 00:00:00-04:00,2022-06-29 00:00:00-04:00,33.576659901022786,34.07831573486328,5,KWT,36.40842994689942,-0.08002593994140028
2022-06-29 00:00:00-04:00,2022-06-30 00:00:00-04:00,34.50806240336956,34.45032501220703,1,KWT,36.333542098999025,-0.07488784790039205
2022-06-30 00:00:00-04:00,2022-07-01 00:00:00-04:00,34.49888714134555,34.79296875,2,KWT,36.25994384765625,-0.07359825134277287
2022-07-01 00:00:00-04:00,2022-07-05 00:00:00-04:00,34.4696258164588,34.66569900512695,3,KWT,36.18245735168457,-0.07748649597168367
2022-07-05 00:00:00-04:00,2022-07-06 00:00:00-04:00,34.4739913940195,34.509063720703125,4,KWT,36.10855239868164,-0.07390495300293054
2022-07-06 00:00:00-04:00,2022-07-07 00:00:00-04:00,34.472494798178495,34.2447395324707,5,KWT,36.03319778442383,-0.07535461425781165
2022-07-07 00:00:00-04:00,2022-07-08 00:00:00-04:00,34.37808220034012,34.35536193847656,1,KWT,35.9462434387207,-0.08695434570312699
2022-07-08 00:00:00-04:00,2022-07-11 00:00:00-04:00,34.38807861876535,34.54822540283203,2,KWT,35.868325805664064,-0.0779176330566358
2022-07-11 00:00:00-04:00,2022-07-12 00:00:00-04:00,34.37836559404248,34.21047592163086,3,KWT,35.783998565673826,-0.0843272399902375
2022-07-12 00:00:00-04:00,2022-07-13 00:00:00-04:00,34.38224439589215,34.000972747802734,4,KWT,35.69110740661621,-0.09289115905761491
2022-07-13 00:00:00-04:00,2022-07-14 00:00:00-04:00,34.37993617768972,34.15271759033203,5,KWT,35.606526641845704,-0.08458076477050724
2022-07-14 00:00:00-04:00,2022-07-15 00:00:00-04:00,34.27822946511222,34.24669647216797,1,KWT,35.524784622192385,-0.08174201965331918
2022-07-15 00:00:00-04:00,2022-07-18 00:00:00-04:00,34.27328371874875,34.3034782409668,2,KWT,35.4463843536377,-0.07840026855468807
2022-07-18 00:00:00-04:00,2022-07-19 00:00:00-04:00,34.27198739472307,34.431724548339844,3,KWT,35.36556121826172,-0.0808231353759794
2022-07-19 00:00:00-04:00,2022-07-20 00:00:00-04:00,34.271921892774614,34.87128448486328,4,KWT,35.28951988220215,-0.07604133605956775
2022-07-20 00:00:00-04:00,2022-07-21 00:00:00-04:00,34.271823460283656,35.22372055053711,5,KWT,35.21609588623047,-0.07342399597168026
2022-07-21 00:00:00-04:00,2022-07-22 00:00:00-04:00,36.226241402776,36.03627395629883,1,KWT,35.16028495788574,-0.05581092834472656
2022-07-22 00:00:00-04:00,2022-07-25 00:00:00-04:00,36.096654752982104,35.91879653930664,2,KWT,35.10843589782715,-0.051849060058593466
2022-07-25 00:00:00-04:00,2022-07-26 00:00:00-04:00,36.15174479818628,35.89823532104492,3,KWT,35.074208374023435,-0.03422752380371463
2022-07-26 00:00:00-04:00,2022-07-27 00:00:00-04:00,36.07625706521508,35.86984634399414,4,KWT,35.061455078125,-0.012753295898434658
2022-07-27 00:00:00-04:00,2022-07-28 00:00:00-04:00,36.113905117786665,36.40828323364258,5,KWT,35.05816596984863,-0.0032891082763697455
2022-07-28 00:00:00-04:00,2022-07-29 00:00:00-04:00,36.41446170365927,36.359336853027344,1,KWT,35.07478904724121,0.0166230773925804
2022-07-29 00:00:00-04:00,2022-08-01 00:00:00-04:00,36.36780174119991,36.47192001342773,2,KWT,35.08274826049805,0.007959213256839348
2022-08-01 00:00:00-04:00,2022-08-02 00:00:00-04:00,36.39922922393561,36.3691291809082,3,KWT,35.08115081787109,-0.0015974426269593778
2022-08-02 00:00:00-04:00,2022-08-03 00:00:00-04:00,36.3849462228846,36.116546630859375,4,KWT,35.07239158630371,-0.008759231567381676
2022-08-03 00:00:00-04:00,2022-08-04 00:00:00-04:00,36.39230386964433,36.23794174194336,5,KWT,35.06719207763672,-0.005199508666990482
2022-08-04 00:00:00-04:00,2022-08-05 00:00:00-04:00,36.19604742878574,36.17333221435547,1,KWT,35.075874710083006,0.008682632446287641
2022-08-05 00:00:00-04:00,2022-08-08 00:00:00-04:00,36.19698118711684,36.090118408203125,2,KWT,35.09785629272461,0.021981582641600994
2022-08-08 00:00:00-04:00,2022-08-09 00:00:00-04:00,36.20444385113336,36.03627395629883,3,KWT,35.11227684020996,0.01442054748535071
2022-08-09 00:00:00-04:00,2022-08-10 00:00:00-04:00,36.20178952918267,35.89432144165039,4,KWT,35.117489395141604,0.005212554931645741
2022-08-10 00:00:00-04:00,2022-08-11 00:00:00-04:00,36.20311374514437,36.090118408203125,5,KWT,35.12316482543945,0.0056754302978490045
2022-08-11 00:00:00-04:00,2022-08-12 00:00:00-04:00,36.00604601097005,36.016693115234375,1,KWT,35.108571701049804,-0.014593124389648438
2022-08-12 00:00:00-04:00,2022-08-15 00:00:00-04:00,36.05911089373913,36.12144470214844,2,KWT,35.10150260925293,-0.007069091796871874
2022-08-15 00:00:00-04:00,2022-08-16 00:00:00-04:00,36.022780724948,35.585941314697266,3,KWT,35.08174758911133,-0.01975502014160213
2022-08-16 00:00:00-04:00,2022-08-17 00:00:00-04:00,36.05413788974244,35.720062255859375,4,KWT,35.068377380371096,-0.01337020874023409
2022-08-17 00:00:00-04:00,2022-08-18 00:00:00-04:00,36.03176255014219,35.7866325378418,5,KWT,35.0699015045166,0.001524124145504402
2022-08-18 00:00:00-04:00,2022-08-19 00:00:00-04:00,35.802619450394616,35.78956985473633,1,KWT,35.07129249572754,0.0013909912109397737
2022-08-19 00:00:00-04:00,2022-08-22 00:00:00-04:00,35.812058245795356,35.546783447265625,2,KWT,35.07166450500488,0.0003720092773420447
2022-08-22 00:00:00-04:00,2022-08-23 00:00:00-04:00,35.817407683780935,35.88747024536133,3,KWT,35.08860092163086,0.016936416625974005
2022-08-23 00:00:00-04:00,2022-08-24 00:00:00-04:00,35.815776484741114,36.45625305175781,4,KWT,35.122258224487304,0.0336573028564473
2022-08-24 00:00:00-04:00,2022-08-25 00:00:00-04:00,35.816387519248245,36.41807556152344,5,KWT,35.1664298248291,0.04417160034179801
2022-08-25 00:00:00-04:00,2022-08-26 00:00:00-04:00,36.31755110176002,36.31038665771485,1,KWT,35.20958320617676,0.04315338134765767
2022-08-26 00:00:00-04:00,2022-08-29 00:00:00-04:00,36.33251430066086,35.93837356567383,2,KWT,35.24093009948731,0.031346893310548296
2022-08-29 00:00:00-04:00,2022-08-30 00:00:00-04:00,36.33482947415775,35.942291259765625,3,KWT,35.274685287475585,0.0337551879882767
2022-08-30 00:00:00-04:00,2022-08-31 00:00:00-04:00,36.33518769950845,35.47727584838867,4,KWT,35.30035415649414,0.025668869018552698
2022-08-31 00:00:00-04:00,2022-09-01 00:00:00-04:00,36.33524308046995,35.65446853637695,5,KWT,35.34597457885742,0.04562042236328523
2022-09-01 00:00:00-04:00,2022-09-02 00:00:00-04:00,35.38451000436286,35.370567321777344,1,KWT,35.38221649169922,0.036241912841795454
2022-09-02 00:00:00-04:00,2022-09-06 00:00:00-04:00,35.35840329785937,35.37937927246094,2,KWT,35.41450325012207,0.032286758422849005
2022-09-06 00:00:00-04:00,2022-09-07 00:00:00-04:00,35.39596365153206,35.25308609008789,3,KWT,35.437352600097654,0.022849349975587074
2022-09-07 00:00:00-04:00,2022-09-08 00:00:00-04:00,35.39071433687283,35.08666229248047,4,KWT,35.455953216552736,0.01860061645508182
2022-09-08 00:00:00-04:00,2022-09-09 00:00:00-04:00,35.38918640197346,35.09645080566406,5,KWT,35.47631591796875,0.02036270141601193
2022-09-09 00:00:00-04:00,2022-09-12 00:00:00-04:00,35.38712673974749,35.3314094543457,1,KWT,35.49393760681152,0.017621688842773153
2022-09-12 00:00:00-04:00,2022-09-13 00:00:00-04:00,35.37239542166425,35.1845588684082,2,KWT,35.50176940917969,0.007831802368166052
2022-09-13 00:00:00-04:00,2022-09-14 00:00:00-04:00,35.34416048865115,34.82233810424805,3,KWT,35.50490219116211,0.0031327819824227277
2022-09-14 00:00:00-04:00,2022-09-15 00:00:00-04:00,35.34995767984294,34.91925430297852,4,KWT,35.51310600280762,0.008203811645508097
2022-09-15 00:00:00-04:00,2022-09-16 00:00:00-04:00,35.35159996266998,35.01617813110352,5,KWT,35.528534774780276,0.01542877197265824
2022-09-16 00:00:00-04:00,2022-09-19 00:00:00-04:00,35.13167152462681,35.10624313354492,1,KWT,35.54355239868164,0.01501762390136463
2022-09-19 00:00:00-04:00,2022-09-20 00:00:00-04:00,35.124793633975905,34.99365997314453,2,KWT,35.55246109008789,0.008908691406247726
2022-09-20 00:00:00-04:00,2022-09-21 00:00:00-04:00,35.12298084646487,34.96918487548828,3,KWT,35.56763526916504,0.015174179077149574
2022-09-21 00:00:00-04:00,2022-09-22 00:00:00-04:00,35.12369682144231,34.398441314697266,4,KWT,35.57558464050293,0.007949371337893751
2022-09-22 00:00:00-04:00,2022-09-23 00:00:00-04:00,35.12362242047977,34.2055778503418,5,KWT,35.57664184570312,0.0010572052001904808
2022-09-23 00:00:00-04:00,2022-09-26 00:00:00-04:00,33.72455389478069,33.76504135131836,1,KWT,35.56700874328613,-0.009633102416991335
2022-09-26 00:00:00-04:00,2022-09-27 00:00:00-04:00,33.746046152049985,32.75179672241211,2,KWT,35.53597511291504,-0.031033630371091192
2022-09-27 00:00:00-04:00,2022-09-28 00:00:00-04:00,33.784219381955076,32.64899826049805,3,KWT,35.5003205871582,-0.03565452575683992
2022-09-28 00:00:00-04:00,2022-09-29 00:00:00-04:00,33.778688866358216,32.61180114746094,4,KWT,35.455130920410156,-0.04518966674804403
2022-09-29 00:00:00-04:00,2022-09-30 00:00:00-04:00,33.77395472287061,32.33572769165039,5,KWT,35.39737106323242,-0.057759857177735796
2022-09-30 00:00:00-04:00,2022-10-03 00:00:00-04:00,32.170970956267006,32.21531295776367,1,KWT,35.32095184326172,-0.07641921997070256
2022-10-03 00:00:00-04:00,2022-10-04 00:00:00-04:00,32.19220951779987,31.74833869934082,2,KWT,35.237542686462405,-0.08340915679931271
2022-10-04 00:00:00-04:00,2022-10-05 00:00:00-04:00,32.19957956963405,32.813472747802734,3,KWT,35.17584743499756,-0.061695251464847445
2022-10-05 00:00:00-04:00,2022-10-06 00:00:00-04:00,32.20947864028413,32.94269561767578,4,KWT,35.11730442047119,-0.058543014526364345
2022-10-06 00:00:00-04:00,2022-10-07 00:00:00-04:00,32.21134767142125,32.455162048339844,5,KWT,35.03824199676514,-0.07906242370605554
2022-10-07 00:00:00-04:00,2022-10-10 00:00:00-04:00,32.16391975711302,32.2182502746582,1,KWT,34.95542026519775,-0.08282173156738537
2022-10-10 00:00:00-04:00,2022-10-11 00:00:00-04:00,32.206202742086624,31.56918716430664,2,KWT,34.85736560821533,-0.09805465698241989
2022-10-11 00:00:00-04:00,2022-10-12 00:00:00-04:00,32.21974663543007,31.79826545715332,3,KWT,34.76594833374023,-0.09141727447509851
2022-10-12 00:00:00-04:00,2022-10-13 00:00:00-04:00,32.22187580268332,31.49869728088379,4,KWT,34.67359134674072,-0.092356986999512
2022-10-13 00:00:00-04:00,2022-10-14 00:00:00-04:00,32.22241699512519,31.897144317626957,5,KWT,34.586775398254396,-0.08681594848632557
2022-10-14 00:00:00-04:00,2022-10-17 00:00:00-04:00,31.523209331373838,31.59072494506836,1,KWT,34.49512325286865,-0.09165214538574418
2022-10-17 00:00:00-04:00,2022-10-18 00:00:00-04:00,31.624444412159903,31.562334060668945,2,KWT,34.40456756591797,-0.09055568695067961
2022-10-18 00:00:00-04:00,2022-10-19 00:00:00-04:00,31.54789162451686,31.995040893554688,3,KWT,34.323742904663085,-0.08082466125488708
2022-10-19 00:00:00-04:00,2022-10-20 00:00:00-04:00,31.622991390358692,32.25447082519531,4,KWT,34.25094589233399,-0.0727970123290973
2022-10-20 00:00:00-04:00,2022-10-21 00:00:00-04:00,31.561159792936007,33.06017303466797,5,KWT,34.19034698486328,-0.0605989074707054
2022-10-21 00:00:00-04:00,2022-10-24 00:00:00-04:00,33.46475725579513,33.344078063964844,1,KWT,34.13689468383789,-0.05345230102539489
2022-10-24 00:00:00-04:00,2022-10-25 00:00:00-04:00,33.38265191563214,32.89863967895508,2,KWT,34.07243858337402,-0.06445610046386463
2022-10-25 00:00:00-04:00,2022-10-26 00:00:00-04:00,33.35996728455039,32.864376068115234,3,KWT,34.01800727844238,-0.05443130493164006
2022-10-26 00:00:00-04:00,2022-10-27 00:00:00-04:00,33.35428162766666,33.14828109741211,4,KWT,33.96657165527344,-0.0514356231689419
2022-10-27 00:00:00-04:00,2022-10-28 00:00:00-04:00,33.35274313862879,32.81053161621094,5,KWT,33.90704963684082,-0.059522018432623724
2022-10-28 00:00:00-04:00,2022-10-31 00:00:00-04:00,32.96108185851778,32.96717071533203,1,KWT,33.85060165405273,-0.05644798278808594
2022-10-31 00:00:00-04:00,2022-11-01 00:00:00-04:00,32.982714001527704,33.334285736083984,2,KWT,33.8063516998291,-0.04424995422363054
2022-11-01 00:00:00-04:00,2022-11-02 00:00:00-04:00,32.97086398334822,33.49092483520508,3,KWT,33.75842079162598,-0.04793090820312074
2022-11-02 00:00:00-04:00,2022-11-03 00:00:00-04:00,32.97099174006765,33.33918380737305,4,KWT,33.69607940673828,-0.062341384887702134
2022-11-03 00:00:00-04:00,2022-11-04 00:00:00-04:00,32.970569544659924,33.49092483520508,5,KWT,33.63753639221191,-0.058543014526364345
2022-11-04 00:00:00-04:00,2022-11-07 00:00:00-05:00,34.12283840212416,34.039154052734375,1,KWT,33.5921117401123,-0.04542465209961222
2022-11-07 00:00:00-05:00,2022-11-08 00:00:00-05:00,34.0845848500113,34.1957893371582,2,KWT,33.557260055541995,-0.03485168457030596
2022-11-08 00:00:00-05:00,2022-11-09 00:00:00-05:00,34.05096246477992,34.51102066040039,3,KWT,33.52863464355469,-0.028625411987306393
2022-11-09 00:00:00-05:00,2022-11-10 00:00:00-05:00,34.04776613991347,34.52864456176758,4,KWT,33.509662017822265,-0.018972625732423865
2022-11-10 00:00:00-05:00,2022-11-11 00:00:00-05:00,34.04653030971768,35.21393203735352,5,KWT,33.5008512878418,-0.008810729980467613
2022-11-11 00:00:00-05:00,2022-11-14 00:00:00-05:00,35.746292164528114,35.634891510009766,1,KWT,33.50613777160645,0.005286483764649574
2022-11-14 00:00:00-05:00,2022-11-15 00:00:00-05:00,35.680381800739404,35.2824592590332,2,KWT,33.50419937133789,-0.0019384002685569612
2022-11-15 00:00:00-05:00,2022-11-16 00:00:00-05:00,35.65164068504433,35.409725189208984,3,KWT,33.50733215332031,0.0031327819824227277
2022-11-16 00:00:00-05:00,2022-11-17 00:00:00-05:00,35.647293237755996,34.65787124633789,4,KWT,33.49875633239746,-0.008575820922850141
2022-11-17 00:00:00-05:00,2022-11-18 00:00:00-05:00,35.64591164324222,34.85268783569336,5,KWT,33.49388107299805,-0.004875259399412357
2022-11-18 00:00:00-05:00,2022-11-21 00:00:00-05:00,34.771811187650066,34.75381088256836,1,KWT,33.4823291015625,-0.011551971435551422
2022-11-21 00:00:00-05:00,2022-11-22 00:00:00-05:00,34.75401757537705,34.802757263183594,2,KWT,33.474693069458006,-0.00763603210449304
2022-11-22 00:00:00-05:00,2022-11-23 00:00:00-05:00,34.76115299784982,34.82918930053711,3,KWT,33.47483009338379,0.00013702392578096578
2022-11-23 00:00:00-05:00,2022-11-25 00:00:00-05:00,34.76078373646035,34.78317642211914,4,KWT,33.4721085357666,-0.0027215576171855105
2022-11-25 00:00:00-05:00,2022-11-28 00:00:00-05:00,34.76107189703898,34.72444152832031,5,KWT,33.46627380371094,-0.005834732055660652
2022-11-28 00:00:00-05:00,2022-11-29 00:00:00-05:00,34.59962665288334,34.605003356933594,1,KWT,33.45624900817871,-0.010024795532231678
2022-11-29 00:00:00-05:00,2022-11-30 00:00:00-05:00,34.60914237024188,34.494380950927734,2,KWT,33.44626342773437,-0.009985580444336506
2022-11-30 00:00:00-05:00,2022-12-01 00:00:00-05:00,34.616476715226334,36.41807556152344,3,KWT,33.47524124145508,0.028977813720707957
2022-12-01 00:00:00-05:00,2022-12-02 00:00:00-05:00,34.61714501378896,34.79296875,4,KWT,33.48313179016113,0.007890548706050993
2022-12-02 00:00:00-05:00,2022-12-05 00:00:00-05:00,34.61739408029613,34.7489128112793,5,KWT,33.493998489379884,0.010866699218752274
2022-12-05 00:00:00-05:00,2022-12-06 00:00:00-05:00,34.63028067911689,34.57857131958008,1,KWT,33.51026908874512,0.016270599365235228
2022-12-06 00:00:00-05:00,2022-12-07 00:00:00-05:00,34.56925755336204,33.902095794677734,2,KWT,33.53327507019043,0.02300598144530852
2022-12-07 00:00:00-05:00,2022-12-08 00:00:00-05:00,34.60607159848123,34.176212310791016,3,KWT,33.56381935119629,0.030544281005859375
2022-12-08 00:00:00-05:00,2022-12-09 00:00:00-05:00,34.585184719321454,34.28194046020508,4,KWT,33.59722213745117,0.033402786254882244
2022-12-09 00:00:00-05:00,2022-12-12 00:00:00-05:00,34.59676481027986,34.3034782409668,5,KWT,33.6365771484375,0.039355010986334094
2022-12-12 00:00:00-05:00,2022-12-13 00:00:00-05:00,34.197652204285106,34.185997009277344,1,KWT,33.67599082946777,0.03941368103026832
2022-12-13 00:00:00-05:00,2022-12-14 00:00:00-05:00,34.1936786124434,33.59000015258789,2,KWT,33.71282405853272,0.03683322906494624
2022-12-14 00:00:00-05:00,2022-12-15 00:00:00-05:00,34.196218367466095,33.5,3,KWT,33.72655460357666,0.013730545043941333
2022-12-15 00:00:00-05:00,2022-12-16 00:00:00-05:00,34.195328506241324,33.090999603271484,4,KWT,33.72952068328858,0.0029660797119177573
2022-12-16 00:00:00-05:00,2022-12-19 00:00:00-05:00,34.195379092060044,33.08000183105469,5,KWT,33.74201747894287,0.01249679565429318
