time,seasonalEstimate,close,MA50,MA_diff_50
1991-06-13 22:00:00+00:00,1.286979088313916,1.293,1.34784,-0.0021999999999999797
1991-06-16 22:00:00+00:00,1.3051661870595466,1.262,1.34508,-0.0027599999999998737
1991-06-17 22:00:00+00:00,1.2961033247859246,1.245,1.34208,-0.0030000000000001137
1991-06-18 22:00:00+00:00,1.2850677592042419,1.215,1.33856,-0.0035199999999999676
1991-06-19 22:00:00+00:00,1.2808447747121563,1.225,1.33554,-0.0030200000000000227
1991-06-20 22:00:00+00:00,1.2230874654491521,1.195,1.33194,-0.0036000000000000476
1991-06-23 22:00:00+00:00,1.2157205200691052,1.118,1.32678,-0.005159999999999831
1991-06-24 22:00:00+00:00,1.2131715799370633,1.123,1.3215999999999999,-0.0051800000000001845
1991-06-25 22:00:00+00:00,1.2055339146440485,1.142,1.3169199999999999,-0.0046800000000000175
1991-06-26 22:00:00+00:00,1.2114497736896472,1.182,1.3129999999999997,-0.003920000000000146
1991-06-27 22:00:00+00:00,1.1567577309659185,1.208,1.3096599999999998,-0.0033399999999998986
1991-06-30 22:00:00+00:00,1.1548139692320951,1.19,1.3063600000000002,-0.0032999999999996366
1991-07-01 22:00:00+00:00,1.150651027703332,1.171,1.30216,-0.004200000000000204
1991-07-02 22:00:00+00:00,1.1413592194186253,1.191,1.29818,-0.003980000000000095
1991-07-04 22:00:00+00:00,1.140881902902722,1.183,1.29424,-0.0039399999999998325
1991-07-07 22:00:00+00:00,1.1824600169457677,1.198,1.2906199999999999,-0.0036200000000001786
1991-07-08 22:00:00+00:00,1.1718991392016174,1.18,1.2868799999999998,-0.0037400000000000766
1991-07-09 22:00:00+00:00,1.1746422760460655,1.16,1.2826,-0.0042799999999998395
1991-07-10 22:00:00+00:00,1.1783912543740016,1.157,1.27824,-0.0043599999999999195
1991-07-11 22:00:00+00:00,1.1840244727511937,1.165,1.27402,-0.0042200000000001125
1991-07-14 22:00:00+00:00,1.134906587665478,1.169,1.2700799999999999,-0.003940000000000055
1991-07-15 22:00:00+00:00,1.1512597751229987,1.205,1.26706,-0.0030199999999998006
1991-07-16 22:00:00+00:00,1.1406970055487562,1.235,1.26462,-0.0024399999999999977
1991-07-17 22:00:00+00:00,1.145499037376605,1.25,1.26256,-0.002060000000000173
1991-07-18 22:00:00+00:00,1.1435976392860723,1.247,1.26056,-0.0020000000000000018
1991-07-21 22:00:00+00:00,1.232178690940344,1.22,1.25792,-0.0026399999999999757
1991-07-22 22:00:00+00:00,1.245994863658454,1.218,1.25528,-0.0026399999999999757
1991-07-23 22:00:00+00:00,1.2345008159001087,1.216,1.25262,-0.0026599999999998847
1991-07-24 22:00:00+00:00,1.241299969169859,1.245,1.25054,-0.002080000000000082
1991-07-25 22:00:00+00:00,1.246070051621178,1.238,1.2483,-0.0022400000000000198
1991-07-28 22:00:00+00:00,1.2548388209863817,1.225,1.2459,-0.0023999999999999577
1991-07-29 22:00:00+00:00,1.2251302184236839,1.238,1.2438,-0.0020999999999999908
1991-07-30 22:00:00+00:00,1.2465116871106332,1.26,1.2423600000000001,-0.0014399999999998858
1991-07-31 22:00:00+00:00,1.2256738716250395,1.255,1.24086,-0.0015000000000000568
1991-08-01 22:00:00+00:00,1.2239810910879438,1.26,1.23966,-0.0012000000000000899
1991-08-04 22:00:00+00:00,1.2597399741938573,1.275,1.2385599999999999,-0.001100000000000101
1991-08-05 22:00:00+00:00,1.2552534325861284,1.286,1.2375800000000001,-0.0009799999999997588
1991-08-06 22:00:00+00:00,1.2717011458827125,1.294,1.23684,-0.000740000000000185
1991-08-07 22:00:00+00:00,1.2705306893831256,1.293,1.23582,-0.0010200000000000209
1991-08-08 22:00:00+00:00,1.2935097550416463,1.288,1.23482,-0.0009999999999998899
1991-08-11 22:00:00+00:00,1.2999298825088015,1.289,1.23394,-0.0008799999999999919
1991-08-12 22:00:00+00:00,1.3055986686275456,1.287,1.23302,-0.0009200000000000319
1991-08-13 22:00:00+00:00,1.3068105663254723,1.283,1.2321,-0.0009200000000000319
1991-08-14 22:00:00+00:00,1.3215536621403075,1.288,1.23156,-0.0005399999999999849
1991-08-15 22:00:00+00:00,1.3334909556109078,1.278,1.23118,-0.00038000000000004697
1991-08-18 22:00:00+00:00,1.2591824837335213,1.294,1.2314,0.000220000000000109
1991-08-19 22:00:00+00:00,1.2484407758018154,1.293,1.23152,0.00011999999999989797
1991-08-20 22:00:00+00:00,1.251398026243686,1.312,1.23216,0.0006399999999999739
1991-08-21 22:00:00+00:00,1.2544439114160135,1.476,1.2362600000000001,0.004100000000000215
1991-08-22 22:00:00+00:00,1.2553050334051568,1.522,1.24084,0.0045799999999998064
1991-08-25 22:00:00+00:00,1.5162364955942382,1.593,1.24684,0.006000000000000005
1991-08-26 22:00:00+00:00,1.5351867442639537,1.576,1.25312,0.006280000000000063
1991-08-27 22:00:00+00:00,1.5144177682855895,1.578,1.25978,0.006659999999999888
1991-08-28 22:00:00+00:00,1.5201900152148902,1.571,1.2669000000000001,0.007120000000000237
1991-08-29 22:00:00+00:00,1.5207359499428186,1.564,1.2736800000000001,0.006780000000000008
1991-09-02 22:00:00+00:00,1.5791396280629308,1.556,1.2809,0.007219999999999782
1991-09-03 22:00:00+00:00,1.5775650446019145,1.568,1.2899,0.009000000000000119
1991-09-04 22:00:00+00:00,1.5739171946354127,1.593,1.2993000000000001,0.009400000000000075
1991-09-05 22:00:00+00:00,1.5668318377155388,1.617,1.3088,0.009499999999999842
1991-09-08 22:00:00+00:00,1.568656345241745,1.629,1.31774,0.008939999999999948
1991-09-09 22:00:00+00:00,1.637991615160891,1.683,1.32724,0.009500000000000064
1991-09-10 22:00:00+00:00,1.672868777882176,1.629,1.33602,0.00878000000000001
1991-09-11 22:00:00+00:00,1.6747258912736904,1.596,1.34452,0.008499999999999952
1991-09-12 22:00:00+00:00,1.6842753451467993,1.59,1.3525,0.007980000000000098
1991-09-15 22:00:00+00:00,1.6798743196884318,1.595,1.36074,0.008240000000000025
1991-09-16 22:00:00+00:00,1.6003962038189277,1.598,1.3687400000000003,0.00800000000000023
1991-09-17 22:00:00+00:00,1.5958716234259185,1.61,1.37734,0.008599999999999719
1991-09-18 22:00:00+00:00,1.5963508573437581,1.67,1.3875400000000002,0.010200000000000209
1991-09-19 22:00:00+00:00,1.6030693161364165,1.742,1.39924,0.011699999999999822
1991-09-22 22:00:00+00:00,1.615355415095851,1.919,1.4143199999999998,0.01507999999999976
1991-09-23 22:00:00+00:00,1.9478459784197795,1.889,1.4287200000000002,0.014400000000000412
1991-09-24 22:00:00+00:00,1.9421350162164022,1.899,1.4426,0.013879999999999892
1991-09-25 22:00:00+00:00,1.9268221184380363,1.918,1.45626,0.013660000000000005
1991-09-26 22:00:00+00:00,1.9277548285545931,1.92,1.4696600000000002,0.013400000000000079
1991-09-29 22:00:00+00:00,1.9187895164670468,1.935,1.4834200000000002,0.013759999999999994
1991-09-30 22:00:00+00:00,1.928358538253305,1.907,1.49716,0.013739999999999863
1991-10-01 22:00:00+00:00,1.9511458562276904,1.894,1.51068,0.013519999999999976
1991-10-02 22:00:00+00:00,1.9323940973470632,1.891,1.5241799999999999,0.013499999999999845
1991-10-03 22:00:00+00:00,1.9397559354989147,1.904,1.5373600000000003,0.013180000000000414
1991-10-06 22:00:00+00:00,1.9144338397243814,1.913,1.5508600000000001,0.013499999999999845
1991-10-07 22:00:00+00:00,1.90907135250754,1.943,1.5652199999999998,0.014359999999999706
1991-10-08 22:00:00+00:00,1.9359732505136167,1.97,1.5798599999999998,0.014639999999999986
1991-10-09 22:00:00+00:00,1.9431894982960176,1.958,1.59382,0.013960000000000194
1991-10-10 22:00:00+00:00,1.9329600594919694,1.955,1.6078199999999998,0.01399999999999979
1991-10-13 22:00:00+00:00,1.943310124374678,1.982,1.62226,0.01444000000000023
1991-10-14 22:00:00+00:00,1.963115131691805,1.986,1.63648,0.0142199999999999
1991-10-15 22:00:00+00:00,1.9594969615451427,2.001,1.6507800000000001,0.014300000000000201
1991-10-16 22:00:00+00:00,1.9547879315916512,2.014,1.66518,0.014399999999999968
1991-10-17 22:00:00+00:00,1.9604296469233837,2.025,1.67982,0.014639999999999986
1991-10-20 22:00:00+00:00,1.9788950025238363,2.013,1.6943199999999998,0.014499999999999735
1991-10-21 22:00:00+00:00,2.0298175323359966,1.91,1.7067400000000001,0.01242000000000032
1991-10-22 22:00:00+00:00,2.044256486988167,1.889,1.7187800000000002,0.01204000000000005
1991-10-23 22:00:00+00:00,2.039074735444017,2.069,1.7345000000000002,0.015719999999999956
1991-10-24 22:00:00+00:00,2.0539464914259935,2.081,1.75036,0.015859999999999763
1991-10-27 23:00:00+00:00,2.0495077266025006,2.106,1.76692,0.01656000000000013
1991-10-28 23:00:00+00:00,2.1089564762636885,2.092,1.78288,0.015959999999999974
1991-10-29 23:00:00+00:00,2.086208408244887,2.065,1.79832,0.015439999999999898
1991-10-30 23:00:00+00:00,2.0847653217429714,2.046,1.8130000000000002,0.014680000000000248
1991-10-31 23:00:00+00:00,2.090280519561038,2.083,1.8251400000000002,0.01214000000000004
1991-11-03 23:00:00+00:00,2.0957661875266584,2.12,1.8370999999999997,0.011959999999999527
1991-11-04 23:00:00+00:00,2.071,2.071,1.8466600000000002,0.009560000000000457
1991-11-05 23:00:00+00:00,2.063,2.063,1.8563999999999998,0.009739999999999638
1991-11-06 23:00:00+00:00,2.082,2.082,1.86648,0.010080000000000089
1991-11-07 23:00:00+00:00,2.082,2.082,1.8766999999999998,0.010219999999999896
1991-11-10 23:00:00+00:00,2.0700000000000003,2.07,1.8868200000000002,0.010120000000000351
1991-11-11 23:00:00+00:00,2.0711336128904825,2.055,1.8967999999999998,0.009979999999999656
1991-11-12 23:00:00+00:00,2.045465809124694,2.04,1.90624,0.009440000000000115
1991-11-13 23:00:00+00:00,2.0567009966864798,2.0,1.9143800000000002,0.008140000000000258
1991-11-14 23:00:00+00:00,2.0508453818949195,2.04,1.9228399999999999,0.00845999999999969
1991-11-17 23:00:00+00:00,2.0663464590455805,2.001,1.93028,0.007440000000000113
1991-11-18 23:00:00+00:00,2.0185227934906553,1.91,1.93482,0.0045399999999999885
1991-11-19 23:00:00+00:00,2.0136565255109717,2.066,1.94356,0.00873999999999997
1991-11-20 23:00:00+00:00,1.9932421718459492,2.089,1.95342,0.00985999999999998
1991-11-21 23:00:00+00:00,2.02649829561147,2.086,1.96334,0.009920000000000151
1991-11-24 23:00:00+00:00,2.02442679489524,2.078,1.9729999999999999,0.00965999999999978
1991-11-25 23:00:00+00:00,2.055343622880682,2.066,1.98236,0.009360000000000035
1991-11-26 23:00:00+00:00,2.039429289486922,2.105,1.99226,0.00990000000000002
1991-11-28 23:00:00+00:00,2.0394616839014152,2.09,2.00066,0.008399999999999963
1991-12-01 23:00:00+00:00,2.0287748785547124,2.1,2.00782,0.007160000000000277
1991-12-02 23:00:00+00:00,2.0430182221037274,2.102,2.01148,0.0036599999999999966
1991-12-03 23:00:00+00:00,2.1024155280998786,2.083,2.01536,0.0038799999999996615
1991-12-04 23:00:00+00:00,2.1139740317423423,2.024,2.01786,0.002500000000000391
1991-12-05 23:00:00+00:00,2.1053276843602275,1.979,2.01908,0.0012199999999999989
1991-12-08 23:00:00+00:00,2.1109054540552075,1.939,2.01946,0.0003799999999998249
1991-12-09 23:00:00+00:00,2.1043308594814927,1.93,2.0193600000000003,-9.999999999976694e-05
1991-12-10 23:00:00+00:00,1.9360202639240542,1.851,2.01824,-0.001120000000000232
1991-12-11 23:00:00+00:00,1.9254761683807375,1.873,2.01782,-0.00042000000000008697
1991-12-12 23:00:00+00:00,1.9256315553363148,1.836,2.01672,-0.001100000000000101
1991-12-15 23:00:00+00:00,1.9427202180998495,1.834,2.01532,-0.0013999999999998458
1991-12-16 23:00:00+00:00,1.9308686319496926,1.825,2.01356,-0.0017599999999999838
1991-12-17 23:00:00+00:00,1.7959371257585455,1.765,2.01,-0.0035600000000002296
1991-12-18 23:00:00+00:00,1.7550152307237374,1.708,2.00476,-0.005239999999999689
1991-12-19 23:00:00+00:00,1.7202086734756465,1.453,1.99466,-0.010099999999999998
1991-12-22 23:00:00+00:00,1.712521274340962,1.397,1.9835000000000003,-0.011159999999999837
1991-12-23 23:00:00+00:00,1.701648287867385,1.4,1.9718600000000002,-0.011640000000000095
1991-12-25 23:00:00+00:00,1.4248995500480885,1.381,1.95976,-0.012100000000000222
1991-12-26 23:00:00+00:00,1.4284195395236103,1.378,1.9472999999999998,-0.012460000000000138
1991-12-29 23:00:00+00:00,1.4343232269707802,1.38,1.9346199999999998,-0.012680000000000025
1991-12-30 23:00:00+00:00,1.4455114322620557,1.38,1.9217199999999999,-0.012899999999999912
1992-01-01 23:00:00+00:00,1.4254003982652352,1.305,1.90756,-0.01415999999999995
1992-01-02 23:00:00+00:00,1.2974382511672784,1.299,1.89534,-0.012219999999999898
1992-01-05 23:00:00+00:00,1.3009892890020076,1.278,1.88312,-0.01222000000000012
1992-01-06 23:00:00+00:00,1.2815642307319488,1.304,1.8678199999999998,-0.015300000000000091
1992-01-07 23:00:00+00:00,1.2685245285695728,1.29,1.852,-0.015819999999999723
1992-01-08 23:00:00+00:00,1.2586254181211156,1.259,1.83506,-0.016940000000000177
1992-01-09 23:00:00+00:00,1.2753805605212585,1.206,1.8173400000000002,-0.017719999999999736
1992-01-12 23:00:00+00:00,1.2771713491688053,1.234,1.80072,-0.01662000000000008
1992-01-13 23:00:00+00:00,1.2883098637391315,1.247,1.78474,-0.015980000000000105
1992-01-14 23:00:00+00:00,1.3057200202608972,1.294,1.7689599999999999,-0.015780000000000127
1992-01-15 23:00:00+00:00,1.307434765702242,1.35,1.7535600000000002,-0.015399999999999636
1992-01-16 23:00:00+00:00,1.316912755121716,1.246,1.7370599999999998,-0.016500000000000403
1992-01-19 23:00:00+00:00,1.334910250255172,1.227,1.7203400000000002,-0.016719999999999624
1992-01-20 23:00:00+00:00,1.3370892968349624,1.228,1.70326,-0.017080000000000206
1992-01-21 23:00:00+00:00,1.3196519358796253,1.149,1.6846,-0.0186599999999999
1992-01-22 23:00:00+00:00,1.3012154215931384,1.075,1.6647,-0.01990000000000003
1992-01-23 23:00:00+00:00,1.0875784102257977,1.168,1.64696,-0.01774000000000009
1992-01-26 23:00:00+00:00,1.087493997215987,1.218,1.63052,-0.01644000000000001
1992-01-27 23:00:00+00:00,1.0961843060578726,1.181,1.61414,-0.01638000000000006
1992-01-28 23:00:00+00:00,1.0995849661054335,1.18,1.5969400000000002,-0.01719999999999966
1992-01-29 23:00:00+00:00,1.0967100593039136,1.166,1.58024,-0.01670000000000016
1992-01-30 23:00:00+00:00,1.1623251300597768,1.18,1.56564,-0.014600000000000168
1992-02-02 23:00:00+00:00,1.168608569299154,1.176,1.5478399999999999,-0.017800000000000038
1992-02-03 23:00:00+00:00,1.1740399024754262,1.198,1.5300200000000002,-0.017819999999999725
1992-02-04 23:00:00+00:00,1.1699902057448828,1.189,1.51208,-0.017940000000000067
1992-02-05 23:00:00+00:00,1.1756308354792648,1.183,1.49418,-0.017900000000000027
1992-02-06 23:00:00+00:00,1.1862325992244136,1.19,1.4766599999999999,-0.017520000000000202
1992-02-09 23:00:00+00:00,1.187989387942268,1.196,1.4584799999999998,-0.018180000000000085
1992-02-10 23:00:00+00:00,1.1822324305876053,1.13,1.43928,-0.019199999999999884
1992-02-11 23:00:00+00:00,1.1804612077822811,1.136,1.42,-0.019279999999999964
1992-02-12 23:00:00+00:00,1.1864844216201471,1.115,1.4002599999999998,-0.01974000000000009
1992-02-13 23:00:00+00:00,1.1127716630327729,1.079,1.38018,-0.020079999999999876
1992-02-17 23:00:00+00:00,1.1303909778206291,1.081,1.3613199999999999,-0.0188600000000001
1992-02-18 23:00:00+00:00,1.1267917979896176,1.139,1.34452,-0.016799999999999926
1992-02-19 23:00:00+00:00,1.1178991094273305,1.145,1.32864,-0.015879999999999894
1992-02-20 23:00:00+00:00,1.1302423424904826,1.186,1.3137599999999998,-0.014880000000000226
1992-02-23 23:00:00+00:00,1.1937384114960887,1.175,1.30024,-0.013519999999999754
1992-02-24 23:00:00+00:00,1.1845522380490154,1.18,1.28638,-0.013859999999999983
1992-02-25 23:00:00+00:00,1.1962935968179624,1.18,1.2732599999999998,-0.013120000000000243
1992-02-26 23:00:00+00:00,1.1970751227506786,1.156,1.2596999999999998,-0.013560000000000016
1992-02-27 23:00:00+00:00,1.2060305644947633,1.171,1.24662,-0.013079999999999758
1992-03-01 23:00:00+00:00,1.1641367756909675,1.166,1.23464,-0.011980000000000102
1992-03-02 23:00:00+00:00,1.1680434445258645,1.167,1.2238200000000001,-0.01081999999999983
1992-03-03 23:00:00+00:00,1.172264466294184,1.191,1.21858,-0.0052400000000001334
1992-03-04 23:00:00+00:00,1.1684198255895828,1.18,1.21424,-0.0043400000000000105
1992-03-05 23:00:00+00:00,1.1634526636562665,1.165,1.20954,-0.0046999999999999265
1992-03-08 23:00:00+00:00,1.184885709602785,1.18,1.2055200000000001,-0.0040199999999999125
1992-03-09 23:00:00+00:00,1.177113232713285,1.188,1.20172,-0.0038000000000002476
1992-03-10 23:00:00+00:00,1.1959655400256683,1.184,1.1978,-0.0039199999999999235
1992-03-11 23:00:00+00:00,1.2076728492767617,1.197,1.19414,-0.0036599999999999966
1992-03-12 23:00:00+00:00,1.212875183589295,1.212,1.19228,-0.0018599999999999728
1992-03-15 23:00:00+00:00,1.227,1.227,1.19084,-0.0014400000000001079
1992-03-16 23:00:00+00:00,1.245,1.245,1.19018,-0.0006599999999998829
1992-03-17 23:00:00+00:00,1.247,1.247,1.18904,-0.0011399999999999189
1992-03-18 23:00:00+00:00,1.253,1.253,1.1883,-0.000740000000000185
1992-03-19 23:00:00+00:00,1.268,1.268,1.1884800000000002,0.00018000000000029104
1992-03-22 23:00:00+00:00,1.2928362087866143,1.346,1.19128,0.0027999999999996916
1992-03-23 23:00:00+00:00,1.2892318743545716,1.281,1.1922199999999998,0.0009399999999999409
1992-03-24 23:00:00+00:00,1.2775521650338033,1.379,1.1948599999999998,0.0026399999999999757
1992-03-25 23:00:00+00:00,1.2891961919749344,1.322,1.19542,0.000560000000000116
1992-03-26 23:00:00+00:00,1.3117642903473183,1.326,1.19494,-0.00048000000000003595
1992-03-29 23:00:00+00:00,1.3310060061432372,1.332,1.19666,0.0017200000000001658
1992-03-30 23:00:00+00:00,1.3270849293187812,1.357,1.19926,0.0025999999999999357
1992-03-31 23:00:00+00:00,1.3311565056711419,1.381,1.20232,0.0030600000000000627
1992-04-01 23:00:00+00:00,1.335016706805733,1.352,1.20638,0.0040599999999999525
1992-04-02 23:00:00+00:00,1.329084237407154,1.319,1.21126,0.0048799999999999955
1992-04-05 22:00:00+00:00,1.329568988132833,1.315,1.2142,0.0029399999999999427
1992-04-06 22:00:00+00:00,1.3292999074318983,1.282,1.2154800000000001,0.0012800000000001699
1992-04-07 22:00:00+00:00,1.3333868771922541,1.305,1.2179600000000002,0.0024800000000000377
1992-04-08 22:00:00+00:00,1.3328238891644055,1.31,1.22056,0.0025999999999999357
1992-04-09 22:00:00+00:00,1.3414924008178608,1.294,1.22312,0.0025599999999998957
1992-04-12 22:00:00+00:00,1.3035548341615402,1.27,1.22492,0.0018000000000000238
1992-04-13 22:00:00+00:00,1.2976198796942204,1.276,1.22692,0.0020000000000000018
1992-04-14 22:00:00+00:00,1.3093385653493779,1.34,1.22976,0.0028399999999999537
1992-04-15 22:00:00+00:00,1.3165384561449578,1.361,1.2331999999999999,0.0034399999999998876
1992-04-19 22:00:00+00:00,1.3067682356256518,1.417,1.2378799999999999,0.0046800000000000175
1992-04-20 22:00:00+00:00,1.4234913810867973,1.468,1.2434399999999999,0.005560000000000009
1992-04-21 22:00:00+00:00,1.4347125604985984,1.571,1.2509400000000002,0.007500000000000284
1992-04-22 22:00:00+00:00,1.424740033365668,1.45,1.25734,0.006399999999999739
1992-04-23 22:00:00+00:00,1.4014213720004638,1.386,1.26234,0.0050000000000001155
1992-04-26 22:00:00+00:00,1.4209671823635197,1.383,1.2677,0.005360000000000031
1992-04-27 22:00:00+00:00,1.3891504328405022,1.409,1.2743,0.006599999999999939
1992-04-28 22:00:00+00:00,1.38442005517259,1.45,1.2816800000000002,0.007380000000000164
1992-04-29 22:00:00+00:00,1.3759411628130989,1.422,1.2873400000000002,0.005659999999999998
1992-04-30 22:00:00+00:00,1.371422830436419,1.431,1.2930599999999999,0.005719999999999725
1992-05-03 22:00:00+00:00,1.357029125915941,1.458,1.2985,0.005440000000000111
1992-05-04 22:00:00+00:00,1.466190432293403,1.529,1.30558,0.007079999999999975
1992-05-05 22:00:00+00:00,1.4522324986892048,1.496,1.3119,0.006320000000000103
1992-05-06 22:00:00+00:00,1.4647611042755904,1.484,1.31798,0.006079999999999863
1992-05-07 22:00:00+00:00,1.4734414169981709,1.475,1.3243599999999998,0.00637999999999983
1992-05-10 22:00:00+00:00,1.469938093147348,1.49,1.33074,0.006380000000000274
1992-05-11 22:00:00+00:00,1.4888874316822058,1.543,1.3382800000000001,0.007540000000000102
1992-05-12 22:00:00+00:00,1.499697924457648,1.562,1.3461800000000002,0.007900000000000018
1992-05-13 22:00:00+00:00,1.4903423721561189,1.623,1.35482,0.008639999999999759
1992-05-14 22:00:00+00:00,1.5019667149573743,1.657,1.3643599999999998,0.009539999999999882
1992-05-17 22:00:00+00:00,1.491604145597971,1.678,1.3746200000000002,0.01026000000000038
1992-05-18 22:00:00+00:00,1.6706995332892347,1.751,1.38604,0.011419999999999764
1992-05-19 22:00:00+00:00,1.6916761003770628,1.788,1.39804,0.01200000000000001
1992-05-20 22:00:00+00:00,1.6718267112435627,1.53,1.4049599999999998,0.006919999999999815
1992-05-21 22:00:00+00:00,1.662907081562962,1.545,1.4119199999999998,0.006960000000000077
1992-05-25 22:00:00+00:00,1.6726648469932026,1.63,1.4202800000000002,0.008360000000000367
1992-05-26 22:00:00+00:00,1.6056078570352157,1.59,1.4275399999999998,0.0072599999999996
1992-05-27 22:00:00+00:00,1.6319771110203176,1.617,1.43498,0.007440000000000113
1992-05-28 22:00:00+00:00,1.608014649169613,1.625,1.44254,0.007560000000000011
1992-05-31 22:00:00+00:00,1.6201176001592508,1.66,1.4506799999999997,0.008139999999999814
1992-06-01 22:00:00+00:00,1.601786655634205,1.652,1.4583599999999999,0.007680000000000131
1992-06-02 22:00:00+00:00,1.6331764590376392,1.586,1.46316,0.0048000000000001375
1992-06-03 22:00:00+00:00,1.6412892990108787,1.609,1.4697200000000001,0.006560000000000121
1992-06-04 22:00:00+00:00,1.622481934791596,1.653,1.4751999999999998,0.005479999999999707
1992-06-07 22:00:00+00:00,1.644703049113326,1.625,1.4812599999999998,0.006059999999999954
1992-06-08 22:00:00+00:00,1.652204804765516,1.634,1.48742,0.006160000000000165
1992-06-09 22:00:00+00:00,1.6411205809891085,1.619,1.49316,0.005740000000000078
1992-06-10 22:00:00+00:00,1.627597517837346,1.592,1.4978599999999997,0.004699999999999704
1992-06-11 22:00:00+00:00,1.649219265352855,1.535,1.5009400000000002,0.0030800000000004157
1992-06-14 22:00:00+00:00,1.645725457397008,1.563,1.5051600000000003,0.0042200000000001125
1992-06-15 22:00:00+00:00,1.6507834596113409,1.603,1.51084,0.005679999999999685
1992-06-16 22:00:00+00:00,1.5875713641498892,1.605,1.5166400000000002,0.005800000000000249
1992-06-17 22:00:00+00:00,1.5854784685483443,1.591,1.52282,0.006179999999999852
1992-06-18 22:00:00+00:00,1.5865443720298587,1.556,1.5278399999999999,0.005019999999999802
1992-06-21 22:00:00+00:00,1.5809152857387843,1.545,1.53254,0.0047000000000001485
1992-06-22 22:00:00+00:00,1.5799225197487188,1.483,1.5363200000000001,0.0037800000000001166
1992-06-23 22:00:00+00:00,1.4763581877099705,1.521,1.5413400000000002,0.0050200000000000244
1992-06-24 22:00:00+00:00,1.5112818841090692,1.53,1.54642,0.005079999999999751
1992-06-25 22:00:00+00:00,1.4759824214976045,1.519,1.55,0.0035800000000001386
1992-06-28 22:00:00+00:00,1.484895219929886,1.508,1.5529400000000002,0.0029400000000001647
1992-06-29 22:00:00+00:00,1.4743382974278334,1.518,1.5549600000000001,0.0020199999999999108
1992-06-30 22:00:00+00:00,1.5271139173739188,1.551,1.5566199999999997,0.0016599999999995507
1992-07-01 22:00:00+00:00,1.5171104742185093,1.579,1.55678,0.00016000000000038206
1992-07-05 22:00:00+00:00,1.527730027891706,1.577,1.5593199999999998,0.0025399999999997647
1992-07-06 22:00:00+00:00,1.5219023958503397,1.595,1.5635,0.0041800000000000725
1992-07-07 22:00:00+00:00,1.5225865317520093,1.63,1.5684399999999998,0.0049399999999999444
1992-07-08 22:00:00+00:00,1.6520816263002696,1.639,1.57304,0.0046000000000001595
1992-07-09 22:00:00+00:00,1.6460716308993857,1.653,1.5770999999999997,0.0040599999999997305
1992-07-12 22:00:00+00:00,1.64530869718492,1.722,1.5831,0.006000000000000227
1992-07-13 22:00:00+00:00,1.6404545730117108,1.692,1.58832,0.005220000000000002
1992-07-14 22:00:00+00:00,1.649606141489762,1.727,1.5937000000000001,0.005380000000000162
1992-07-15 22:00:00+00:00,1.7203300187208261,1.703,1.5971800000000003,0.0034800000000001496
1992-07-16 22:00:00+00:00,1.7387834803940758,1.714,1.60154,0.0043599999999996975
1992-07-19 22:00:00+00:00,1.727503512669916,1.749,1.60684,0.005300000000000082
1992-07-20 22:00:00+00:00,1.742314088491111,1.77,1.61274,0.005900000000000016
1992-07-21 22:00:00+00:00,1.7326265028314398,1.809,1.6191200000000001,0.006380000000000052
1992-07-22 22:00:00+00:00,1.8002255802059146,1.795,1.62416,0.005039999999999933
1992-07-23 22:00:00+00:00,1.8203362570268093,1.794,1.6288,0.0046399999999999775
1992-07-26 22:00:00+00:00,1.863395147893185,1.856,1.6334600000000001,0.0046600000000001085
1992-07-27 22:00:00+00:00,1.8408558947703035,1.838,1.6370800000000003,0.0036200000000001786
1992-07-28 22:00:00+00:00,1.8268695765538336,1.88,1.64112,0.0040399999999995995
1992-07-29 22:00:00+00:00,1.8770319815200043,1.932,1.64474,0.0036200000000001786
1992-07-30 22:00:00+00:00,1.871093955600759,1.892,1.64682,0.0020799999999998597
1992-08-02 22:00:00+00:00,1.8496795830473185,1.857,1.6533600000000002,0.006540000000000212
1992-08-03 22:00:00+00:00,1.8543378723828081,1.861,1.6596800000000003,0.006320000000000103
1992-08-04 22:00:00+00:00,1.8951568743434384,1.851,1.6641,0.0044199999999996464
1992-08-05 22:00:00+00:00,1.8607562135308224,1.877,1.66984,0.005740000000000078
1992-08-06 22:00:00+00:00,1.8622064009978652,1.889,1.6752799999999999,0.005439999999999889
1992-08-09 22:00:00+00:00,1.9209058549736853,1.924,1.68126,0.005980000000000096
1992-08-10 22:00:00+00:00,1.9487021064833916,1.922,1.6865,0.0052400000000001334
1992-08-11 22:00:00+00:00,1.9141859902053633,1.911,1.69168,0.005179999999999962
1992-08-12 22:00:00+00:00,1.920651884659367,1.853,1.69702,0.0053399999999999
1992-08-13 22:00:00+00:00,1.95422976732437,1.832,1.7014799999999999,0.0044599999999999085
1992-08-16 22:00:00+00:00,1.9545388251555291,1.762,1.7036600000000002,0.002180000000000293
1992-08-17 22:00:00+00:00,1.9350975132017847,1.847,1.7081,0.0044399999999997775
1992-08-18 22:00:00+00:00,1.923034918063181,1.838,1.7121800000000003,0.004080000000000306
1992-08-19 22:00:00+00:00,1.8532796219237881,1.845,1.7167000000000001,0.0045199999999998575
1992-08-20 22:00:00+00:00,1.872818799814088,1.854,1.7219400000000002,0.0052400000000001334
1992-08-23 22:00:00+00:00,1.8586640566456876,1.88,1.72884,0.006899999999999684
1992-08-24 22:00:00+00:00,1.8532733902020069,1.929,1.73616,0.007319999999999993
1992-08-25 22:00:00+00:00,1.8739897005725026,1.882,1.74174,0.00558000000000014
1992-08-26 22:00:00+00:00,1.944,1.944,1.7485199999999999,0.006779999999999786
1992-08-27 22:00:00+00:00,2.115,2.115,1.7590000000000001,0.010480000000000267
1992-08-30 22:00:00+00:00,2.112,2.112,1.77012,0.011119999999999797
1992-08-31 22:00:00+00:00,2.081,2.081,1.78084,0.010720000000000063
1992-09-01 22:00:00+00:00,2.051,2.051,1.7922,0.011360000000000037
1992-09-02 22:00:00+00:00,2.131,2.131,1.8044,0.012199999999999989
1992-09-03 22:00:00+00:00,2.147,2.147,1.8167399999999998,0.012339999999999796
1992-09-07 22:00:00+00:00,2.044,2.044,1.8272400000000002,0.010500000000000398
1992-09-08 22:00:00+00:00,2.0799999999999996,2.08,1.8386799999999999,0.011439999999999673
1992-09-09 22:00:00+00:00,2.128,2.128,1.8508799999999999,0.012199999999999989
1992-09-10 22:00:00+00:00,2.1514871745483175,2.148,1.8628200000000001,0.011940000000000284
1992-09-13 22:00:00+00:00,2.1511493455254507,2.184,1.87492,0.012099999999999778
1992-09-14 22:00:00+00:00,2.1438837125358354,2.244,1.8882599999999998,0.013339999999999907
1992-09-15 22:00:00+00:00,2.15615608374387,2.269,1.90174,0.013480000000000159
1992-09-16 22:00:00+00:00,2.167475959284986,2.231,1.9137600000000001,0.012020000000000142
1992-09-17 22:00:00+00:00,2.249483148730219,2.328,1.9275399999999998,0.013779999999999681
1992-09-20 22:00:00+00:00,2.2580812290684054,2.452,1.9435200000000001,0.015980000000000327
1992-09-21 22:00:00+00:00,2.302631289891486,2.646,1.962,0.01847999999999983
1992-09-22 22:00:00+00:00,2.3029062281836525,2.593,1.9800200000000001,0.018020000000000147
1992-09-23 22:00:00+00:00,2.2891853718163393,2.464,1.99476,0.014739999999999975
1992-09-24 22:00:00+00:00,2.489354579911101,2.474,2.01018,0.01541999999999999
1992-09-27 22:00:00+00:00,2.445417198612161,2.435,2.0246,0.014419999999999877
1992-09-28 22:00:00+00:00,2.481488100301389,2.513,2.03988,0.015280000000000182
1992-09-29 22:00:00+00:00,2.507282482284305,2.515,2.05478,0.014899999999999913
1992-09-30 22:00:00+00:00,2.4765748508821277,2.518,2.0689599999999997,0.014179999999999637
1992-10-01 22:00:00+00:00,2.514264413859917,2.505,2.08316,0.014200000000000212
1992-10-04 22:00:00+00:00,2.496325368084295,2.382,2.09492,0.011760000000000215
1992-10-05 22:00:00+00:00,2.495954457039848,2.44,2.1066,0.01167999999999969
1992-10-06 22:00:00+00:00,2.5559136640049154,2.39,2.1176399999999997,0.011039999999999939
1992-10-07 22:00:00+00:00,2.5514057316490466,2.298,2.126,0.008360000000000145
1992-10-08 22:00:00+00:00,2.29550155668686,2.293,2.13322,0.007220000000000226
1992-10-11 22:00:00+00:00,2.3048106018853614,2.23,2.13998,0.006759999999999877
1992-10-12 22:00:00+00:00,2.3167047966076275,2.151,2.1458600000000003,0.005880000000000329
1992-10-13 22:00:00+00:00,2.302845503761928,2.326,2.15516,0.009299999999999642
1992-10-14 22:00:00+00:00,2.294535703912727,2.432,2.16678,0.011620000000000186
1992-10-15 22:00:00+00:00,2.467429642941077,2.452,2.17828,0.011499999999999844
1992-10-18 22:00:00+00:00,2.494003112500165,2.567,2.1918400000000005,0.01356000000000046
1992-10-19 22:00:00+00:00,2.5037369206595077,2.571,2.20478,0.012939999999999507
1992-10-20 22:00:00+00:00,2.5145630500266716,2.488,2.2161,0.011319999999999997
1992-10-21 22:00:00+00:00,2.5030902482904525,2.404,2.22596,0.009860000000000202
1992-10-22 22:00:00+00:00,2.455971504904847,2.347,2.23584,0.009879999999999889
1992-10-25 23:00:00+00:00,2.4272308879772324,2.277,2.2447399999999997,0.008899999999999686
1992-10-26 23:00:00+00:00,2.4051554290691746,2.295,2.2554,0.010660000000000114
1992-10-27 23:00:00+00:00,2.4150264253656837,2.361,2.26568,0.010280000000000289
1992-10-28 23:00:00+00:00,2.432483141143607,2.308,2.27508,0.009399999999999853
1992-10-29 23:00:00+00:00,2.3155900686756192,2.295,2.28408,0.008999999999999897
1992-11-01 23:00:00+00:00,2.3289689176472335,2.421,2.29542,0.011340000000000128
1992-11-02 23:00:00+00:00,2.330962534961181,2.441,2.3066400000000002,0.01122000000000023
1992-11-03 23:00:00+00:00,2.3262978046718525,2.402,2.3161,0.009459999999999802
1992-11-04 23:00:00+00:00,2.3154127432956644,2.382,2.3261,0.009999999999999787
1992-11-05 23:00:00+00:00,2.406695583779763,2.345,2.33412,0.008020000000000138
1992-11-08 23:00:00+00:00,2.375742896647589,2.354,2.3388999999999998,0.004779999999999784
1992-11-09 23:00:00+00:00,2.3683218697017203,2.417,2.345,0.006100000000000438
1992-11-10 23:00:00+00:00,2.3457336266136277,2.398,2.35134,0.00633999999999979
1992-11-11 23:00:00+00:00,2.36320593564109,2.443,2.3591800000000003,0.007840000000000291
1992-11-12 23:00:00+00:00,2.45131401267506,2.423,2.36502,0.005839999999999623
1992-11-15 23:00:00+00:00,2.4466847029978376,2.411,2.3703,0.005279999999999951
1992-11-16 23:00:00+00:00,2.471691245177396,2.409,2.3775999999999997,0.007299999999999862
1992-11-17 23:00:00+00:00,2.4930525334053004,2.375,2.3834999999999997,0.005900000000000016
1992-11-18 23:00:00+00:00,2.463060128373334,2.332,2.38758,0.0040800000000000836
1992-11-19 23:00:00+00:00,2.3811913093992088,2.155,2.38772,0.000140000000000029
1992-11-22 23:00:00+00:00,2.3658757337234535,2.108,2.3862,-0.0015199999999997438
1992-11-23 23:00:00+00:00,2.3317138575730088,2.039,2.3821,-0.004100000000000215
1992-11-24 23:00:00+00:00,2.3266472741420703,2.025,2.37722,-0.0048799999999999955
1992-11-29 23:00:00+00:00,2.3146806309760732,2.087,2.37434,-0.0028799999999997716
1992-11-30 23:00:00+00:00,2.0904045311459787,1.895,2.3656800000000002,-0.00865999999999989
1992-12-01 23:00:00+00:00,2.080779121404137,1.933,2.3553,-0.010380000000000056
1992-12-02 23:00:00+00:00,2.104475114693918,1.979,2.34196,-0.013340000000000352
1992-12-03 23:00:00+00:00,2.1080820990289952,1.985,2.3298,-0.012159999999999727
1992-12-06 23:00:00+00:00,2.092061147289118,1.957,2.3196600000000003,-0.010139999999999816
1992-12-07 23:00:00+00:00,1.957108727785516,1.971,2.3095999999999997,-0.010060000000000624
1992-12-08 23:00:00+00:00,1.9511746414498194,2.044,2.30178,-0.007819999999999716
1992-12-09 23:00:00+00:00,1.9621813258759657,2.114,2.2938,-0.007979999999999876
1992-12-10 23:00:00+00:00,1.9481406326744792,2.089,2.2852799999999998,-0.008520000000000305
1992-12-13 23:00:00+00:00,1.9532499777051746,2.03,2.2755199999999998,-0.009759999999999991
1992-12-14 23:00:00+00:00,2.0398237307722735,2.097,2.26736,-0.008159999999999723
1992-12-15 23:00:00+00:00,2.0464517677246903,2.072,2.2611600000000003,-0.006199999999999761
1992-12-16 23:00:00+00:00,2.009034221508724,2.085,2.25406,-0.007100000000000328
1992-12-17 23:00:00+00:00,1.9576549385614248,2.092,2.2481,-0.005959999999999965
1992-12-20 23:00:00+00:00,1.926693842365591,2.031,2.24276,-0.0053399999999999
1992-12-21 23:00:00+00:00,2.015551312457076,1.783,2.23256,-0.010200000000000209
1992-12-22 23:00:00+00:00,1.9940899334822066,1.866,2.22528,-0.007279999999999731
1992-12-23 23:00:00+00:00,2.017585401480834,1.866,2.21958,-0.005700000000000038
1992-12-27 23:00:00+00:00,2.0370559503024173,1.735,2.20776,-0.011820000000000164
1992-12-28 23:00:00+00:00,2.0417411241322343,1.701,2.19314,-0.014619999999999855
1992-12-29 23:00:00+00:00,1.7049711290898277,1.695,2.178,-0.015140000000000153
1992-12-30 23:00:00+00:00,1.6964082284022393,1.687,2.1604,-0.017599999999999838
1993-01-03 23:00:00+00:00,1.6802457659459071,1.554,2.14006,-0.020340000000000025
1993-01-04 23:00:00+00:00,1.6869401092645855,1.584,2.1219799999999998,-0.018080000000000318
1993-01-05 23:00:00+00:00,1.659728480436472,1.582,2.10554,-0.016439999999999788
1993-01-06 23:00:00+00:00,1.5659411287446692,1.6,2.0906000000000002,-0.014939999999999731
1993-01-07 23:00:00+00:00,1.5481043038748452,1.559,2.0762400000000003,-0.014359999999999928
1993-01-10 23:00:00+00:00,1.5711726098826053,1.614,2.06262,-0.01362000000000041
1993-01-11 23:00:00+00:00,1.5696590786114129,1.598,2.04736,-0.015260000000000051
1993-01-12 23:00:00+00:00,1.584981515963717,1.612,2.03344,-0.01391999999999971
1993-01-13 23:00:00+00:00,1.6284284981015746,1.646,2.0204600000000004,-0.01297999999999977
1993-01-14 23:00:00+00:00,1.6405764090563482,1.647,2.0049799999999998,-0.015480000000000604
1993-01-17 23:00:00+00:00,1.5931596484027923,1.603,1.98822,-0.016759999999999664
1993-01-18 23:00:00+00:00,1.6122467318555957,1.551,1.9711999999999998,-0.017020000000000257
1993-01-19 23:00:00+00:00,1.6132080318043798,1.631,1.95618,-0.015019999999999811
1993-01-20 23:00:00+00:00,1.6032941261147151,1.677,1.9428200000000002,-0.013359999999999816
1993-01-21 23:00:00+00:00,1.577613961295755,1.549,1.9267200000000002,-0.016100000000000003
1993-01-24 23:00:00+00:00,1.602060387430511,1.573,1.90984,-0.016880000000000228
1993-01-25 23:00:00+00:00,1.6036326562402878,1.589,1.89366,-0.016180000000000083
1993-01-26 23:00:00+00:00,1.6096235542548778,1.575,1.8762999999999999,-0.017360000000000042
1993-01-27 23:00:00+00:00,1.5664427288078273,1.588,1.8595999999999997,-0.01670000000000016
1993-01-28 23:00:00+00:00,1.5772258288183834,1.597,1.8433200000000003,-0.016279999999999406
1993-01-31 23:00:00+00:00,1.5703396267017653,1.627,1.82768,-0.01564000000000032
1993-02-01 23:00:00+00:00,1.5746464381856478,1.569,1.81156,-0.016119999999999912
1993-02-02 23:00:00+00:00,1.5821599151894337,1.583,1.79658,-0.014979999999999993
1993-02-03 23:00:00+00:00,1.618,1.618,1.78584,-0.010739999999999972
1993-02-04 23:00:00+00:00,1.678,1.678,1.7772400000000002,-0.008599999999999941
1993-02-07 23:00:00+00:00,1.741,1.741,1.7712800000000002,-0.005959999999999965
1993-02-08 23:00:00+00:00,1.686,1.686,1.7645,-0.00678000000000023
1993-02-09 23:00:00+00:00,1.712,1.712,1.7570000000000001,-0.00749999999999984
1993-02-10 23:00:00+00:00,1.7042529239189208,1.745,1.754,-0.0030000000000001137
1993-02-11 23:00:00+00:00,1.7260615844863794,1.71,1.74954,-0.0044599999999999085
1993-02-15 23:00:00+00:00,1.7068369064973377,1.765,1.74526,-0.0042800000000000615
1993-02-16 23:00:00+00:00,1.7508857945384757,1.797,1.7415,-0.0037599999999999856
1993-02-17 23:00:00+00:00,1.7272585529365088,1.873,1.73982,-0.0016800000000001258
1993-02-18 23:00:00+00:00,1.8634278933708208,1.752,1.73544,-0.0043799999999998285
1993-02-21 23:00:00+00:00,1.8577024298851117,1.849,1.7315399999999999,-0.0039000000000002366
1993-02-22 23:00:00+00:00,1.8852533648193193,1.835,1.72596,-0.005579999999999918
1993-02-23 23:00:00+00:00,1.866758268147475,1.848,1.7211400000000001,-0.004819999999999824
1993-02-24 23:00:00+00:00,1.8922369086311706,1.894,1.71842,-0.0027200000000000557
1993-02-25 23:00:00+00:00,1.8959073539376816,1.856,1.7135999999999998,-0.0048200000000002685
1993-02-28 23:00:00+00:00,1.9233515020838736,1.856,1.70928,-0.0043199999999998795
1993-03-01 23:00:00+00:00,1.8982321516258,1.827,1.70412,-0.005159999999999831
1993-03-02 23:00:00+00:00,1.921525897618695,1.764,1.69756,-0.006560000000000121
1993-03-03 23:00:00+00:00,1.8937848821518553,1.798,1.6928999999999998,-0.0046600000000001085
1993-03-04 23:00:00+00:00,1.7822660754866566,1.787,1.69298,8.000000000008001e-05
1993-03-07 23:00:00+00:00,1.7977744623980916,1.824,1.69214,-0.0008399999999999519
1993-03-08 23:00:00+00:00,1.8383175055829364,1.921,1.6932399999999999,0.0010999999999998789
1993-03-09 23:00:00+00:00,1.8240591679578162,1.926,1.6970599999999998,0.0038199999999999346
1993-03-10 23:00:00+00:00,1.8272407294555404,1.945,1.7019400000000002,0.0048800000000004395
1993-03-11 23:00:00+00:00,1.9489740131754887,1.915,1.70634,0.0043999999999997375
1993-03-14 23:00:00+00:00,1.997844131778605,1.965,1.7119,0.005560000000000009
1993-03-15 23:00:00+00:00,1.9809394621306526,1.913,1.71908,0.007179999999999964
1993-03-16 23:00:00+00:00,2.0033460247046104,2.013,1.7276600000000002,0.008580000000000254
1993-03-17 23:00:00+00:00,1.9641351336025967,2.031,1.73664,0.008979999999999766
1993-03-18 23:00:00+00:00,2.0380553260928673,2.087,1.74638,0.009740000000000082
1993-03-21 23:00:00+00:00,2.0391001166858613,2.042,1.7560399999999998,0.00965999999999978
1993-03-22 23:00:00+00:00,2.0526458347755723,2.117,1.7661000000000002,0.010060000000000402
1993-03-23 23:00:00+00:00,2.05356227393631,2.05,1.7751400000000002,0.009039999999999937
1993-03-24 23:00:00+00:00,2.0541342454010865,2.023,1.7833599999999998,0.008219999999999672
1993-03-25 23:00:00+00:00,2.0156971607899643,1.975,1.78994,0.006580000000000252
1993-03-28 23:00:00+00:00,2.033267153683318,2.027,1.7975400000000001,0.007600000000000051
1993-03-29 23:00:00+00:00,2.0225641350455867,2.042,1.8063199999999997,0.008779999999999566
1993-03-30 23:00:00+00:00,2.0269275864723437,2.069,1.81668,0.010360000000000369
1993-03-31 23:00:00+00:00,2.0304840847759253,2.037,1.8248000000000002,0.008120000000000127
1993-04-01 23:00:00+00:00,2.031506782536284,2.025,1.8317599999999998,0.006959999999999633
1993-04-04 22:00:00+00:00,2.0366573831418897,2.093,1.8426399999999998,0.01088
1993-04-05 22:00:00+00:00,2.0352103419552128,2.153,1.85424,0.011600000000000277
1993-04-06 22:00:00+00:00,2.0154554970241105,2.154,1.86554,0.011299999999999866
1993-04-07 22:00:00+00:00,2.0367112181681115,2.229,1.87862,0.01307999999999998
1993-04-11 22:00:00+00:00,2.22008416199261,2.344,1.89374,0.015120000000000022
1993-04-12 22:00:00+00:00,2.2481450911005747,2.32,1.9082,0.014459999999999917
1993-04-13 22:00:00+00:00,2.236064811667942,2.364,1.92294,0.014740000000000197
1993-04-14 22:00:00+00:00,2.2490978050106727,2.357,1.9387,0.015759999999999996
1993-04-15 22:00:00+00:00,2.2565691822110376,2.391,1.9548599999999998,0.01615999999999973
1993-04-18 22:00:00+00:00,2.398492843490698,2.408,1.97066,0.01580000000000026
1993-04-19 22:00:00+00:00,2.3757963087046896,2.442,1.98594,0.01527999999999996
1993-04-20 22:00:00+00:00,2.397275221658475,2.633,2.00378,0.017839999999999856
1993-04-21 22:00:00+00:00,2.3842885964263694,2.728,2.02462,0.02084000000000019
1993-04-22 22:00:00+00:00,2.367139090388491,2.514,2.04066,0.016039999999999832
1993-04-25 22:00:00+00:00,2.4962250384135523,2.317,2.0521,0.011439999999999895
1993-04-26 22:00:00+00:00,2.5119718658329377,2.318,2.06426,0.01216000000000017
1993-04-27 22:00:00+00:00,2.511398952672163,2.354,2.07604,0.011779999999999902
1993-04-28 22:00:00+00:00,2.489431551375997,2.372,2.0875399999999997,0.011499999999999844
1993-04-29 22:00:00+00:00,2.483035053765522,2.365,2.09738,0.009840000000000071
1993-05-02 22:00:00+00:00,2.3596311177962273,2.289,2.10812,0.010740000000000194
1993-05-03 22:00:00+00:00,2.3183043782370385,2.317,2.11748,0.009360000000000035
1993-05-04 22:00:00+00:00,2.3286907995740154,2.224,2.12526,0.007779999999999898
1993-05-05 22:00:00+00:00,2.3342170089124545,2.174,2.13178,0.006520000000000081
1993-05-06 22:00:00+00:00,2.33661792712906,2.162,2.13714,0.005360000000000031
1993-05-09 22:00:00+00:00,2.163934952820613,2.082,2.14166,0.0045199999999998575
1993-05-10 22:00:00+00:00,2.168094071038375,2.157,2.14768,0.006019999999999914
1993-05-11 22:00:00+00:00,2.180428292739211,2.215,2.15544,0.007760000000000211
1993-05-12 22:00:00+00:00,2.1716406706922533,2.271,2.16558,0.010139999999999816
1993-05-13 22:00:00+00:00,2.1536098959120613,2.262,2.17486,0.009279999999999955
1993-05-16 22:00:00+00:00,2.26996296665315,2.314,2.1854,0.010540000000000216
1993-05-17 22:00:00+00:00,2.248130061574938,2.349,2.1959,0.010499999999999954
1993-05-18 22:00:00+00:00,2.248478370524161,2.315,2.20378,0.00788000000000011
1993-05-19 22:00:00+00:00,2.275602552935578,2.322,2.2117,0.007919999999999927
1993-05-20 22:00:00+00:00,2.248245568668726,2.117,2.21514,0.0034399999999998876
1993-05-23 22:00:00+00:00,2.0963467951258368,2.009,2.2170199999999998,0.0018799999999998818
1993-05-24 22:00:00+00:00,2.1118310298715333,2.084,2.2194,0.0023800000000000487
1993-05-25 22:00:00+00:00,2.094177652623836,2.086,2.22286,0.0034600000000000186
1993-05-26 22:00:00+00:00,2.1022592758554244,2.104,2.2246799999999998,0.0018199999999999328
1993-05-27 22:00:00+00:00,2.094821921979239,2.141,2.22688,0.002200000000000202
1993-05-31 22:00:00+00:00,2.13276551266634,2.179,2.22872,0.0018400000000000638
1993-06-01 22:00:00+00:00,2.141625540162928,2.108,2.23004,0.0013199999999997658
1993-06-02 22:00:00+00:00,2.138471241064143,2.114,2.22998,-5.999999999994898e-05
1993-06-03 22:00:00+00:00,2.103628877733981,2.11,2.23118,0.001200000000000312
1993-06-06 22:00:00+00:00,2.1027158485271893,2.036,2.23144,0.00025999999999992696
1993-06-07 22:00:00+00:00,2.0465513941368,2.126,2.23446,0.0030199999999998006
1993-06-08 22:00:00+00:00,2.0680833136837555,2.171,2.2373399999999997,0.0028799999999997716
1993-06-09 22:00:00+00:00,2.072011268509845,2.141,2.23932,0.001980000000000537
1993-06-10 22:00:00+00:00,2.071136927930891,2.178,2.2415000000000003,0.0021800000000000708
1993-06-13 22:00:00+00:00,2.08285740644082,2.2,2.24476,0.0032599999999995966
1993-06-14 22:00:00+00:00,2.213419604323108,2.152,2.2473,0.0025400000000002088
1993-06-15 22:00:00+00:00,2.194377032415767,2.193,2.2493,0.0019999999999997797
1993-06-16 22:00:00+00:00,2.180428732651286,2.241,2.25106,0.0017599999999999838
1993-06-17 22:00:00+00:00,2.1689490511727736,2.255,2.2530799999999997,0.0020199999999999108
1993-06-20 22:00:00+00:00,2.1760221290784423,2.195,2.2524,-0.0006799999999995698
1993-06-21 22:00:00+00:00,2.1923912888320176,2.086,2.24724,-0.005160000000000053
1993-06-22 22:00:00+00:00,2.1841909029948776,2.089,2.24262,-0.0046200000000000685
1993-06-23 22:00:00+00:00,2.167408268789231,2.159,2.23852,-0.004100000000000215
1993-06-24 22:00:00+00:00,2.183272973117287,2.157,2.23452,-0.0040000000000000036
1993-06-27 22:00:00+00:00,2.1661059254400907,2.197,2.23064,-0.0038799999999996615
1993-06-28 22:00:00+00:00,2.201466431086956,2.171,2.2259,-0.0047399999999999665
1993-06-29 22:00:00+00:00,2.1937149671567218,2.181,2.2206799999999998,-0.0052200000000004465
1993-06-30 22:00:00+00:00,2.1828881537387974,2.121,2.21044,-0.010239999999999583
1993-07-01 22:00:00+00:00,2.1838357688550563,2.104,2.19796,-0.012480000000000047
1993-07-05 22:00:00+00:00,2.196055495680138,2.144,2.1905599999999996,-0.007400000000000517
1993-07-06 22:00:00+00:00,2.1497965834022232,2.158,2.18738,-0.0031799999999995165
1993-07-07 22:00:00+00:00,2.1444753868434163,2.126,2.1835400000000003,-0.0038399999999998435
1993-07-08 22:00:00+00:00,2.1665411398914274,2.153,2.17952,-0.004020000000000135
1993-07-11 22:00:00+00:00,2.1730110339592086,2.085,2.1737800000000003,-0.005739999999999856
1993-07-12 22:00:00+00:00,2.16362913102687,2.081,2.1681,-0.0056800000000003514
1993-07-13 22:00:00+00:00,2.0822147338622754,2.034,2.163,-0.0051000000000001044
1993-07-14 22:00:00+00:00,2.092687473309968,2.031,2.15728,-0.005719999999999725
1993-07-15 22:00:00+00:00,2.087239614145475,2.067,2.15414,-0.0031400000000001427
1993-07-18 22:00:00+00:00,2.1019259831815593,2.024,2.15114,-0.0030000000000001137
1993-07-19 22:00:00+00:00,2.096599784366765,2.033,2.14856,-0.0025800000000000267
1993-07-20 22:00:00+00:00,2.0526284990415493,2.095,2.14882,0.00026000000000037105
1993-07-21 22:00:00+00:00,2.027450119323805,2.096,2.1475999999999997,-0.001220000000000443
1993-07-22 22:00:00+00:00,2.060357708779046,2.068,2.14466,-0.0029399999999997206
1993-07-25 22:00:00+00:00,2.0575218787627874,2.124,2.1417200000000003,-0.0029399999999997206
1993-07-26 22:00:00+00:00,2.0820678734588793,2.11,2.1386800000000004,-0.0030399999999999316
1993-07-27 22:00:00+00:00,2.1023215636624264,2.14,2.1352,-0.0034800000000001496
1993-07-28 22:00:00+00:00,2.1117681817556817,2.181,2.13184,-0.0033600000000002517
1993-07-29 22:00:00+00:00,2.10460788740618,2.22,2.12994,-0.0019000000000000128
1993-08-01 22:00:00+00:00,2.088934935407896,2.216,2.12782,-0.002120000000000122
1993-08-02 22:00:00+00:00,2.0936886938947885,2.189,2.1292600000000004,0.001440000000000552
1993-08-03 22:00:00+00:00,2.208468491745664,2.2,2.13308,0.0038199999999997125
1993-08-04 22:00:00+00:00,2.239284431548703,2.225,2.1359,0.0028199999999998226
1993-08-05 22:00:00+00:00,2.2439313516746373,2.203,2.13824,0.002340000000000231
1993-08-08 22:00:00+00:00,2.2724349094095584,2.176,2.1396800000000002,0.0014400000000001079
1993-08-09 22:00:00+00:00,2.2934578561889207,2.218,2.1412199999999997,0.0015399999999994307
1993-08-10 22:00:00+00:00,2.2180709409088726,2.253,2.1426999999999996,0.0014799999999999258
1993-08-11 22:00:00+00:00,2.241246676213376,2.296,2.1464600000000003,0.0037600000000006517
1993-08-12 22:00:00+00:00,2.279506177039736,2.295,2.15008,0.0036199999999997345
1993-08-15 22:00:00+00:00,2.2842029436539493,2.357,2.15502,0.0049399999999999444
1993-08-16 22:00:00+00:00,2.259379949009975,2.35,2.1612999999999998,0.006279999999999841
1993-08-17 22:00:00+00:00,2.350528563975379,2.41,2.1669799999999997,0.005679999999999907
1993-08-18 22:00:00+00:00,2.3429245531720375,2.39,2.17136,0.0043800000000002726
1993-08-19 22:00:00+00:00,2.363072170955635,2.46,2.17774,0.006380000000000052
1993-08-22 22:00:00+00:00,2.3642975554659693,2.418,2.18254,0.0047999999999999154
1993-08-23 22:00:00+00:00,2.3716560753998204,2.385,2.1862399999999997,0.0036999999999998145
1993-08-24 22:00:00+00:00,2.377233111226953,2.381,2.19082,0.0045800000000002505
1993-08-25 22:00:00+00:00,2.371883505798122,2.428,2.19552,0.0047000000000001485
1993-08-26 22:00:00+00:00,2.381103023513649,2.447,2.19964,0.0041199999999999015
1993-08-29 22:00:00+00:00,2.4030377304567527,2.403,2.2026000000000003,0.0029600000000002957
1993-08-30 22:00:00+00:00,2.436133524515115,2.375,2.2062,0.0035999999999996035
1993-08-31 22:00:00+00:00,2.372125591078967,2.366,2.2118,0.005600000000000271
1993-09-01 22:00:00+00:00,2.371890247583774,2.406,2.21814,0.00633999999999979
1993-09-02 22:00:00+00:00,2.3633943530094843,2.391,2.2227799999999998,0.004639999999999755
1993-09-06 22:00:00+00:00,2.3688854484869397,2.272,2.2250799999999997,0.0022999999999999687
1993-09-07 22:00:00+00:00,2.3881469082915507,2.283,2.2268,0.0017200000000001658
1993-09-08 22:00:00+00:00,2.318560115227977,2.264,2.22866,0.0018600000000001948
1993-09-09 22:00:00+00:00,2.327977232322604,2.196,2.2289600000000003,0.000300000000000189
1993-09-12 22:00:00+00:00,2.3503248987499012,2.196,2.23046,0.0014999999999996128
1993-09-13 22:00:00+00:00,2.357335597129108,2.157,2.2315199999999997,0.0010599999999998388
1993-09-14 22:00:00+00:00,2.36516569124873,2.123,2.2311,-0.0004199999999996429
1993-09-15 22:00:00+00:00,2.1313841870136243,2.085,2.22964,-0.0014600000000002389
1993-09-16 22:00:00+00:00,2.1167759192389024,2.165,2.23042,0.000780000000000225
1993-09-19 22:00:00+00:00,2.1264835321050586,2.193,2.23122,0.0007999999999999119
1993-09-20 22:00:00+00:00,2.144151919710961,2.238,2.23428,0.0030600000000000627
1993-09-21 22:00:00+00:00,2.174974985946594,2.158,2.23582,0.0015399999999998748
1993-09-22 22:00:00+00:00,2.1649393377875596,2.267,2.24048,0.0046599999999998865
1993-09-23 22:00:00+00:00,2.1356770242702385,2.257,2.245,0.0045200000000003016
1993-09-26 22:00:00+00:00,2.151635471575583,2.264,2.24894,0.003940000000000055
1993-09-27 22:00:00+00:00,2.1401804789692456,2.302,2.2545,0.005560000000000009
1993-09-28 22:00:00+00:00,2.1386034825286986,2.318,2.2602,0.005700000000000038
1993-09-29 22:00:00+00:00,2.316927174268397,2.291,2.26412,0.0039199999999999235
1993-09-30 22:00:00+00:00,2.3130686284572066,2.277,2.26774,0.0036199999999997345
1993-10-03 22:00:00+00:00,2.3021875637523195,2.197,2.27032,0.0025800000000000267
1993-10-04 22:00:00+00:00,2.2915090156077293,2.178,2.2714,0.0010799999999999699
1993-10-05 22:00:00+00:00,2.2864548629244172,2.173,2.27266,0.001260000000000261
1993-10-06 22:00:00+00:00,2.2232948961645316,2.122,2.2723,-0.000360000000000138
1993-10-07 22:00:00+00:00,2.206809298357416,2.141,2.2715,-0.0007999999999999119
1993-10-10 22:00:00+00:00,2.2169364703202428,2.185,2.2708,-0.000700000000000145
1993-10-11 22:00:00+00:00,2.208040531082202,2.151,2.2695000000000003,-0.0012999999999996348
1993-10-12 22:00:00+00:00,2.207353987152286,2.205,2.26982,0.00031999999999987594
1993-10-13 22:00:00+00:00,2.185135689354106,2.167,2.26916,-0.000660000000000327
1993-10-14 22:00:00+00:00,2.1853166994148747,2.172,2.2681,-0.0010599999999998388
1993-10-17 22:00:00+00:00,2.1856661309751195,2.131,2.26666,-0.0014400000000001079
1993-10-18 22:00:00+00:00,2.2119440379364614,2.166,2.26646,-0.00019999999999997797
1993-10-19 22:00:00+00:00,2.2248496671927596,2.116,2.26442,-0.0020400000000000418
1993-10-20 22:00:00+00:00,2.1286596904951374,2.126,2.26188,-0.0025399999999997647
1993-10-21 22:00:00+00:00,2.1201104674915596,2.31,2.26216,0.000280000000000058
1993-10-24 22:00:00+00:00,2.1343846862999287,2.313,2.26252,0.0003599999999996939
1993-10-25 22:00:00+00:00,2.1287221716071607,2.305,2.26148,-0.0010399999999997078
1993-10-26 22:00:00+00:00,2.1247186055442984,2.364,2.26176,0.000280000000000058
1993-10-27 22:00:00+00:00,2.331420200547775,2.385,2.2612599999999996,-0.0005000000000006111
1993-10-28 22:00:00+00:00,2.3420615428535516,2.368,2.2608200000000003,-0.0004399999999993298
1993-10-31 23:00:00+00:00,2.3380872218662097,2.434,2.2603,-0.000520000000000298
1993-11-01 23:00:00+00:00,2.356151371977295,2.407,2.2600800000000003,-0.0002199999999996649
1993-11-02 23:00:00+00:00,2.3280647809473316,2.441,2.2612,0.0011199999999997878
1993-11-03 23:00:00+00:00,2.456243851714636,2.446,2.2625,0.0013000000000000789
1993-11-04 23:00:00+00:00,2.443470050477941,2.44,2.26274,0.00023999999999979593
1993-11-07 23:00:00+00:00,2.4247781653461407,2.389,2.2615800000000004,-0.0011599999999996058
1993-11-08 23:00:00+00:00,2.412155035716267,2.38,2.26112,-0.000460000000000349
1993-11-09 23:00:00+00:00,2.42382223155673,2.323,2.26008,-0.001040000000000152
1993-11-10 23:00:00+00:00,2.3052055731091197,2.297,2.2587,-0.0013799999999997148
1993-11-11 23:00:00+00:00,2.3082325255292875,2.233,2.25524,-0.0034600000000000186
1993-11-14 23:00:00+00:00,2.289724719104934,2.262,2.25266,-0.0025800000000000267
1993-11-15 23:00:00+00:00,2.3000928640961935,2.25,2.25222,-0.000440000000000218
1993-11-16 23:00:00+00:00,2.324983142656664,2.295,2.25246,0.00024000000000024002
1993-11-17 23:00:00+00:00,2.2870273332641875,2.336,2.2539,0.0014399999999996638
1993-11-18 23:00:00+00:00,2.268699825858202,2.318,2.25634,0.0024399999999999977
1993-11-21 23:00:00+00:00,2.304914391753612,2.396,2.26034,0.0040000000000000036
1993-11-22 23:00:00+00:00,2.294221965178263,2.352,2.26424,0.0039000000000002366
1993-11-23 23:00:00+00:00,2.2511976536354377,2.355,2.2688800000000002,0.0046400000000001995
1993-11-28 23:00:00+00:00,2.353973460722898,2.275,2.27268,0.0037999999999995815
1993-11-29 23:00:00+00:00,2.330221668086197,2.243,2.2742400000000003,0.00156000000000045
1993-11-30 23:00:00+00:00,2.33296241003177,2.198,2.27434,9.999999999976694e-05
1993-12-01 23:00:00+00:00,2.3362347631775986,2.135,2.2722800000000003,-0.0020599999999997287
1993-12-02 23:00:00+00:00,2.3358948818789482,2.153,2.27218,-0.00010000000000021103
1993-12-05 23:00:00+00:00,2.147405761484231,2.033,2.2675,-0.0046800000000000175
1993-12-06 23:00:00+00:00,2.1431450249428003,2.054,2.26344,-0.0040599999999999525
1993-12-07 23:00:00+00:00,2.1421462174095267,1.982,2.2578,-0.005640000000000089
1993-12-08 23:00:00+00:00,2.1368373549762967,1.916,2.2500799999999996,-0.007720000000000393
1993-12-09 23:00:00+00:00,2.1441774317486,1.946,2.2426399999999997,-0.007439999999999891
1993-12-12 23:00:00+00:00,1.9396033938228736,1.893,2.23468,-0.007959999999999745
1993-12-13 23:00:00+00:00,1.941243713894167,2.016,2.22946,-0.005220000000000002
1993-12-14 23:00:00+00:00,1.9472715170160455,2.013,2.22578,-0.0036800000000001276
1993-12-15 23:00:00+00:00,1.9269907929946974,2.075,2.22372,-0.0020599999999997287
1993-12-16 23:00:00+00:00,1.898420634380338,2.105,2.22236,-0.0013600000000000279
1993-12-19 23:00:00+00:00,2.0812219230502444,2.172,2.22336,0.0009999999999998899
1993-12-20 23:00:00+00:00,2.0318168314248353,2.002,2.22058,-0.0027800000000000047
1993-12-21 23:00:00+00:00,1.9922690633751592,1.891,2.2147,-0.005879999999999885
1993-12-22 23:00:00+00:00,1.9788890778278905,1.964,2.2109599999999996,-0.0037400000000005207
1993-12-26 23:00:00+00:00,2.01857349693814,2.088,2.20862,-0.0023399999999997867
1993-12-27 23:00:00+00:00,2.1027710319594655,2.075,2.20678,-0.0018399999999996197
1993-12-28 23:00:00+00:00,2.109649115662901,2.054,2.2044200000000003,-0.0023599999999999177
1993-12-29 23:00:00+00:00,2.1191757850372697,1.997,2.20174,-0.0026800000000002377
1994-01-02 23:00:00+00:00,2.0901696896595694,1.929,2.197,-0.0047399999999999665
1994-01-03 23:00:00+00:00,2.082485332413403,1.964,2.19396,-0.0030399999999999316
1994-01-04 23:00:00+00:00,1.950333997168665,2.091,2.19326,-0.000700000000000145
1994-01-05 23:00:00+00:00,1.9427412988875246,2.094,2.1889399999999997,-0.004320000000000324
1994-01-06 23:00:00+00:00,1.9014584676645976,2.156,2.1858,-0.0031399999999996986
1994-01-09 23:00:00+00:00,1.895438709552948,2.157,2.18284,-0.0029599999999998516
1994-01-10 23:00:00+00:00,1.9116379310455498,2.219,2.17994,-0.0028999999999999027
1994-01-11 23:00:00+00:00,2.2214892837835243,2.237,2.17698,-0.0029600000000002957
1994-01-12 23:00:00+00:00,2.2349467742327533,2.194,2.1734999999999998,-0.0034800000000001496
1994-01-13 23:00:00+00:00,2.2710584779659673,2.268,2.17018,-0.0033199999999995455
1994-01-16 23:00:00+00:00,2.2627441584979797,2.36,2.1692400000000003,-0.0009399999999999409
1994-01-17 23:00:00+00:00,2.210824671254865,2.318,2.16678,-0.0024600000000001288
1994-01-18 23:00:00+00:00,2.325537564560172,2.252,2.1629,-0.0038800000000001056
1994-01-19 23:00:00+00:00,2.343308535513799,2.25,2.1591,-0.0038000000000000256
1994-01-20 23:00:00+00:00,2.293329796017131,2.305,2.15742,-0.0016799999999999038
1994-01-23 23:00:00+00:00,2.269181925815741,2.283,2.15548,-0.0019400000000002748
1994-01-24 23:00:00+00:00,2.2889047508966183,2.246,2.15394,-0.0015399999999998748
1994-01-25 23:00:00+00:00,2.250490233068882,2.359,2.15518,0.0012400000000001299
1994-01-26 23:00:00+00:00,2.249156625669924,2.417,2.15886,0.0036799999999996835
1994-01-27 23:00:00+00:00,2.2430143709141097,2.528,2.16418,0.0053200000000002134
1994-01-30 23:00:00+00:00,2.255720572099904,2.554,2.1702600000000003,0.006080000000000307
1994-01-31 23:00:00+00:00,2.248057324845969,2.639,2.17714,0.006879999999999775
1994-02-01 23:00:00+00:00,2.651310192833722,2.585,2.18212,0.004979999999999762
1994-02-02 23:00:00+00:00,2.656474661806595,2.383,2.18342,0.0013000000000000789
1994-02-03 23:00:00+00:00,2.627677517551019,2.369,2.18288,-0.0005399999999999849
1994-02-06 23:00:00+00:00,2.631423500453672,2.347,2.1827799999999997,-0.00010000000000021103
1994-02-07 23:00:00+00:00,2.620015494304555,2.411,2.1839,0.001120000000000232
1994-02-08 23:00:00+00:00,2.425250126148544,2.358,2.18556,0.0016600000000002169
1994-02-09 23:00:00+00:00,2.3999121007401554,2.374,2.18818,0.0026199999999998447
1994-02-10 23:00:00+00:00,2.390318284295522,2.356,2.1913400000000003,0.0031600000000002737
1994-02-13 23:00:00+00:00,2.3831633865612263,2.252,2.19368,0.0023399999999997867
1994-02-14 23:00:00+00:00,2.3788740838063402,2.253,2.1956800000000003,0.002000000000000224
1994-02-15 23:00:00+00:00,2.2689427728033387,2.345,2.20192,0.006239999999999579
1994-02-16 23:00:00+00:00,2.2797293398232794,2.385,2.20854,0.006620000000000292
1994-02-17 23:00:00+00:00,2.2343171173730663,2.254,2.21398,0.005439999999999667
1994-02-21 23:00:00+00:00,2.2588857378926765,2.296,2.2215800000000003,0.007600000000000495
1994-02-22 23:00:00+00:00,2.2590664527917754,2.232,2.2273,0.005719999999999725
1994-02-23 23:00:00+00:00,2.2320788145398427,2.248,2.2344,0.007099999999999884
1994-02-24 23:00:00+00:00,2.2087901201496223,2.292,2.2399199999999997,0.005519999999999747
1994-02-27 23:00:00+00:00,2.2345950738602425,2.208,2.24382,0.0039000000000002366
1994-02-28 23:00:00+00:00,2.2581876480199634,2.18,2.24592,0.0020999999999999908
1994-03-01 23:00:00+00:00,2.230474152401132,2.171,2.24724,0.00132000000000021
1994-03-02 23:00:00+00:00,2.162548479018338,2.146,2.2467200000000003,-0.0005199999999998539
1994-03-03 23:00:00+00:00,2.1632616300373755,2.188,2.2504399999999998,0.0037199999999995015
1994-03-06 23:00:00+00:00,2.1488222830869046,2.167,2.25596,0.005520000000000191
1994-03-07 23:00:00+00:00,2.135350607893022,2.196,2.2606,0.0046400000000001995
1994-03-08 23:00:00+00:00,2.173765988360183,2.156,2.26196,0.0013600000000000279
1994-03-09 23:00:00+00:00,2.1459028460160305,2.116,2.26278,0.0008199999999995988
1994-03-10 23:00:00+00:00,2.1572345438060814,2.096,2.26362,0.0008400000000001739
1994-03-13 23:00:00+00:00,2.164568807065817,2.05,2.26468,0.0010599999999998388
1994-03-14 23:00:00+00:00,2.1926803797298446,2.104,2.26818,0.0035000000000002807
1994-03-15 23:00:00+00:00,2.196213634884162,2.163,2.27216,0.0039799999999998725
1994-03-16 23:00:00+00:00,2.182832000017942,2.124,2.2728200000000003,0.000660000000000327
1994-03-17 23:00:00+00:00,2.1352843851901464,2.103,2.273,0.00017999999999984695
1994-03-20 23:00:00+00:00,2.1270658945642245,2.055,2.27098,-0.0020199999999999108
1994-03-21 23:00:00+00:00,2.1533688846560586,2.107,2.2699800000000003,-0.0009999999999998899
1994-03-22 23:00:00+00:00,2.179246942871226,2.077,2.26714,-0.0028400000000003978
1994-03-23 23:00:00+00:00,2.0817251042038896,2.05,2.2634,-0.0037400000000000766
1994-03-24 23:00:00+00:00,2.071089635833484,2.072,2.26096,-0.0024399999999999977
1994-03-27 23:00:00+00:00,2.0693479836969413,2.066,2.25692,-0.0040399999999998215
1994-03-28 23:00:00+00:00,2.085822540680001,2.062,2.25096,-0.005959999999999965
1994-03-29 23:00:00+00:00,2.068754679532243,2.058,2.2457599999999998,-0.0052000000000003155
1994-03-30 23:00:00+00:00,2.0484101566449464,2.075,2.24222,-0.0035399999999996545
1994-04-03 22:00:00+00:00,2.053050616494746,2.144,2.2401,-0.002120000000000122
1994-04-04 22:00:00+00:00,2.0528225162710174,2.069,2.2353799999999997,-0.0047200000000002795
1994-04-05 22:00:00+00:00,2.038959832571871,2.097,2.2316599999999998,-0.0037199999999999456
1994-04-06 22:00:00+00:00,2.0516462123627597,2.085,2.22844,-0.0032199999999997786
1994-04-07 22:00:00+00:00,2.0801195894309115,2.066,2.2225800000000002,-0.005859999999999754
1994-04-10 22:00:00+00:00,2.0822690481641053,2.068,2.2156000000000002,-0.006979999999999986
1994-04-11 22:00:00+00:00,2.0775456850142455,2.089,2.20682,-0.008780000000000232
1994-04-12 22:00:00+00:00,2.087058041291443,2.131,2.1983599999999996,-0.008460000000000356
1994-04-13 22:00:00+00:00,2.0883795767992104,2.163,2.1888400000000003,-0.009519999999999307
1994-04-14 22:00:00+00:00,2.163939817718794,2.187,2.18088,-0.00796000000000019
1994-04-17 22:00:00+00:00,2.179875302491199,2.156,2.1763399999999997,-0.004540000000000433
1994-04-18 22:00:00+00:00,2.186282986075996,2.129,2.17154,-0.0047999999999999154
1994-04-19 22:00:00+00:00,2.164644842759075,2.139,2.16738,-0.0041599999999997195
1994-04-20 22:00:00+00:00,2.182043769526777,2.132,2.1618,-0.00558000000000014
1994-04-21 22:00:00+00:00,2.1223047252842777,2.151,2.15766,-0.0041400000000000325
1994-04-24 22:00:00+00:00,2.0880111923610736,2.152,2.15322,-0.0044399999999997775
1994-04-25 22:00:00+00:00,2.0824664022167148,2.103,2.14816,-0.0050600000000002865
1994-04-27 22:00:00+00:00,2.12048402730231,2.067,2.14446,-0.0036999999999998145
1994-04-28 22:00:00+00:00,2.111307811806538,2.067,2.1407399999999996,-0.0037200000000003897
1994-05-01 22:00:00+00:00,2.055818744651812,2.009,2.13402,-0.006719999999999615
1994-05-02 22:00:00+00:00,2.0311919095877595,2.002,2.12636,-0.00766
1994-05-03 22:00:00+00:00,2.0413832546860733,2.034,2.12196,-0.0043999999999999595
1994-05-04 22:00:00+00:00,2.0011478389430923,2.044,2.11692,-0.0050400000000001555
1994-05-05 22:00:00+00:00,2.023985640825725,2.037,2.11302,-0.0038999999999997925
1994-05-08 22:00:00+00:00,2.0177699389293484,1.986,2.10778,-0.0052400000000001334
1994-05-09 22:00:00+00:00,2.044065711901871,1.99,2.10174,-0.006040000000000045
1994-05-10 22:00:00+00:00,2.0355285979994435,1.95,2.09658,-0.005160000000000053
1994-05-11 22:00:00+00:00,2.0422975661748146,1.947,2.09192,-0.0046599999999998865
1994-05-12 22:00:00+00:00,2.020435891014051,1.923,2.08696,-0.0049600000000000755
1994-05-15 22:00:00+00:00,1.9315148727589375,1.913,2.0823,-0.0046599999999998865
1994-05-16 22:00:00+00:00,1.9186741860596106,1.949,2.0775200000000003,-0.004779999999999784
1994-05-17 22:00:00+00:00,1.9272626743915953,1.943,2.07304,-0.0044800000000000395
1994-05-18 22:00:00+00:00,1.9109832518502348,1.957,2.0682600000000004,-0.004779999999999784
1994-05-19 22:00:00+00:00,1.9042327326611859,1.904,2.06322,-0.0050400000000005996
1994-05-22 22:00:00+00:00,1.9172783322430262,1.936,2.05962,-0.0036000000000000476
1994-05-23 22:00:00+00:00,1.9059196953328976,1.884,2.05538,-0.0042399999999997995
1994-05-24 22:00:00+00:00,1.8744925390006504,1.836,2.0511,-0.0042800000000000615
1994-05-25 22:00:00+00:00,1.89693272157591,1.862,2.04626,-0.004839999999999733
1994-05-26 22:00:00+00:00,1.8609748370318393,1.842,2.03984,-0.006420000000000314
1994-05-30 22:00:00+00:00,1.8415763552347217,1.917,2.0357,-0.0041400000000000325
1994-05-31 22:00:00+00:00,1.8335204641086027,1.89,2.03144,-0.0042599999999999305
1994-06-01 22:00:00+00:00,1.836990501841983,1.982,2.02998,-0.0014599999999997948
1994-06-02 22:00:00+00:00,1.8233375370897855,1.965,2.02714,-0.0028399999999999537
1994-06-05 22:00:00+00:00,1.8171467875937006,1.97,2.025,-0.002140000000000253
1994-06-06 22:00:00+00:00,1.9577578027951283,2.022,2.02444,-0.000560000000000116
1994-06-07 22:00:00+00:00,1.944620027021874,2.087,2.02474,0.000300000000000189
1994-06-08 22:00:00+00:00,1.9633075929986994,2.047,2.0243599999999997,-0.000380000000000269
1994-06-09 22:00:00+00:00,1.9783311237096162,2.134,2.0258,0.0014400000000001079
1994-06-12 22:00:00+00:00,1.982860494656708,2.121,2.02706,0.001260000000000261
1994-06-13 22:00:00+00:00,2.115228222758104,2.13,2.02816,0.001100000000000101
1994-06-14 22:00:00+00:00,2.119078385538492,2.172,2.02872,0.0005599999999996719
1994-06-15 22:00:00+00:00,2.137637439424104,2.134,2.03002,0.0013000000000000789
1994-06-16 22:00:00+00:00,2.123111126120624,2.085,2.0297799999999997,-0.00024000000000024002
1994-06-19 22:00:00+00:00,2.110591958629124,2.126,2.0306,0.000820000000000487
1994-06-20 22:00:00+00:00,2.130268449417455,2.078,2.03084,0.00023999999999979593
1994-06-21 22:00:00+00:00,2.120339236121856,2.024,2.02996,-0.0008799999999999919
1994-06-22 22:00:00+00:00,2.0985332440388587,2.063,2.02944,-0.0005199999999998539
1994-06-23 22:00:00+00:00,2.0992940928083725,2.134,2.0295,5.999999999994898e-05
1994-06-26 22:00:00+00:00,2.099699715441316,2.136,2.02896,-0.0005399999999999849
1994-06-27 22:00:00+00:00,2.140465876738788,2.2,2.02922,0.00025999999999992696
1994-06-28 22:00:00+00:00,2.100399907497016,2.18,2.0297,0.00048000000000003595
1994-06-29 22:00:00+00:00,2.1161351897179452,2.184,2.0307999999999997,0.0010999999999996568
1994-06-30 22:00:00+00:00,2.09677725932192,2.216,2.03234,0.001540000000000319
1994-07-04 22:00:00+00:00,2.09165227374648,2.131,2.03232,-2.0000000000131024e-05
1994-07-05 22:00:00+00:00,2.1271184386431687,2.122,2.03174,-0.0005799999999998029
1994-07-06 22:00:00+00:00,2.140691563739324,2.072,2.0301400000000003,-0.0015999999999998238
1994-07-07 22:00:00+00:00,2.131453807534967,2.023,2.02854,-0.0016000000000002679
1994-07-10 22:00:00+00:00,2.1293366438925125,2.026,2.02772,-0.0008200000000000429
1994-07-11 22:00:00+00:00,2.138137685872752,2.005,2.0264800000000003,-0.0012399999999996858
1994-07-12 22:00:00+00:00,2.006800696367886,2.0,2.0263000000000004,-0.00017999999999984695
1994-07-13 22:00:00+00:00,1.9865694691669895,1.977,2.0258,-0.0005000000000006111
1994-07-14 22:00:00+00:00,1.9878664237910217,1.948,2.02408,-0.0017199999999997218
1994-07-17 22:00:00+00:00,1.984874970601112,1.945,2.0221,-0.001980000000000093
1994-07-18 22:00:00+00:00,1.980523879268247,1.959,2.02054,-0.0015600000000000058
1994-07-19 22:00:00+00:00,1.9594474172587166,1.901,2.01884,-0.0017000000000000348
1994-07-20 22:00:00+00:00,1.9509575140556767,1.84,2.01584,-0.0030000000000001137
1994-07-21 22:00:00+00:00,1.9531963953498017,1.92,2.01524,-0.0005999999999999339
1994-07-24 22:00:00+00:00,1.9476586570474,1.845,2.0132,-0.0020400000000000418
1994-07-25 22:00:00+00:00,1.9458511225633597,1.868,2.0120999999999998,-0.001100000000000101
1994-07-26 22:00:00+00:00,1.8759143301067516,1.843,2.0107,-0.0013999999999998458
1994-07-27 22:00:00+00:00,1.888207282066545,1.861,2.00894,-0.0017599999999999838
1994-07-28 22:00:00+00:00,1.874522144591637,1.893,2.00794,-0.0009999999999998899
1994-07-31 22:00:00+00:00,1.8775474222554431,1.878,2.00636,-0.0015800000000001369
1994-08-01 22:00:00+00:00,1.8612775097391974,1.816,2.0046,-0.0017599999999999838
1994-08-02 22:00:00+00:00,1.7798331802711929,1.742,2.00072,-0.0038800000000001056
1994-08-03 22:00:00+00:00,1.7865414029974804,1.761,1.9982600000000001,-0.0024599999999996847
1994-08-04 22:00:00+00:00,1.7988931550948748,1.719,1.9959200000000001,-0.0023400000000000087
1994-08-07 22:00:00+00:00,1.814192395681563,1.671,1.9921,-0.0038200000000001566
1994-08-08 22:00:00+00:00,1.8056149039934999,1.703,1.98932,-0.0027800000000000047
1994-08-09 22:00:00+00:00,1.7241432454952847,1.766,1.9863,-0.0030200000000000227
1994-08-10 22:00:00+00:00,1.734999162929971,1.686,1.9822199999999999,-0.0040800000000000836
1994-08-11 22:00:00+00:00,1.745119103207733,1.72,1.9769800000000002,-0.005239999999999689
1994-08-14 22:00:00+00:00,1.7405516346250645,1.753,1.97274,-0.004240000000000244
1994-08-15 22:00:00+00:00,1.76137427069841,1.79,1.96914,-0.0036000000000000476
1994-08-16 22:00:00+00:00,1.803547106104734,1.837,1.96544,-0.0036999999999998145
1994-08-17 22:00:00+00:00,1.7732637332528518,1.731,1.9583199999999998,-0.007120000000000237
1994-08-18 22:00:00+00:00,1.7639398947659224,1.674,1.95086,-0.0074599999999998
1994-08-21 22:00:00+00:00,1.7653780223995867,1.612,1.94042,-0.010440000000000005
1994-08-22 22:00:00+00:00,1.775550128309912,1.532,1.9286399999999997,-0.011780000000000346
1994-08-23 22:00:00+00:00,1.5191867520814835,1.67,1.9194399999999998,-0.009199999999999875
1994-08-24 22:00:00+00:00,1.525801531109789,1.62,1.9084,-0.011039999999999717
1994-08-25 22:00:00+00:00,1.5251204550117943,1.617,1.89806,-0.010340000000000016
1994-08-28 22:00:00+00:00,1.5156516549324077,1.661,1.8895800000000003,-0.008479999999999821
1994-08-29 22:00:00+00:00,1.511797206179296,1.601,1.87908,-0.010500000000000176
1994-08-30 22:00:00+00:00,1.595926790968736,1.586,1.86924,-0.009840000000000071
1994-08-31 22:00:00+00:00,1.616851711982198,1.596,1.86068,-0.008560000000000123
1994-09-01 22:00:00+00:00,1.6098589432227193,1.56,1.85062,-0.010059999999999958
1994-09-05 22:00:00+00:00,1.6086099186781844,1.596,1.8398599999999998,-0.010760000000000103
1994-09-06 22:00:00+00:00,1.59626128568505,1.631,1.82976,-0.010099999999999776
1994-09-07 22:00:00+00:00,1.6235623146138243,1.659,1.81894,-0.010820000000000052
1994-09-08 22:00:00+00:00,1.6369895783583273,1.638,1.8081,-0.01083999999999996
1994-09-11 22:00:00+00:00,1.6649869146805996,1.688,1.7981800000000001,-0.009919999999999929
1994-09-12 22:00:00+00:00,1.6705596079950116,1.675,1.7873599999999998,-0.010820000000000274
1994-09-13 22:00:00+00:00,1.6754317020308167,1.684,1.77842,-0.008939999999999948
1994-09-14 22:00:00+00:00,1.6700758752460896,1.631,1.7686,-0.00981999999999994
1994-09-15 22:00:00+00:00,1.6654245049040468,1.628,1.7597199999999997,-0.008880000000000221
1994-09-18 22:00:00+00:00,1.6755077415127722,1.633,1.7519200000000001,-0.007799999999999585
1994-09-19 22:00:00+00:00,1.6664677750675985,1.556,1.74252,-0.009400000000000075
1994-09-20 22:00:00+00:00,1.6805695735551225,1.493,1.7322799999999998,-0.010240000000000249
1994-09-21 22:00:00+00:00,1.4926036411061778,1.445,1.72118,-0.011099999999999888
1994-09-22 22:00:00+00:00,1.5134190941531125,1.719,1.71602,-0.005159999999999831
1994-09-25 22:00:00+00:00,1.5129714858643302,1.716,1.7113800000000001,-0.0046399999999999775
1994-09-26 22:00:00+00:00,1.498993072071377,1.715,1.70678,-0.0046000000000001595
1994-09-27 22:00:00+00:00,1.4990581737978816,1.702,1.7016400000000003,-0.0051399999999997
1994-09-28 22:00:00+00:00,1.6810573594897436,1.707,1.6977600000000002,-0.0038800000000001056
1994-09-29 22:00:00+00:00,1.6845938174054629,1.657,1.6941,-0.0036600000000002186
1994-10-02 22:00:00+00:00,1.6868741408964636,1.683,1.68936,-0.0047399999999999665
1994-10-03 22:00:00+00:00,1.6858192379897607,1.692,1.6863,-0.0030600000000000627
1994-10-04 22:00:00+00:00,1.6787102716692468,1.664,1.68222,-0.0040799999999998615
1994-10-05 22:00:00+00:00,1.6533726609239894,1.647,1.6783000000000001,-0.0039199999999999235
1994-10-06 22:00:00+00:00,1.6413248412388535,1.624,1.67356,-0.0047400000000001885
1994-10-09 22:00:00+00:00,1.6750539497268113,1.658,1.66886,-0.0046999999999999265
1994-10-10 22:00:00+00:00,1.6701401905958264,1.664,1.66458,-0.0042800000000000615
1994-10-11 22:00:00+00:00,1.6680774977030737,1.642,1.6610999999999998,-0.0034800000000001496
1994-10-12 22:00:00+00:00,1.6450278082778733,1.61,1.65846,-0.0026399999999997537
1994-10-13 22:00:00+00:00,1.634193721825775,1.632,1.65588,-0.0025800000000000267
1994-10-16 22:00:00+00:00,1.621729829529539,1.653,1.6545599999999998,-0.00132000000000021
1994-10-17 22:00:00+00:00,1.6221970265417374,1.635,1.6538399999999998,-0.0007200000000000539
1994-10-18 22:00:00+00:00,1.619728029517579,1.585,1.6514800000000003,-0.0023599999999994736
1994-10-19 22:00:00+00:00,1.602081312132657,1.557,1.6473,-0.004180000000000295
1994-10-20 22:00:00+00:00,1.605019188982272,1.869,1.65096,0.0036599999999999966
1994-10-23 22:00:00+00:00,1.6195097863398282,1.934,1.65524,0.0042800000000000615
1994-10-24 22:00:00+00:00,1.6105665936769695,1.947,1.6591199999999997,0.0038799999999996615
1994-10-25 22:00:00+00:00,1.6237161080848028,2.031,1.66394,0.0048200000000002685
1994-10-26 22:00:00+00:00,2.0246212617385924,2.008,1.66736,0.0034199999999999786
1994-10-27 22:00:00+00:00,2.0221597427930633,1.992,1.6725800000000002,0.0052200000000002245
1994-10-30 23:00:00+00:00,1.995704282917608,1.95,1.6781,0.005519999999999747
1994-10-31 23:00:00+00:00,1.9953324140818662,1.936,1.68458,0.006480000000000041
1994-11-01 23:00:00+00:00,2.0000093790856424,1.869,1.6913200000000002,0.00674000000000019
1994-11-02 23:00:00+00:00,1.8749444171529293,1.861,1.69514,0.0038199999999999346
1994-11-03 23:00:00+00:00,1.8550411671430473,1.856,1.69986,0.0047199999999998354
1994-11-06 23:00:00+00:00,1.8595001497780157,1.759,1.7026999999999999,0.0028399999999999537
1994-11-07 23:00:00+00:00,1.8511379129768688,1.754,1.7045599999999999,0.0018599999999999728
1994-11-08 23:00:00+00:00,1.859896691185,1.775,1.70804,0.0034800000000001496
1994-11-09 23:00:00+00:00,1.7537365775880829,1.741,1.71114,0.0031000000000001027
1994-11-10 23:00:00+00:00,1.749341680518499,1.741,1.7140400000000002,0.0029000000000001247
1994-11-13 23:00:00+00:00,1.7284674056501952,1.703,1.7168999999999999,0.0028599999999996406
1994-11-14 23:00:00+00:00,1.7403286416718688,1.735,1.7196799999999999,0.0027800000000000047
1994-11-15 23:00:00+00:00,1.731413479010623,1.659,1.72024,0.000560000000000116
1994-11-16 23:00:00+00:00,1.6627137766819324,1.618,1.7194199999999997,-0.000820000000000265
1994-11-17 23:00:00+00:00,1.6782816106709242,1.685,1.7203600000000001,0.000940000000000385
1994-11-20 23:00:00+00:00,1.6772175343967686,1.814,1.7228800000000002,0.0025200000000000777
1994-11-21 23:00:00+00:00,1.6604436857793645,1.874,1.72686,0.0039799999999998725
1994-11-22 23:00:00+00:00,1.6846858555707482,1.875,1.7306800000000002,0.0038200000000001566
1994-11-27 23:00:00+00:00,1.8609016853052218,1.871,1.73548,0.004799999999999693
1994-11-28 23:00:00+00:00,1.833509850866124,1.77,1.7383200000000003,0.0028400000000003978
1994-11-29 23:00:00+00:00,1.8294983595508105,1.695,1.73956,0.0012399999999996858
1994-11-30 23:00:00+00:00,1.8171834617873348,1.653,1.7415,0.0019400000000000528
1994-12-01 23:00:00+00:00,1.8147789596785175,1.635,1.74434,0.0028399999999999537
1994-12-04 23:00:00+00:00,1.641544178203604,1.728,1.75,0.005659999999999998
1994-12-05 23:00:00+00:00,1.6312019449651776,1.691,1.74944,-0.0005599999999998939
1994-12-06 23:00:00+00:00,1.6354432269414203,1.784,1.7508,0.0013599999999998058
1994-12-07 23:00:00+00:00,1.6302016735003104,1.847,1.7534400000000003,0.00264000000000042
1994-12-08 23:00:00+00:00,1.6273650647098599,1.842,1.75624,0.0027999999999996916
1994-12-11 23:00:00+00:00,1.8388548809363718,1.913,1.76036,0.0041199999999999015
1994-12-12 23:00:00+00:00,1.8441165381921125,1.768,1.76258,0.0022200000000001108
1994-12-13 23:00:00+00:00,1.8279687854327011,1.714,1.7631999999999999,0.0006199999999998429
1994-12-14 23:00:00+00:00,1.8255494357631874,1.718,1.7637200000000002,0.000520000000000298
1994-12-15 23:00:00+00:00,1.8373891047411925,1.685,1.7641400000000003,0.00042000000000008697
1994-12-18 23:00:00+00:00,1.6828900326787166,1.577,1.76274,-0.00140000000000029
1994-12-19 23:00:00+00:00,1.643436503140626,1.573,1.76172,-0.0010200000000000209
1994-12-20 23:00:00+00:00,1.6119276589045763,1.592,1.7604,-0.0013199999999999878
1994-12-21 23:00:00+00:00,1.57634287899271,1.595,1.7590199999999998,-0.0013800000000001589
1994-12-22 23:00:00+00:00,1.5569744913546035,1.571,1.7576000000000003,-0.0014199999999995327
1994-12-26 23:00:00+00:00,1.5569091222004627,1.694,1.75928,0.0016799999999996817
1994-12-27 23:00:00+00:00,1.5701132851062445,1.685,1.76034,0.001060000000000061
1994-12-28 23:00:00+00:00,1.5787661298258058,1.686,1.7610000000000001,0.000660000000000105
1994-12-29 23:00:00+00:00,1.5778822710214597,1.725,1.7628,0.0017999999999998018
1995-01-02 23:00:00+00:00,1.5818600996875902,1.683,1.7647600000000003,0.001960000000000406
1995-01-03 23:00:00+00:00,1.6620764341131429,1.617,1.76596,0.0011999999999996458
1995-01-04 23:00:00+00:00,1.6546126462730248,1.552,1.7596200000000002,-0.00633999999999979
1995-01-05 23:00:00+00:00,1.645849577241378,1.499,1.7509199999999998,-0.008700000000000374
1995-01-08 23:00:00+00:00,1.6242020489133826,1.454,1.7410600000000003,-0.009859999999999536
1995-01-09 23:00:00+00:00,1.5977568720233164,1.439,1.72922,-0.011840000000000295
1995-01-10 23:00:00+00:00,1.437552256993582,1.437,1.7178,-0.011419999999999986
1995-01-11 23:00:00+00:00,1.4419130061149084,1.343,1.70482,-0.012979999999999992
1995-01-12 23:00:00+00:00,1.44796979836893,1.323,1.69228,-0.012539999999999996
1995-01-15 23:00:00+00:00,1.4500691646906678,1.39,1.68136,-0.01092000000000004
1995-01-16 23:00:00+00:00,1.4711648992507431,1.434,1.6726600000000003,-0.008699999999999708
1995-01-17 23:00:00+00:00,1.4382652462501415,1.335,1.66214,-0.010520000000000307
1995-01-18 23:00:00+00:00,1.4123537881273436,1.359,1.6522,-0.00994000000000006
1995-01-19 23:00:00+00:00,1.408716586567895,1.425,1.6455200000000003,-0.006679999999999575
1995-01-22 23:00:00+00:00,1.4215985836160425,1.389,1.63822,-0.007300000000000306
1995-01-23 23:00:00+00:00,1.3866293384927248,1.385,1.63042,-0.007800000000000029
1995-01-24 23:00:00+00:00,1.3744142325414372,1.361,1.62282,-0.007600000000000051
1995-01-25 23:00:00+00:00,1.3820659043332215,1.382,1.61564,-0.007179999999999964
1995-01-26 23:00:00+00:00,1.3896576593027108,1.391,1.6094000000000002,-0.006239999999999801
1995-01-29 23:00:00+00:00,1.385144531748709,1.378,1.6022600000000002,-0.007139999999999924
1995-01-30 23:00:00+00:00,1.3783309293482398,1.354,1.5961600000000002,-0.006099999999999994
1995-01-31 23:00:00+00:00,1.3772461074508215,1.39,1.5916000000000003,-0.0045599999999998975
1995-02-01 23:00:00+00:00,1.35869906809686,1.435,1.5866,-0.0050000000000003375
1995-02-02 23:00:00+00:00,1.3612046802143671,1.482,1.5799599999999998,-0.006640000000000201
1995-02-05 23:00:00+00:00,1.3625557602829013,1.538,1.5732400000000002,-0.006719999999999615
1995-02-06 23:00:00+00:00,1.352813483033648,1.421,1.56416,-0.009080000000000199
1995-02-07 23:00:00+00:00,1.4273945021577306,1.438,1.5555,-0.00865999999999989
1995-02-08 23:00:00+00:00,1.4189134654720887,1.489,1.54988,-0.00562000000000018
1995-02-09 23:00:00+00:00,1.4285986281851182,1.47,1.5453800000000002,-0.0044999999999997264
1995-02-12 23:00:00+00:00,1.4118190240113444,1.39,1.54012,-0.0052600000000002645
1995-02-13 23:00:00+00:00,1.4130283764956153,1.392,1.53526,-0.004859999999999864
1995-02-14 23:00:00+00:00,1.3957991978340123,1.386,1.52842,-0.006840000000000179
1995-02-15 23:00:00+00:00,1.3955795031689193,1.399,1.5225799999999998,-0.005840000000000067
1995-02-16 23:00:00+00:00,1.411087698388842,1.419,1.5152800000000002,-0.00729999999999964
1995-02-20 23:00:00+00:00,1.404451128668307,1.393,1.5061999999999998,-0.009080000000000421
1995-02-21 23:00:00+00:00,1.3876105671719003,1.428,1.49792,-0.008279999999999843
1995-02-22 23:00:00+00:00,1.4456536735839325,1.46,1.4888599999999999,-0.009060000000000068
1995-02-23 23:00:00+00:00,1.4414777974308293,1.469,1.4828800000000002,-0.005979999999999652
1995-02-26 23:00:00+00:00,1.4443621373533158,1.43,1.4772,-0.005680000000000129
1995-02-27 23:00:00+00:00,1.4450678994832196,1.483,1.4725,-0.0047000000000001485
1995-02-28 23:00:00+00:00,1.4544830754455083,1.483,1.4684599999999997,-0.004040000000000266
1995-03-01 23:00:00+00:00,1.477497186372825,1.481,1.46654,-0.0019199999999996997
1995-03-02 23:00:00+00:00,1.4759256818188804,1.448,1.46404,-0.0024999999999999467
1995-03-05 23:00:00+00:00,1.4809665679354498,1.431,1.4608200000000002,-0.0032199999999997786
1995-03-06 23:00:00+00:00,1.4735471703172291,1.432,1.45756,-0.0032600000000002627
1995-03-07 23:00:00+00:00,1.4692130901109737,1.449,1.45512,-0.0024399999999999977
1995-03-08 23:00:00+00:00,1.4614401418111638,1.442,1.45008,-0.005039999999999933
1995-03-09 23:00:00+00:00,1.484364369409045,1.463,1.44564,-0.0044399999999999995
1995-03-12 23:00:00+00:00,1.4800045346581525,1.456,1.4410399999999999,-0.0046000000000001595
1995-03-13 23:00:00+00:00,1.486129478331985,1.47,1.43594,-0.005099999999999882
1995-03-14 23:00:00+00:00,1.49166650422925,1.506,1.4324,-0.0035400000000000986
1995-03-15 23:00:00+00:00,1.5276571172178048,1.62,1.43246,6.000000000017103e-05
1995-03-16 23:00:00+00:00,1.5436632282854532,1.566,1.43274,0.00027999999999983594
1995-03-19 23:00:00+00:00,1.5389639770874475,1.523,1.43322,0.00048000000000003595
1995-03-20 23:00:00+00:00,1.523099090956483,1.513,1.4344,0.0011799999999999589
1995-03-21 23:00:00+00:00,1.5240385018939857,1.548,1.4365800000000002,0.002180000000000293
