,asofdate,pointForecast,resid,forecastday,product_name,MA_50,MA_diff_50
253,253,3.5333478922063173,2.546905135926645,1,OJ,6.661535664697973,-0.1541261279298043
254,254,3.110759257409315,4.149385294656802,2,OJ,6.536981937950864,-0.1245537267471093
255,255,3.4811773772812584,6.819333402104922,3,OJ,6.4718351098606535,-0.06514682809021011
256,256,3.411676657696715,6.49797160418062,4,OJ,6.388033571488895,-0.08380153837175808
257,257,3.4118912703142867,6.625135065719085,5,OJ,6.284399602067793,-0.10363396942110281
258,258,6.107221762874377,7.405606677440687,1,OJ,6.197449138955197,-0.08695046311259524
259,259,5.8033108156620115,7.239226182935208,2,OJ,6.101741716434908,-0.09570742252028897
260,260,6.973349190156425,4.000695963154985,3,OJ,5.9597284031822575,-0.14201331325265087
261,261,7.445340696442744,3.086232822129343,4,OJ,5.828648321662469,-0.13108008151978812
262,262,7.006005905519481,0.2545669185884285,5,OJ,5.638751059638001,-0.1898972620244681
263,263,0.3519914679999843,-2.7784878738413656,1,OJ,5.382892709545827,-0.25585835009217384
264,264,0.13195180312522675,-1.8516716345251307,2,OJ,5.143597917355447,-0.23929479219038008
265,265,0.28451232353421096,-0.8249297999707961,3,OJ,4.981388615450925,-0.16220930190452254
266,266,0.27760904752459503,-2.2751263048548047,4,OJ,4.837691373177948,-0.1436972422729772
267,267,0.26389097540416345,-2.9737240612650675,5,OJ,4.661881964136553,-0.17580940904139464
268,268,-3.174368955051112,-3.1833699709109697,1,OJ,4.463558247235262,-0.19832371690129058
269,269,-3.4876750992266365,-2.647329448932947,2,OJ,4.223228255494976,-0.24032999174028635
270,270,-3.050292750221838,-3.8077461155996204,3,OJ,3.960240778538382,-0.2629874769565941
271,271,-3.125959622856551,-3.925761607052607,4,OJ,3.6862803244635898,-0.2739604540747922
272,272,-3.1297159578362916,-3.369639430617936,5,OJ,3.429782844574198,-0.25649747988939176
273,273,-2.196513017552575,-3.2238404379439425,1,OJ,3.1820375568009696,-0.24774528777322846
274,274,-3.81317456955421,-2.5496016558926535,2,OJ,2.9514030950889345,-0.23063446171203505
275,275,-3.419860389620913,-2.78190476944578,3,OJ,2.7081396112552296,-0.24326348383370489
276,276,-3.5939695615229668,-3.1684451387986443,4,OJ,2.4485868466451124,-0.2595527646101172
277,277,-3.5271039647578326,-2.8640552578462533,5,OJ,2.1732112820816805,-0.27537556456343193
278,278,-4.310150003400256,-2.9843276937436873,1,OJ,1.9003070584050301,-0.27290422367665035
279,279,-1.8973887978034896,-2.3106116528401555,2,OJ,1.688228968493852,-0.21207808991117805
280,280,-3.4748698520209342,-3.159545184586186,3,OJ,1.4599322452960264,-0.22829672319782568
281,281,-2.89175144631402,-4.51828297457398,4,OJ,1.2128525730211335,-0.24707967227489291
282,282,-3.0077325733618587,-4.061767788371286,5,OJ,0.9768428636673068,-0.2360097093538267
283,283,-4.147588175593873,-3.7752732065642016,1,OJ,0.8058542457628802,-0.17098861790442654
284,284,-4.260691769284693,-3.9147000991160965,2,OJ,0.6159667180808674,-0.18988752768201278
285,285,-4.179418554809087,-3.6250786094945955,3,OJ,0.41557217263448387,-0.20039454544638358
286,286,-4.206157054780036,-3.4162645069305095,4,OJ,0.2591370558313525,-0.15643511680313138
287,287,-4.198517019124057,-3.0192559599219537,5,OJ,0.12906636300293925,-0.13007069282841324
288,288,-2.773911665796199,-2.52882555699156,1,OJ,0.01539632616341712,-0.11367003683952213
289,289,-3.231561070791146,-0.9916556088841095,2,OJ,-0.09034322021068802,-0.10573954637410514
290,290,-3.107142219198321,-0.2394826082735948,3,OJ,-0.114629370375882,-0.024286150165193976
291,291,-3.1317486105986565,0.22949632945533605,4,OJ,-0.12591580484283096,-0.011286434466948964
292,292,-3.1277825761889804,-0.15178610338959708,5,OJ,-0.1465611979573417,-0.020645393114510746
293,293,-0.14298842809083545,0.9320699710914726,1,OJ,-0.1418524154272356,0.00470878253010612
294,294,-0.11222520228622332,-0.31425939398788616,2,OJ,-0.16883834967272837,-0.026985934245492782
295,295,-0.17668205979278329,-0.4450267169427131,3,OJ,-0.2198536904457896,-0.05101534077306122
296,296,-0.1535202756569351,0.29757859441259993,4,OJ,-0.2735390227197245,-0.05368533227393493
297,297,-0.15732317924357805,3.0606738325078418,5,OJ,-0.2759522183612287,-0.002413195641504162
298,298,2.840393846139354,2.5889342873307992,1,OJ,-0.26080125532644177,0.015150963034786913
299,299,3.4517649857671784,2.7082528160243338,2,OJ,-0.2506370932086028,0.010164162117838993
300,300,3.0998254065791384,3.0545707342172568,3,OJ,-0.2544515291539205,-0.003814435945317718
301,301,3.1849601402189007,3.410017544351562,4,OJ,-0.2698054104714045,-0.015353881317483997
302,302,3.171321004562852,3.702214583423606,5,OJ,-0.261458188249182,0.008347222222222506
303,303,3.9251800254428537,4.819663453997483,1,OJ,-0.21600302188776518,0.045455166361416804
304,304,3.887952039259877,4.746006555340594,2,OJ,-0.20407059667408933,0.011932425213675851
305,305,3.8379255755355737,4.917915895999922,3,OJ,-0.24209894679618935,-0.03802835012210001
306,306,3.8563451802135003,3.72650296864949,4,OJ,-0.29752831950681197,-0.05542937271062262
307,307,3.8525220679170284,4.444230380126903,5,OJ,-0.3411464132186556,-0.04361809371184361
308,308,4.651694488155065,3.8401285791501043,1,OJ,-0.4124559751844672,-0.07130956196581162
309,309,4.5627504781432915,3.6302537317752424,2,OJ,-0.4846354242076666,-0.0721794490231994
310,310,4.632156973735559,4.087749534583541,3,OJ,-0.4828943527790955,0.001741071428571106
311,311,4.612986261020887,4.290512049846058,4,OJ,-0.45880876822476113,0.02408558455433435
312,312,4.616082911323684,4.948009760468769,5,OJ,-0.3649399113871543,0.09386885683760682
313,313,4.948571604388982,5.293570276341783,1,OJ,-0.20349874838349138,0.16144116300366293
314,314,4.983320341914287,5.549938179272186,2,OJ,-0.05546655210754505,0.14803219627594633
315,315,5.204455748741954,5.785891323350325,3,OJ,0.07674987035887737,0.13221642246642243
316,316,5.127602559691524,6.305591414925422,4,OJ,0.2483642247544819,0.17161435439560452
317,317,5.142644082334514,6.726151930798432,5,OJ,0.4423617445957519,0.19399751984127
318,318,7.458387621593125,7.6188259234724285,1,OJ,0.6584056624834198,0.2160439178876679
319,319,6.749163734957584,6.779439095023092,2,OJ,0.8469410333625408,0.18853537087912098
320,320,7.065137830531246,6.977392010163505,3,OJ,1.0626437958778032,0.21570276251526244
321,321,6.991434949820593,6.854662309308809,4,OJ,1.2782522742050315,0.2156084783272283
322,322,7.000773778297609,7.200451762910774,5,OJ,1.4896540980756057,0.21140182387057416
323,323,7.443397731344037,7.528345917367416,1,OJ,1.7046978251818328,0.2150437271062271
324,324,7.734338969892934,8.280808905767914,2,OJ,1.9213060364150443,0.2166082112332115
325,325,7.44349263330132,7.901062263521269,3,OJ,2.1349653770743853,0.213659340659341
326,326,7.526376039793423,8.024299443008442,4,OJ,2.358820268710527,0.22385489163614158
327,327,7.509856468477722,8.176012660346668,5,OJ,2.5796216270743857,0.22080135836385884
328,328,9.076022860822329,9.000302953386953,1,OJ,2.8193142400169986,0.2396926129426129
329,329,8.321118069952806,8.62084248330149,2,OJ,3.037943322739831,0.21862908272283255
330,330,8.654079909135367,8.22547084105485,3,OJ,3.2656436432526523,0.22770032051282119
331,331,8.574859912290382,8.427542727501729,4,OJ,3.5245601572941663,0.25891651404151395
332,332,8.587205706358816,7.943301274510277,5,OJ,3.7646615385517976,0.24010138125763136
333,333,8.456058526061133,7.660595612117119,1,OJ,3.9933789149254233,0.22871737637362566
334,334,8.346324905178,6.838373389894897,2,OJ,4.208440384705644,0.21506146978022045
335,335,8.27319117816804,6.777592330676328,3,OJ,4.416493803509062,0.2080534188034182
336,336,8.301760275043605,5.453563408209907,4,OJ,4.59389036181187,0.17739655830280832
337,337,8.295698745014151,7.193902236048741,5,OJ,4.7981535257312835,0.20426316391941324
338,338,7.294380168073189,6.410555548014556,1,OJ,4.976941147831407,0.17878762210012322
339,339,7.928391711665312,5.809569207965721,2,OJ,5.112965644168403,0.13602449633699631
340,340,7.372802423737784,4.538615682324688,3,OJ,5.208527609980369,0.09556196581196552
341,341,7.526640444249488,2.2983092873307953,4,OJ,5.249903869137878,0.04137625915750931
342,342,7.4977326778953275,2.5381692537532503,5,OJ,5.303702976280735,0.05379910714285696
343,343,2.7665914809465417,1.7445985883075943,1,OJ,5.319953548625056,0.01625057234432159
344,344,1.9450532959140956,1.6168379808594735,2,OJ,5.358575496122005,0.03862194749694847
345,345,2.902876049772328,1.7028117293332294,3,OJ,5.401532265047523,0.04295676892551814
346,346,2.568651734964967,2.599637126158628,4,OJ,5.447573435682443,0.04604117063492019
347,347,2.652422624593485,1.425165590749591,5,OJ,5.414863270847278,-0.03271016483516487
348,348,1.643464429769563,2.1340083105298095,1,OJ,5.405764751311259,-0.009098519536019367
349,349,1.4887016578756334,1.4545344857434817,2,OJ,5.380690384705642,-0.025074366605617016
350,350,1.4690856199393827,0.2519627519217311,3,OJ,5.324638225059732,-0.05605215964591004
351,351,1.4873976753640152,-1.0047775563810686,4,OJ,5.236342323045079,-0.08829590201465276
352,352,1.4816452675013911,-0.11920063330414854,5,OJ,5.159914018710524,-0.07642830433455483
353,353,-0.13280694799944315,1.21111835326484,1,OJ,5.087743116695871,-0.07217090201465304
354,354,-0.12232327319494644,-0.7001301204836248,2,OJ,4.978820383179386,-0.10892273351648551
355,355,-0.12417877804371596,-0.51032738849339,3,OJ,4.87025551748952,-0.1085648656898659
356,356,-0.12406651016860706,-0.6827899953310063,4,OJ,4.7820696582099105,-0.08818585927960942
357,357,-0.12400848596794552,0.5106929106518985,5,OJ,4.70339890882041,-0.07867074938950047
358,358,0.6129460173205948,1.0403365309205164,1,OJ,4.6474030678558185,-0.05599584096459154
359,359,0.49201342095920514,3.110584165230656,2,OJ,4.637009676524927,-0.010393391330891788
360,360,0.538349747563629,3.8622840278680113,3,OJ,4.632500366390616,-0.004509310134310773
361,361,0.5280574274913058,2.394770291604276,4,OJ,4.59458553122578,-0.037914835164835736
362,362,0.529049932120186,3.6605460089425037,5,OJ,4.568836256195255,-0.02574927503052482
363,363,3.9983492109526444,3.711341567550563,1,OJ,4.537191682019431,-0.031644574175824225
364,364,3.676411466707249,2.4149778618118503,2,OJ,4.474492475670225,-0.06269920634920645
365,365,3.844717292015072,2.623276854485836,3,OJ,4.411240186292934,-0.06325228937729044
366,366,3.802525540856998,2.6760450931915765,4,OJ,4.338649259858258,-0.07259092643467646
367,367,3.808796032674443,5.614479922251411,5,OJ,4.316415819687317,-0.022233440170940533
368,368,5.660732848276005,5.779097596244093,1,OJ,4.279621253142751,-0.036794566544566365
369,369,5.928757783828076,5.277762126158623,2,OJ,4.249587713765461,-0.03003353937728992
370,370,5.810407092622525,4.1383008929473935,3,OJ,4.1928058914211395,-0.0567818223443215
371,371,5.837674654833609,3.1947130571720552,4,OJ,4.1196069063784035,-0.07319898504273592
372,372,5.833612355188382,3.2832757097972136,5,OJ,4.041263385316133,-0.07834352106227094
373,373,2.9602830233340267,3.9642796017385855,1,OJ,3.969982059003556,-0.07128132631257644
374,374,4.471781735636092,4.597147428356412,2,OJ,3.896308829455326,-0.07367322954823008
375,375,3.0940419851615504,3.0686694826909733,3,OJ,3.79966097383872,-0.09664785561660594
376,376,3.463625099882411,3.1740304411769307,4,OJ,3.7026555938020898,-0.0970053800366304
377,377,3.370403011924364,2.333163148747144,5,OJ,3.5857986035700993,-0.11685699023199048
378,378,1.536785583891384,2.034174290383282,1,OJ,3.4464760303100257,-0.13932257326007358
379,379,1.8382646062949575,0.5977483898948778,2,OJ,3.2860141484418937,-0.16046188186813204
380,380,2.3353540664496193,0.29289872567021014,3,OJ,3.1273627061342006,-0.158651442307693
381,381,2.3716577718688967,-0.6452632859292883,4,OJ,2.9459065858655804,-0.18145612026862024
382,382,2.4574996681893433,-0.47863859117959573,5,OJ,2.7774677885517827,-0.16843879731379774
383,383,-0.5316613146887128,-1.1144566619976637,1,OJ,2.6019667430694877,-0.17550104548229495
384,384,-0.4185942574665259,-0.10740652463503172,2,OJ,2.463051144778889,-0.13891559829059874
385,385,-0.5386016107158286,-0.8508360118145134,3,OJ,2.310482577929072,-0.1525685668498169
386,386,-0.5111051795626277,-1.3170867749402797,4,OJ,2.175069574266068,-0.1354130036630039
387,387,-0.5062380313524356,-1.7023012132797115,5,OJ,1.9971455052794993,-0.17792406898656887
388,388,-1.4532719878257139,-1.5458337224372256,1,OJ,1.8380177198704637,-0.1591277854090356
389,389,-2.053735611415392,-1.8526198182858153,2,OJ,1.684773939345433,-0.15324378052503063
390,390,-1.725883702652215,-1.7912034568694541,3,OJ,1.55817755656155,-0.12659638278388297
391,391,-1.8412484159845062,-0.5615388506423478,4,OJ,1.5009805938020873,-0.057196962759462844
392,392,-1.7918105813977472,-0.04326198861548314,5,OJ,1.4493519689547125,-0.05162862484737474
393,393,-0.03446116870557749,-2.5626682767717686,1,OJ,1.363206631653125,-0.08614533730158747
394,394,-0.05836102451643291,-2.576473221826712,2,OJ,1.2793404075994015,-0.08386622405372357
395,395,-0.0423172864218295,-2.074815331106316,3,OJ,1.2037878663906105,-0.07555254120879096
396,396,-0.04844758043859955,-1.450702464805956,4,OJ,1.122781074571319,-0.0810067918192916
397,397,-0.045093067759666636,-1.7543254043663903,5,OJ,1.0591912546689992,-0.06358981990231971
398,398,-2.4005024101283707,-2.5725221381881185,1,OJ,0.9650606456946407,-0.09413060897435854
399,399,-1.6991230012765506,-3.0993746259781103,2,OJ,0.8739824634602088,-0.09107818223443187
400,400,-1.996793735676799,-4.252520611936602,3,OJ,0.7838927961830422,-0.09008966727716661
401,401,-1.8238110375936458,-4.727558768224748,4,OJ,0.7094371719461686,-0.07445562423687357
402,402,-1.9058196581646927,-4.21019956492805,5,OJ,0.6276171933136905,-0.08181997863247814
403,403,-4.737332832755249,-3.632322580801075,1,OJ,0.5307483746323723,-0.09686881868131814
404,404,-3.70018126538405,-4.906099671765662,2,OJ,0.44662898360673153,-0.08411939102564081
405,405,-4.665630643054076,-4.597863636967146,3,OJ,0.3648782586372565,-0.08175072496947505
406,406,-4.332918991869023,-5.593807623536133,4,OJ,0.26665790607315387,-0.09822035256410261
407,407,-4.583529011920527,-5.907154693133192,5,OJ,0.13830095399745207,-0.1283569520757018
408,408,-5.973029113442455,-6.01664034636885,1,OJ,-0.0028385835483352474,-0.1411395375457873
409,409,-6.86470326162377,-5.182210019751021,2,OJ,-0.1686944672479688,-0.16585588369963356
410,410,-6.19870015610817,-4.465081661997669,3,OJ,-0.3352417810452824,-0.1665473137973136
411,411,-6.449411076082684,-5.716520154061155,4,OJ,-0.497467589958591,-0.16222580891330862
412,412,-6.286630100727679,-5.6624851265886305,5,OJ,-0.6839282126692138,-0.18646062271062275
413,413,-7.002804706158761,-5.556481234647231,1,OJ,-0.8692846687131696,-0.1853564560439558
414,414,-6.369708644221182,-6.3856936888596945,2,OJ,-1.0452980997266004,-0.1760134310134308
415,415,-6.123140723619522,-7.03149458934809,3,OJ,-1.238393528603279,-0.19309542887667863
416,416,-6.073792681389301,-6.812254281045291,4,OJ,-1.4281595160880165,-0.1897659874847375
417,417,-6.045256396947595,-6.702938423291926,5,OJ,-1.674507882998883,-0.2463483669108666
418,418,-9.067623095028024,-7.948878594232091,1,OJ,-1.9490674068084066,-0.27455952380952353
419,419,-5.518096367991233,-8.333168019403876,2,OJ,-2.2212860097196567,-0.2722186029112501
420,420,-7.7631927902602955,-6.90510623913622,3,OJ,-2.4421541523613293,-0.22086814264167254
421,421,-6.566194752367989,-7.487614798115352,4,OJ,-2.6558007094670772,-0.21364655710574798
422,422,-7.354697696532822,-8.572375924788258,5,OJ,-2.8929137421587865,-0.23711303269170925
423,423,-8.743998777707372,-8.442732678600901,1,OJ,-3.141053987765576,-0.24814024560678938
424,424,-7.548872627721381,-7.546860440816888,2,OJ,-3.3839341451490417,-0.2428801573834658
425,425,-9.23589111383564,-7.051089354604636,3,OJ,-3.5863293218949543,-0.20239517674591267
426,426,-8.719517773377625,-5.952153391330421,4,OJ,-3.7688529985451016,-0.18252367665014724
427,427,-9.245011785932212,-5.204861141096999,5,OJ,-3.9196134843419843,-0.15076048579688273
428,428,-5.18398069752191,-4.875739214548593,1,OJ,-4.057811754440622,-0.13819827009863772
429,429,-5.722827513967825,-4.949321147321708,2,OJ,-4.1687531451849535,-0.11094139074433151
430,430,-5.393893773425175,-4.856055507732542,3,OJ,-4.271732229853009,-0.10297908466805517
431,431,-5.596428484742368,-4.468534110284671,4,OJ,-4.348197646340116,-0.0764654164871077
432,432,-5.475048356084659,-5.428127947819684,5,OJ,-4.4471874334729184,-0.09898978713280204
433,433,-10.475396612232377,-5.189538623200943,1,OJ,-4.5286890726969835,-0.08150163922406506
434,434,-5.120639640791627,-5.427709724974978,2,OJ,-4.635095136703782,-0.10640606400679875
435,435,-7.349416829224673,-5.247037456067416,3,OJ,-4.72301916558884,-0.08792402888505801
436,436,-5.467764664949567,-3.941851492793224,4,OJ,-4.775514459945899,-0.05249529435705913
437,437,-6.322413804428037,-2.7307326007919754,5,OJ,-4.796083087696144,-0.020568627750244595
438,438,-2.7482856701724336,-2.294286911405114,1,OJ,-4.8110521514755025,-0.014969063779358471
439,439,-3.3493718306471636,-1.469132460735945,2,OJ,-4.8033824043245055,0.007669747150996997
440,440,-2.8154185819094075,-1.1016573595843868,3,OJ,-4.789591482378803,0.013790921945702195
441,441,-3.053821913612712,-1.0842651249127393,4,OJ,-4.8000460078642115,-0.010454525485408261
442,442,-2.8342668652140928,-2.184076438326987,5,OJ,-4.842862296858442,-0.04281628899423051
443,443,-2.444373897699423,-1.7585531734654887,1,OJ,-4.826779994792316,0.01608230206612582
444,444,-2.25925192971226,-0.35977282799396515,2,OJ,-4.782445986915661,0.04433400787665498
445,445,-2.331652317049629,-0.19270933593047035,3,OJ,-4.744803867012144,0.03764211990351729
446,446,-2.2655291631964753,0.03766531392946937,4,OJ,-4.715036511437436,0.029767355574708
447,447,-2.289673683309198,1.6005368514333616,5,OJ,-4.6479392663214405,0.06709724511599546
448,448,1.6062392719606593,1.8457963441193346,1,OJ,-4.5595728966752915,0.08836636964614897
449,449,1.6814554531690413,1.025336493512419,2,OJ,-4.4770786742854805,0.08249422238981108
450,450,1.638120495890045,1.2885270475117938,3,OJ,-4.366257721096513,0.11082095318896723
451,451,1.66173479048063,1.3330259581871695,4,OJ,-4.245046026568275,0.12121169452823821
452,452,1.6481072311376082,-0.4692966375177694,5,OJ,-4.170227968020069,0.07481805854820589
453,453,-0.4878525055816962,0.040664847076077426,1,OJ,-4.096768219462526,0.07345974855754278
454,454,-0.4765541360364907,0.571691146484724,2,OJ,-3.987212403097518,0.10955581636500833
455,455,-0.47987698524561917,-0.30115354694820284,3,OJ,-3.9012782012971394,0.08593420180037858
456,456,-0.48216601245618057,0.11010734629798502,4,OJ,-3.787199901900457,0.11407829939668224
457,457,-0.4801762566436133,0.6899684574090961,5,OJ,-3.6552574388896115,0.13194246301084567
458,458,0.7168666475098903,0.7812032846733403,1,OJ,-3.519300566268767,0.13595687262084466
459,459,0.7155107413128802,0.7819327431233705,2,OJ,-3.4000177110112797,0.11928285525748716
460,460,0.7095918435870373,1.1584869759276166,3,OJ,-3.2875463382527745,0.11247137275850516
461,461,0.7082520587492378,1.0589227057751054,4,OJ,-3.152037481056049,0.13550885719672534
462,462,0.7058331712693928,1.0118774988034245,5,OJ,-3.0185502285482078,0.13348725250784144
463,463,1.1183879466388131,2.6722805489123536,1,OJ,-2.853974992877016,0.1645752356711916
464,464,1.047749979067467,2.099430019811831,2,OJ,-2.6842725187035854,0.16970247417343076
465,465,1.0643942554591204,2.076036773624467,3,OJ,-2.5021218914441348,0.18215062725945064
466,466,1.0407726179588295,1.7819171813431074,4,OJ,-2.3302384621963665,0.17188342924776823
467,467,1.0436762528667094,1.2526979936680374,5,OJ,-2.171125733857167,0.15911272833919954
468,468,1.4758182271548355,1.5160850151432976,1,OJ,-1.9818264616696595,0.18929927218750753
469,469,1.4067724388223537,0.3572225812808586,2,OJ,-1.8080186496559645,0.173807812013695
470,470,1.363141362311731,0.5038476201853201,3,OJ,-1.6598395724695338,0.14817907718643064
471,471,1.332749868785996,0.7794875983988265,4,OJ,-1.4944975245392504,0.1653420479302834
472,472,1.3127883364744666,1.9528380496904485,5,OJ,-1.2839932450496763,0.21050427948957418
473,473,2.1655700868590335,1.6812888744648145,1,OJ,-1.0815128139883619,0.20248043106131441
474,474,2.170371048576027,1.6041432940104128,2,OJ,-0.898492739291816,0.1830200746965459
475,475,2.0678862762589842,-0.651357795314216,3,OJ,-0.7704981081060075,0.12799463118580845
476,476,2.055662287280786,0.04412539796310622,4,OJ,-0.6505725323201371,0.11992557578587038
477,477,2.017446405094462,0.4077575174775703,5,OJ,-0.5383201591486456,0.1122523731714915
478,478,0.413368877585071,-0.40221563845147223,1,OJ,-0.4488496876267032,0.08947047152194243
479,479,0.47794721742935126,-0.33634845824605897,2,OJ,-0.3565902338451902,0.09225945378151301
480,480,0.4175348992625429,-0.012231589276247234,3,OJ,-0.2597137554760643,0.09687647836912588
481,481,0.4322874525571643,-1.2721833477574136,4,OJ,-0.19578674022551915,0.06392701525054514
482,482,0.41444463770006157,-0.2516534691393022,5,OJ,-0.09225725065191152,0.10352948957360762
483,483,-0.2693058604426498,-0.2004104719404216,1,OJ,0.007525312373298911,0.09978256302521044
484,484,-0.2518152418512978,0.48524545709785927,2,OJ,0.12578441601475565,0.11825910364145674
485,485,-0.24465635750792378,0.5647330854825409,3,OJ,0.24201982684575477,0.11623541083099911
486,486,-0.2585153519774316,1.2237239040321812,4,OJ,0.34533133478226286,0.10331150793650809
487,487,-0.25552023315099154,1.4873073929833103,5,OJ,0.4296921346577686,0.08436079987550577
488,488,1.4539764876518404,0.5001341903689382,1,OJ,0.4855805566932496,0.055888422035481
489,489,1.567398094823476,0.8416199513399997,2,OJ,0.5317956049347685,0.0462150482415189
490,490,1.4716127613490422,3.022930253238535,3,OJ,0.614287357191227,0.08249175225645844
491,491,1.442962661764617,4.8711153606148185,4,OJ,0.7333949669017781,0.11910760971055112
492,492,1.5136205182284228,5.010439979351204,5,OJ,0.8772852952553418,0.14389032835356375
493,493,5.234059931895528,4.355822021056781,1,OJ,0.9995727991457873,0.12228750389044551
494,494,4.803892140516761,4.429689901542306,2,OJ,1.0953620537365127,0.0957892545907254
495,495,4.973546967807426,5.672027669983016,3,OJ,1.2126567938547825,0.11729474011826979
496,496,5.103285749140914,5.420354778604247,4,OJ,1.3203105831482782,0.10765378929349567
497,497,4.953456400907858,6.136692702662768,5,OJ,1.4110337001728661,0.09072311702458791
498,498,6.2254485851911525,6.099305525569704,1,OJ,1.4961038838018734,0.08507018362900731
499,499,6.908801062125316,6.478159011408482,2,OJ,1.605160334159795,0.10905645035792166
500,500,6.241523787235253,6.159560738766075,3,OJ,1.7025810079848804,0.09742067382508535
501,501,6.4346216746834015,5.608378043465746,4,OJ,1.7880880496904519,0.08550704170557144
502,502,6.2011871302067725,6.325054436245082,5,OJ,1.9239750711657089,0.135887021475257
503,503,5.5893308979812,6.9746362134003785,1,OJ,2.0626544984921953,0.13867942732648642
504,504,6.241003970628105,7.395964583423606,2,OJ,2.199139967230973,0.13648546873877754
505,505,6.016970219463795,6.564861485133003,3,OJ,2.3364602678725968,0.13732030064162393
506,506,6.285599563026648,5.7641670406885614,4,OJ,2.449541461760408,0.11308119388781135
507,507,6.211788814367844,3.7235992751207885,5,OJ,2.510214078114642,0.06067261635423371
508,508,3.733970062693344,3.8837850962441176,1,OJ,2.5722657143460577,0.06205163623141585
509,509,3.6760883953901686,3.6385279228619454,2,OJ,2.629397617940829,0.057131903594771494
510,510,3.739957167617426,3.7532257250597354,3,OJ,2.6812923929234715,0.05189477498264239
511,511,3.7205133571524143,3.6800991988082243,4,OJ,2.733715922784134,0.052423529860662565
512,512,3.746795827448296,4.031846756805773,5,OJ,2.7941153079441805,0.06039938516004639
513,513,4.126532405389563,4.797046314192837,1,OJ,2.8366106232497907,0.04249531530561024
514,514,3.902456172260152,4.290380410651926,2,OJ,2.8804296310665927,0.043819007816801925
515,515,4.1545177592091544,3.8805399039364286,3,OJ,2.9165196936728317,0.03609006260623904
516,516,4.222552837054557,3.780471222617736,4,OJ,2.956490774498324,0.0399710808254925
517,517,3.931289628704221,-0.7125290063199825,5,OJ,2.917186234498564,-0.039304539999760024
518,518,-0.738734893111336,-1.2750270985055645,1,OJ,2.861363992225587,-0.055822242272977274
519,519,-0.7984992692566777,-0.14009310888408155,2,OJ,2.8514176784222878,-0.009946313803299134
520,520,-0.79388858278692,0.07764193385095952,3,OJ,2.8428935646956006,-0.008524113726687155
521,521,-0.7293672112342011,0.7915594399559789,4,OJ,2.8431350015267443,0.00024143683114363768
522,522,-0.661513613809735,1.7614999161464413,5,OJ,2.8393082388558635,-0.003826762670880779
523,523,1.6501072838757607,0.926718551677574,1,OJ,2.824216832400119,-0.015091406455744583
524,524,1.9752772086287926,1.3126026328741545,2,OJ,2.8183860191773933,-0.005830813222725606
525,525,1.6756281172724097,0.38191353031005715,3,OJ,2.839051445689879,0.02066542651248593
526,526,1.732840138373843,0.17331501077403777,4,OJ,2.8416352379460976,0.002583792256218409
527,527,1.9445024958095365,-0.5017460392870197,5,OJ,2.8234451668108056,-0.01819007113529203
528,528,-0.5205920214762,-1.0836237102271924,1,OJ,2.8098170053752916,-0.013628161435514041
529,529,-0.5082501083016789,-0.6227854165763986,2,OJ,2.8040882662086846,-0.005728739166606989
530,530,-0.5106861372548902,0.4550572268912556,3,OJ,2.8134340425320348,0.009345776323350208
531,531,-0.5084237559920428,1.5189518392233512,4,OJ,2.86925674627165,0.055822703739615065
532,532,-0.50803663829958,0.8507722757313021,5,OJ,2.8913052611690624,0.022048514897412552
533,533,0.8540178107785648,-0.0865369428279279,1,OJ,2.8935827317513123,0.0022774705822499186
534,534,0.8628006507320669,-0.50690667726017,2,OJ,2.8737396890641507,-0.01984304268716164
535,535,0.8542157263428021,-0.09332876211974717,3,OJ,2.860578452112106,-0.013161236952044852
536,536,0.853989167877201,0.1981967262807347,4,OJ,2.8400679085570766,-0.020510543555029237
537,537,0.8608420708972276,-2.681427815843806,5,OJ,2.756693204380534,-0.08337470417654247
538,538,-3.0840367011234355,-1.4915621259781129,1,OJ,2.716859278053593,-0.03983392632694116
539,539,-2.521421918239791,-0.612311515477505,2,OJ,2.687780648717243,-0.02907862933634986
540,540,-2.5476710185384017,0.15371412554814534,3,OJ,2.630396326163435,-0.05738432255380799
541,541,-2.9411446790005233,0.05745153397304348,4,OJ,2.5341230496305998,-0.09627327653283535
542,542,-2.610050737806044,0.16637056632959268,5,OJ,2.4372416613701677,-0.09688138826043202
543,543,0.1686375431473785,1.4393177580267738,1,OJ,2.3789115761095676,-0.05833008526060013
544,544,0.19305687774178149,1.0118051664516867,2,OJ,2.3105538814077553,-0.0683576947018123
545,545,0.1382252114192985,-0.35473558446406606,3,OJ,2.1900186163188136,-0.12053526508894175
546,546,0.1838899801326257,-0.6451125685910424,4,OJ,2.068709269374908,-0.12130934694390572
547,547,0.1775496961562547,-1.261693383609369,5,OJ,1.9207415476494651,-0.1479677217254427
548,548,-1.583792626882181,-4.308869818285792,1,OJ,1.7125780407723554,-0.20816350687710972
549,549,-1.1832426097064608,-6.036548389714358,2,OJ,1.462283892749898,-0.2502941480224574
550,550,-1.2373691362529942,-4.739240315843782,3,OJ,1.2443078716577012,-0.21797602109219683
551,551,-1.2368114243572785,-3.796211469689944,4,OJ,1.0562160813945873,-0.18809179026311384
552,552,-1.2423711586015218,-3.275587995941458,5,OJ,0.8642032327508565,-0.1920128486437308
553,553,-3.092617372489523,-3.6382959477119234,1,OJ,0.6519445895286106,-0.21225864322224597
554,554,-3.1982889678611226,-2.109194146735133,2,OJ,0.46184141492543573,-0.19010317460317483
555,555,-3.2014676639574735,-0.10474130790728453,3,OJ,0.3284493590646301,-0.13339205586080566
556,556,-3.2158191151186473,0.40543115851517997,4,OJ,0.22127464142116243,-0.10717471764346764
557,557,-3.2262228431442352,0.10779684838086812,5,OJ,0.14895859288636398,-0.07231604853479845
558,558,0.10721453499005863,-5.360203380556856,1,OJ,-0.03592117664965548,-0.18487976953601948
559,559,0.10716880987507398,-5.324817238920723,2,OJ,-0.21518807988530886,-0.17926690323565336
560,560,0.10731424893200532,-4.111260309738795,3,OJ,-0.37247780058127944,-0.15728972069597058
561,561,0.10741091452011121,-4.253079601558083,4,OJ,-0.5311413765886056,-0.15866357600732617
562,562,0.10749494546610501,-4.722171100337082,5,OJ,-0.7062217337314627,-0.17508035714285708
563,563,-5.499453664599288,-4.435579219995198,1,OJ,-0.8908742444152233,-0.18465251068376065
564,564,-4.563219036386286,-3.3871092871502624,2,OJ,-1.0444240383712673,-0.15354979395604396
565,565,-4.7238249789468245,-3.099882104610571,3,OJ,-1.1840324785422072,-0.13960844017093987
566,566,-4.700174909887401,-3.002740392156373,4,OJ,-1.3196967108376894,-0.1356642322954822
567,567,-4.708851403327806,-2.227898359189335,5,OJ,-1.3500040978950765,-0.030307387057387114
568,568,-1.9458533160299463,-1.9242696961856702,1,OJ,-1.3629889498486785,-0.012984851953601995
569,569,-2.51727299709888,-2.7734512438047276,2,OJ,-1.4156561125470912,-0.05266716269841276
570,570,-2.2045298422878026,-2.54893201303549,3,OJ,-1.4681875914848206,-0.05253147893772936
571,571,-1.999967637050514,-3.4153029684689518,4,OJ,-1.5523248396533191,-0.08413724816849855
572,572,-2.4384044371008136,-2.3534611644396515,5,OJ,-1.6346240612650407,-0.08229922161172154
573,573,-2.1682021263898266,-1.45585356370705,1,OJ,-1.6822755035727335,-0.047651442307692804
574,574,-2.431529641315734,-1.236353792644785,2,OJ,-1.733254632083112,-0.050979128510378446
575,575,-2.465102607974445,-0.8470509080294042,3,OJ,-1.7578339208499014,-0.024579288766789498
576,576,-2.180268008758044,-1.3415125228035174,4,OJ,-1.7881304715214525,-0.030296550671551126
577,577,-2.442154285642038,-0.9677869428279342,5,OJ,-1.7974512895922705,-0.009320818070817971
578,578,-1.0089571892332565,-0.7531807157217072,1,OJ,-1.790842429702161,0.006608859890109509
579,579,-0.8237423357084811,-1.421804799970798,2,OJ,-1.806822817370049,-0.015980387667887896
580,580,-1.078268340380338,0.0351243819583722,3,OJ,-1.8152214742687067,-0.00839865689865782
581,581,-0.9902702270535334,-0.507927357968361,4,OJ,-1.8557590582125412,-0.04053758394383444
582,582,-0.8370213430028308,0.785093856927852,5,OJ,-1.85707262658861,-0.0013135683760687744
583,583,0.8306978905069141,1.7294276481366553,1,OJ,-1.8207533347693183,0.03631929181929161
584,584,0.8030686769933663,0.7865552427642524,2,OJ,-1.7948840963688297,0.025869238400488603
585,585,0.7800931207061923,0.2389686279901384,3,OJ,-1.7882381485666323,0.006645947802197405
586,586,0.7629801683508608,0.10007973910123891,4,OJ,-1.790200488310222,-0.001962339743589725
587,587,0.7520098616637183,-0.7258798915459002,5,OJ,-1.751089529824264,0.039110958485958136
588,588,-0.7278112878140565,-1.6145913536948513,1,OJ,-1.7535501143785988,-0.0024605845543348437
589,589,-0.7229280615056475,1.6196958868423916,2,OJ,-1.7089099663322005,0.044640148046398265
590,590,-0.7183747420606913,1.6355555480145505,3,OJ,-1.6792731378828725,0.029636828449328023
591,591,-0.714388726859112,2.479410477806992,4,OJ,-1.630833959006194,0.04843917887667848
592,592,-0.7111632382966295,1.2521077458167573,5,OJ,-1.6091192154164506,0.021714743589743346
593,593,0.8613773161946049,0.8592219857434956,1,OJ,-1.620721130862116,-0.011601915445665467
594,594,1.1618664204200715,1.5555303648643717,2,OJ,-1.6098466268938623,0.010874503968253846
595,595,1.7491356504194593,1.7180112867202888,3,OJ,-1.568391689470175,0.04145493742368722
596,596,1.2943957383976994,1.3906475046690132,4,OJ,-1.527676488004974,0.04071520146520102
597,597,0.9057681184065111,-2.0278430325715227,5,OJ,-1.5429994809842174,-0.015322992979243333
598,598,-1.7593419846445224,-2.3400454135239084,1,OJ,-1.5036229928889795,0.03937648809523786
599,599,-1.8807421586351005,-1.8752312346472115,2,OJ,-1.4203966497876366,0.08322634310134291
600,600,-1.8525116903242704,-0.07819407042256002,3,OJ,-1.3271757248792122,0.09322092490842437
601,601,-1.9453530418787166,-0.9792948793358586,4,OJ,-1.2708373930721304,0.05633833180708181
602,602,-1.9124594328849345,0.5365857677947832,5,OJ,-1.1945939177974056,0.07624347527472475
603,603,0.5276322956436734,0.29601609441261056,1,OJ,-1.1159076769549148,0.07868624084249087
604,604,0.5422755258177698,0.5918112714577765,2,OJ,-1.0618875685910567,0.054020108363858066
605,605,0.5337325745024618,1.1710389881854968,3,OJ,-1.036371962669201,0.025515605921855755
606,606,0.5412306399981388,1.200068292214805,4,OJ,-1.0204792199952086,0.01589274267399232
607,607,0.5346844365784357,1.7783630876970986,5,OJ,-0.9870678952088839,0.03341132478632469
608,608,1.7536393575933544,0.24895603641503106,1,OJ,-0.8748847068694462,0.11218318833943774
609,609,1.7961317304566058,-1.7538904226814145,2,OJ,-0.8034661705446601,0.07141853632478612
610,610,1.8018374226780687,-2.567500770666765,3,OJ,-0.7725909797632196,0.03087519078144052
611,611,1.7733158605802253,-2.0337610728645634,4,OJ,-0.728204609189349,0.044386370573870515
612,612,1.7825762186391416,-1.7621207340367238,5,OJ,-0.669003601863342,0.05920100732600708
613,613,-1.7671353522631865,-2.0185233591893503,1,OJ,-0.620662484647225,0.048341117216117
614,614,-1.6612164599240942,-1.8932238323273227,2,OJ,-0.5907847755507661,0.029877709096458815
615,615,-1.863227516871216,-2.226059226100218,3,OJ,-0.5733083179805591,0.017476457570206994
616,616,-1.6836171699483689,-2.846629281045273,4,OJ,-0.5701860957583371,0.0031222222222220264
617,617,-1.8395035829549713,-2.794580288371287,5,OJ,-0.5815197343419761,-0.011333638583639005
618,618,-2.271031376184594,-2.8847683988718975,1,OJ,-0.6007297083957007,-0.0192099740537246
619,619,-3.745025013686327,-3.9866113475898444,2,OJ,-0.624992910471403,-0.024263202075702317
620,620,-3.3755604593084643,-3.263858752962249,3,OJ,-0.6392914452699382,-0.014298534798535156
621,621,-2.108733748845052,-1.8528926357461273,4,OJ,-0.6080432386154817,0.03124820665445649
622,622,-2.3738270782994126,-2.3265800594335513,5,OJ,-0.6075056165153597,0.0005376221001219816
623,623,-3.029782026301635,-2.6059813872723763,1,OJ,-0.6305081729866663,-0.023002556471306557
624,624,-2.727299077017651,-2.955017940996423,2,OJ,-0.664881455953699,-0.03437328296703268
625,625,-1.8293165342728832,-2.7120100808010683,3,OJ,-0.7021806394091322,-0.03729918345543326
626,626,-2.052435513234078,-2.36684066688166,4,OJ,-0.7226872022906952,-0.02050656288156294
627,627,-2.9882408075534146,-2.792144009372505,5,OJ,-0.7591743436215865,-0.03648714133089137
628,628,-2.7639587667734924,-1.8895608286643233,1,OJ,-0.7819019458804389,-0.022727602258852397
629,629,-2.8628133562467117,-2.828543200459197,2,OJ,-0.8100367138902068,-0.028134768009767885
630,630,-2.6562339046199615,-2.2219765032675003,3,OJ,-0.8551787315947244,-0.045142017704517534
631,631,-2.8349994207836153,-2.30006907042257,4,OJ,-0.8910215658438085,-0.03584283424908419
632,632,-2.688935701069174,-1.3511488933773874,5,OJ,-0.9337464208499133,-0.04272485500610479
633,633,-1.4677141763651118,-1.801414079580069,1,OJ,-1.0043632554042476,-0.07061683455433432
634,634,-1.2968061599516074,-2.0529441467351357,2,OJ,-1.0611532431942354,-0.056789987789987784
635,635,-1.3313003815659123,-1.554139201680193,3,OJ,-1.0970153997876422,-0.03586215659340675
636,636,-1.3089354969426243,-1.5180216040001044,4,OJ,-1.129377426649669,-0.03236202686202683
637,637,-1.3273509804806731,-1.587443154671652,5,OJ,-1.146608691912184,-0.01723126526251506
638,638,-1.502756298143135,-1.92105502890852,1,OJ,-1.1527379654164573,-0.0061292735042732804
639,639,-1.6552412909020748,-1.7611305783590732,2,OJ,-1.2203544947204867,-0.0676165293040294
640,640,-1.4907681452539194,-1.9019845160880093,3,OJ,-1.2911052960025378,-0.07075080128205102
641,641,-1.6384711190010912,-1.3968658500318498,4,OJ,-1.368630822559315,-0.07752552655677714
642,642,-1.487761055339033,-1.6212629806789782,5,OJ,-1.4260982370892297,-0.05746741452991477
643,643,-1.6471358763556487,-1.549138056991557,1,OJ,-1.4742654379439304,-0.04816720085470072
644,644,-1.497117318621637,-1.6062580203615218,2,OJ,-1.5375012056484485,-0.06323576770451811
645,645,-1.6635087865162002,-2.344513514867012,3,OJ,-1.6187517016801944,-0.08125049603174594
646,646,-1.5204854414836062,-2.670917666271175,4,OJ,-1.699983005098998,-0.08123130341880347
647,647,-1.643017209453707,-2.2294780295190235,5,OJ,-1.7040157050379483,-0.00403269993895039
648,648,-2.152004481909808,-2.308341353694849,1,OJ,-1.703381623841367,0.0006340811965812598
649,649,-2.3321602355693205,-2.9603769916679776,2,OJ,-1.7250845389817824,-0.021702915140415335
650,650,-2.0547478869696008,-2.630260233426226,3,OJ,-1.7761258622418559,-0.05104132326007349
651,651,-2.2826614568393917,-2.2647516101050966,4,OJ,-1.8018349968572402,-0.025709134615384377
652,652,-2.087184187397157,-2.8336714055873946,5,OJ,-1.869240140324884,-0.0674051434676437
653,653,-2.9363470615370697,-1.330733371399363,1,OJ,-1.9017751296411234,-0.03253498931623944
654,654,-2.5109546989216116,-1.1402590887375763,2,OJ,-1.9364165368450303,-0.03464140720390696
655,655,-3.013147001685893,-1.4889694061978975,3,OJ,-1.9896167047326982,-0.053200167887667904
656,656,-2.5782242511654885,-0.8822901479561432,4,OJ,-2.0312638735361173,-0.04164716880341901
657,657,-2.94180354666303,-0.38853824014173266,5,OJ,-2.074601900092894,-0.043338026556776654
658,658,-0.10174413147261807,-0.10174413147261807,1,OJ,-2.081615903450647,-0.00701400335775304
659,659,0.11139689416840248,0.11139689416840248,2,OJ,-2.044310157113651,0.037305746336996126
660,660,0.02621679648830877,0.02621679648830877,3,OJ,-1.992435805770549,0.05187435134310192
661,661,0.5347542659632767,0.5347542659632767,4,OJ,-1.9410654989939922,0.05137030677655674
662,662,0.9275770681610747,0.9275770681610747,5,OJ,-1.8872715429500362,0.05379395604395598
663,663,0.34260683006583537,0.34260683006583537,1,OJ,-1.8400489391649328,0.047222603785103345
664,664,-1.5444295710330591,-1.5444295710330591,2,OJ,-1.8330730539390472,0.0069758852258856585
665,665,-1.6239415521075404,-1.6239415521075404,3,OJ,-1.8210307004591937,0.012042353479853496
666,666,-1.484602419018414,-1.484602419018414,4,OJ,-1.7937901632186566,0.0272405372405371
667,667,-2.1133398274433164,-2.1133398274433164,5,OJ,-1.7801653540000972,0.013624809218559353
668,668,-1.5816987254897157,-1.5816987254897157,1,OJ,-1.7541039605324535,0.02606139346764369
669,669,-2.60869239154588,-2.60869239154588,2,OJ,-1.7265455814115742,0.02755837912087933
670,670,-3.091438118041601,-3.091438118041601,3,OJ,-1.7230971687131613,0.003448412698412895
671,671,-3.2798942098800534,-3.2798942098800534,4,OJ,-1.75163720019584,-0.028540031482678696
672,672,-3.8685983026282607,-3.8685983026282607,5,OJ,-1.782477565059734,-0.030840364863893965
673,673,-4.417277496528058,-4.417277496528058,1,OJ,-1.8187034872448478,-0.03622592218511378
674,674,-4.282693385105706,-4.282693385105706,2,OJ,-1.8452569961270333,-0.02655350888218555
675,675,-6.612573948442152,-6.612573948442152,3,OJ,-1.923268273479855,-0.07801127735282165
676,676,-6.034856472562909,-6.034856472562909,4,OJ,-1.99662858959348,-0.07336031611362515
677,677,-5.448410783176052,-5.448410783176052,5,OJ,-2.049753925069551,-0.05312533547607101
678,678,-5.107708946885987,-5.107708946885987,1,OJ,-2.114116887433984,-0.06436296236443306
679,679,-5.972321458557311,-5.972321458557311,2,OJ,-2.1769924525959463,-0.06287556516196213
680,680,-5.452624135183511,-5.452624135183511,3,OJ,-2.241605405234267,-0.06461295263832056
681,681,-5.9745195600201235,-5.9745195600201235,4,OJ,-2.3150944150262176,-0.07348900979195072
682,682,-4.572226142653172,-4.572226142653172,5,OJ,-2.3795159600117333,-0.06442154498551567
683,683,-4.724684903935468,-4.724684903935468,1,OJ,-2.437981376498841,-0.0584654164871079
684,684,-4.34509223353397,-4.34509223353397,2,OJ,-2.483824338234818,-0.04584296173597702
685,685,-4.539737035899354,-4.539737035899354,3,OJ,-2.543536294919201,-0.059711956684382894
686,686,-4.658066867832137,-4.658066867832137,4,OJ,-2.606337200195842,-0.06280090527664095
687,687,-4.7515017417817145,-4.7515017417817145,5,OJ,-2.669618371938043,-0.06328117174220083
688,688,-3.974574804773092,-4.471712603904356,1,OJ,-2.72063152343796,-0.05101315149991725
689,689,-4.0398173443870915,-5.287776251585641,2,OJ,-2.7911644369024913,-0.07053291346453117
690,690,-5.428971091441019,-4.727223419341632,3,OJ,-2.8476692149675635,-0.05650477806507226
691,691,-4.1518241730082615,-4.429747540101037,4,OJ,-2.9083268487689473,-0.06065763380138378
692,692,-5.234747915958741,-4.192907359584389,5,OJ,-2.9597597363470562,-0.05143288757810893
693,693,-4.255554807452419,-4.255554807452419,1,OJ,-3.0138880713562726,-0.05412833500921632
694,694,-3.8353264383270056,-3.8353264383270056,2,OJ,-3.0584694397155827,-0.04458136835931015
695,695,-3.840854760767089,-3.840854760767089,3,OJ,-3.0883962646335847,-0.029926824918002026
696,696,-2.7263006057717556,-2.7263006057717556,4,OJ,-3.089503923423596,-0.001107658790011179
697,697,-1.247431558152702,-1.247431558152702,5,OJ,-3.0698629939962694,0.019640929427326537
698,698,-0.7004894479752972,-0.7004894479752972,1,OJ,-3.0377059558818784,0.03215703811439097
699,699,-1.6629155295190183,-1.6629155295190183,2,OJ,-3.0117567266388994,0.025949229242979044
700,700,-1.4928544495314722,-1.4928544495314722,3,OJ,-2.989008610961004,0.022748115677895253
701,701,-0.9389095382336243,-0.9389095382336243,4,OJ,-2.9624917695235746,0.026516841437429495
702,702,-0.9040920001072533,-0.9040920001072533,5,OJ,-2.923900181413972,0.038591588109602615
703,703,-0.6267732822760118,-2.4381645180032994,1,OJ,-2.946048804346051,-0.022148622932078865
704,704,-0.9871085037037537,-2.2170744152955537,2,OJ,-2.9675851108772098,-0.0215363065311589
705,705,-0.7265510364481784,-1.287966105304899,3,OJ,-2.9635650448593505,0.004020066017859314
706,706,-1.0121856934620468,-1.2866025043089455,4,OJ,-2.9716512919864067,-0.00808624712705619
707,707,-0.7727729453582989,-2.9374233882180607,5,OJ,-3.0226289949479326,-0.05097770296152593
708,708,-4.098228978316355,-3.30026963782902,1,OJ,-3.0865995050750605,-0.06397051012712796
709,709,-2.052707014517229,-3.333404558463945,2,OJ,-3.1554955341277076,-0.06889602905264702
710,710,-4.041467320222296,-2.4008998899298657,3,OJ,-3.204037867856071,-0.048542333728363474
711,711,-2.1989249996734492,-2.313166463225855,4,OJ,-3.2609962824398537,-0.0569584145837827
712,712,-3.829670437812676,-2.3995090558184407,5,OJ,-3.3275380049194445,-0.06654172247959078
713,713,-2.2923783960707995,-3.314648722796347,1,OJ,-3.4006831159766877,-0.0731451110572432
714,714,-3.524654730469382,-2.881634405958498,2,OJ,-3.4274272126751963,-0.026744096698508635
715,715,-1.8109453533765114,-2.6321440542622776,3,OJ,-3.447591262718291,-0.02016405004309485
716,716,-3.155919820917484,-2.555589821458038,4,OJ,-3.469011010767084,-0.021419748048792986
717,717,-1.8677986745658501,-2.5199552898676236,5,OJ,-3.4771433200155695,-0.008132309248485292
718,718,-3.4685128019088776,-3.442745517069607,1,OJ,-3.514364255847168,-0.03722093583159847
719,719,-2.2819838720901173,-3.7927980380780104,2,OJ,-3.5380463687778105,-0.023682112930642596
720,720,-2.872307436330174,-3.7448872070789383,3,OJ,-3.551115350558557,-0.013068981780746558
721,721,-2.2834798288363554,-4.320614720306452,4,OJ,-3.5719297607670852,-0.020814410208528145
722,722,-2.7755395366104763,-5.145418252830579,5,OJ,-3.5974661597711317,-0.025536399004046473
723,723,-5.334291178999266,-5.00380605239484,1,OJ,-3.609196730888467,-0.01173057111733522
724,724,-6.229620222304953,-3.030157982055599,2,OJ,-3.584146022827465,0.02505070806100207
725,725,-4.565308896534938,-3.248532554106636,3,OJ,-3.516865194940755,0.06728082788671008
726,726,-5.786642695992572,-3.7602019440848484,4,OJ,-3.471372104371193,0.045493090569561634
727,727,-4.71916939626488,-2.7993339857904163,5,OJ,-3.4183905684234803,0.05298153594771282
728,728,-3.189943393836464,-1.8328190464813696,1,OJ,-3.352892770415388,0.06549779800809219
729,729,-2.3930832323793454,-0.1367464507764211,2,OJ,-3.2361812702597708,0.11671150015561738
730,730,-3.2664705642662177,-0.9125926225784787,3,OJ,-3.1453806400076694,0.09080063025210139
731,731,-2.5380261350700826,2.1870047163570927,4,OJ,-2.982150154480126,0.1632304855275435
732,732,-3.1248971178916687,2.9977287281840503,5,OJ,-2.830751057063381,0.15139909741674495
733,733,3.0413002086015353,3.4803364935123953,1,OJ,-2.6666506291144234,0.16410042794895752
734,734,3.221544477343999,2.292533038797185,2,OJ,-2.5338981236678007,0.13275250544662276
735,735,2.899468737316764,0.3729427026627272,3,OJ,-2.435644528896559,0.09825359477124174
736,736,3.144943501375525,2.3242732348756174,4,OJ,-2.295997726842404,0.13964680205415503
737,737,2.9378270675671696,1.1105068950063282,5,OJ,-2.1787575541066433,0.1172401727357606
738,738,1.1203146070015888,2.22019215800042,1,OJ,-2.0449194588685478,0.13383809523809553
739,739,1.0464495475819464,5.2829819961579,2,OJ,-1.833504293913677,0.21141516495487078
740,740,1.1772248475670868,2.2442214919562167,3,OJ,-1.6940753956877197,0.13942889822595728
741,741,1.0744973554845696,2.9312429672129876,4,OJ,-1.5468555855414394,0.14721981014628027
742,742,1.1590000780590282,3.2583866024448658,5,OJ,-1.3978297063008542,0.1490258792405852
743,743,3.5007230168120387,0.6033971066465427,1,OJ,-1.300650668018875,0.09717903828197927
744,744,3.325340656921848,2.187265376176591,2,OJ,-1.180198831728803,0.12045183629007195
745,745,3.310198529576934,1.165385513120256,3,OJ,-1.0800740262510562,0.10012480547774683
746,746,3.293417010183133,1.3135589491613429,4,OJ,-0.9992768351523942,0.08079719109866201
747,747,3.302031363157221,1.189329257284597,5,OJ,-0.9505416188436483,0.04873521630874589
748,748,1.2288832064078286,0.8273389055883539,1,OJ,-0.9199850517723752,0.030556567071273077
749,749,1.0659970390197597,0.9898077820278145,2,OJ,-0.8669305855414386,0.05305446623093657
750,750,1.3042045145732037,0.6542063192204707,3,OJ,-0.8239893701663997,0.04294121537503892
751,751,1.1177934143523363,0.33325821775767694,4,OJ,-0.7985460150465736,0.025443355119826094
752,752,1.273619257090355,1.314263119718454,5,OJ,-0.7541789126500595,0.04436710239651409
753,753,1.013979460558483,3.713576456164131,1,OJ,-0.631144093166711,0.12303481948334849
754,754,1.0419853589561985,2.7877925314831478,2,OJ,-0.531046754231137,0.10009733893557404
755,755,1.6138603005868035,1.6980885943527448,3,OJ,-0.47132566023798406,0.05972109399315295
756,756,1.1381362621513316,2.6329090278680174,4,OJ,-0.3929354295944448,0.07839023064353928
757,757,1.5241402459516806,0.7226392629107623,5,OJ,-0.31973417657186837,0.0732012530225764
758,758,0.7358099856697737,0.44714323116472254,1,OJ,-0.2447859191919935,0.07494825737987487
759,759,0.8945054984469555,-1.5705078677363762,2,OJ,-0.2095279853774421,0.03525793381455139
760,760,0.6208577619173241,-2.937802205343204,3,OJ,-0.22026603168570888,-0.010738046308266774
761,761,0.8432942457395788,-3.2537935057094898,4,OJ,-0.23907857253538156,-0.018812540849672682
762,762,0.6437757687719418,-1.608044116210117,5,OJ,-0.22324927374321513,0.015829298792166435
763,763,-1.5149586431370263,-1.5501190551600432,1,OJ,-0.18795868039048905,0.03529059335272608
764,764,-1.5363120266548458,-2.3174191162101008,2,OJ,-0.17667437459552113,0.01128430579496792
765,765,-1.6965164215192916,-1.7688862254897124,3,OJ,-0.1594092180200698,0.01726515657545133
766,766,-1.574318778419269,-2.141127525856016,4,OJ,-0.15111997210802935,0.008289245912040444
767,767,-1.6964591309108539,-2.6657497786032582,5,OJ,-0.15403586188274204,-0.0029158897747126877
768,768,-2.613091132436136,-2.4749454440489185,1,OJ,-0.13467986042232827,0.019356001460413774
769,769,-2.765261448859339,-3.1264774190184,2,OJ,-0.12135344804113607,0.013326412381192199
770,770,-2.6538687452738294,-3.4501858286643063,3,OJ,-0.11545942047284342,0.005894027568292645
771,771,-2.7676854993508817,-3.424478029519009,4,OJ,-0.09753668665709458,0.01792273381574884
772,772,-2.6595109117720193,-3.2662667963077783,5,OJ,-0.05995365752663856,0.037583029130456025
773,773,-3.4533540883448537,-3.36385722671071,1,OJ,-0.027154681012955956,0.032798976513682604
774,774,-2.717147102418525,-3.2038373854408775,2,OJ,-0.030628269080661522,-0.0034735880677055665
775,775,-3.778435746668359,-4.398142559433545,3,OJ,-0.0536204691871997,-0.022992200106538175
776,776,-2.923648807178808,-3.168905303633784,4,OJ,-0.041794536378178405,0.011825932809021292
777,777,-3.603204102917974,-3.448106310959802,5,OJ,-0.05476998288156612,-0.012975446503387715
778,778,-3.315498843034719,-2.3996611797021594,1,OJ,-0.06610682554598192,-0.0113368426644158
779,779,-3.848627638123246,-2.7099404837314713,2,OJ,-0.11757070620508292,-0.051463880659101
780,780,-3.2456059878491987,-2.0193975197510086,3,OJ,-0.1397068041485335,-0.02213609794345059
781,781,-3.7065523653557406,-3.190007638798633,4,OJ,-0.24724705125164803,-0.10754024710311452
782,782,-3.3098944320943,-2.8435142016801938,5,OJ,-0.3640719098489329,-0.11682485859728486
783,783,-2.673347054528686,-2.157000541729037,1,OJ,-0.47681865055376155,-0.11274674070482865
784,784,-2.634280363644037,-0.6009737560147526,2,OJ,-0.5346887864500003,-0.05787013589623874
785,785,-3.0065993753319913,-0.11110043489144195,3,OJ,-0.5443696492010838,-0.009680862751083485
786,786,-2.765328406825808,-1.4025019153554097,4,OJ,-0.6189051522057042,-0.07453550300462042
787,787,-2.978751173458229,-0.8595589208499212,5,OJ,-0.6583064685228293,-0.03940131631712507
788,788,-0.7905640939955447,-1.038668353084354,1,OJ,-0.7234836787445247,-0.06517721022169543
789,789,-0.8336391605036576,-1.6390270221930214,2,OJ,-0.861923859111543,-0.13844018036701833
790,790,-0.8443522375287078,-1.2270383164543115,3,OJ,-0.9313490552797536,-0.06942519616821063
791,791,-0.847754044560544,-1.0331051662711672,4,OJ,-1.0106360179494367,-0.07928696266968305
792,792,-0.8495171668293527,-1.0032898427058432,5,OJ,-1.0958695468524509,-0.08523352890301417
793,793,-0.9668057968509839,-1.0864571961856844,1,OJ,-1.1296666329090954,-0.033797086056644554
794,794,-0.9869311231203307,-1.0115659416069294,2,OJ,-1.1936432592647659,-0.06397662635567047
795,795,-0.9925917165245386,-0.271356845147829,3,OJ,-1.2223781064301276,-0.028734847165361677
796,796,-0.9950246429409548,0.7667059601024631,4,OJ,-1.233315166211305,-0.010937059781177538
797,797,-0.996702757268611,4.117427113948615,5,OJ,-1.1747532090780248,0.058561957133280274
798,798,4.354769135449051,3.8912366377581438,1,OJ,-1.1134752544346291,0.06127795464339569
799,799,4.182038408274097,3.283782806866818,2,OJ,-1.067595753937849,0.045879500496780246
800,800,4.158215270951046,3.1471222452062557,3,OJ,-1.0177374354181332,0.04985831851971567
801,801,4.157553735127057,4.671328594412611,4,OJ,-0.9309760278850346,0.08676140753309858
802,802,4.1604424452319915,4.205442223838736,5,OJ,-0.873152445802629,0.05782358208240568
803,803,4.835815850976735,4.884582181103703,1,OJ,-0.8497323313038375,0.023420114498791444
804,804,4.487643309406905,5.943499305645829,2,OJ,-0.786618195820584,0.06311413548325351
805,805,4.203594427443391,6.164025480859501,3,OJ,-0.6972994580904488,0.08931873773013521
806,806,4.341387872025888,6.174674900883909,4,OJ,-0.626464140630131,0.07083531746031779
807,807,4.210559522113449,6.012957104791111,5,OJ,-0.520657783792524,0.10580635683760697
808,808,6.297490785026181,6.262018460102491,1,OJ,-0.4043602792137686,0.11629750457875543
809,809,6.1289185186003365,5.654661927745938,2,OJ,-0.2598568833041223,0.14450339590964628
810,810,6.112595739164975,6.07932042896695,3,OJ,-0.07951443061791925,0.18034245268620308
811,811,6.098963557271461,6.411432761079276,4,OJ,0.11379009471785605,0.1933045253357753
812,812,6.105446825186729,6.771021436292949,5,OJ,0.28137140576791736,0.1675813110500613
813,813,5.967306630124096,6.175333096854603,1,OJ,0.4358804488082103,0.15450904304029295
814,814,6.896917819953816,5.80098366156766,2,OJ,0.5982485043637655,0.16236805555555522
815,815,6.70485298923034,5.875373160957167,3,OJ,0.751133692092703,0.15288518772893744
816,816,6.9920681592357505,6.757970077929085,4,OJ,0.9291156441684051,0.1779819520757021
817,817,6.776163591301697,8.233748847770357,5,OJ,1.1471056166958775,0.21798997252747243
818,818,7.848370242921633,8.211624687208687,1,OJ,1.3608370193210293,0.21373140262515178
819,819,7.282741026589953,8.9867444979535,2,OJ,1.6031014576604676,0.24226443833943834
820,820,9.007511438666883,9.383230303814306,3,OJ,1.8597697803100397,0.25666832264957207
821,821,7.811490546125926,7.330378121274622,4,OJ,2.0748669033259124,0.2150971230158727
822,822,8.808788382625753,8.25162354252005,5,OJ,2.305224710102469,0.23035780677655682
823,823,7.9496474891317455,7.837236714070718,1,OJ,2.5292465889180975,0.2240218788156283
824,824,8.865920411540053,6.758205502227006,2,OJ,2.728487446671455,0.19924085775335731
825,825,8.86765982717102,7.4596821505786455,3,OJ,2.965643940871699,0.23715649420024398
826,826,8.842117656742175,8.57660255656156,4,OJ,3.2005540980756058,0.23491015720390696
827,827,8.817419082115865,8.068782425303928,5,OJ,3.4308918728008804,0.2303377747252746
828,828,8.0700539738972,8.581959699418706,1,OJ,3.6505242903832977,0.21963241758241736
829,829,8.369465761000573,7.458562263521267,2,OJ,3.8538943453283525,0.20337005494505478
830,830,8.372486576885803,8.92445817316717,3,OJ,4.072771459186717,0.21887711385836406
831,831,8.367340588682444,8.364167422251423,4,OJ,4.303854960407717,0.23108350122100063
832,832,8.36233084068939,8.8820093025933,5,OJ,4.5383654304931875,0.23451047008547032
833,833,8.900720679655365,8.845802800761811,1,OJ,4.758421497343004,0.22005606684981682
834,834,9.273002328106013,9.140312110896119,2,OJ,4.953247214681221,0.19482571733821707
835,835,8.993642672420295,7.8316697116287255,3,OJ,5.112102617611625,0.15885540293040368
836,836,9.180721518771941,7.185325084034084,4,OJ,5.283859157599414,0.17175653998778895
837,837,9.059486411639423,7.682083707355224,5,OJ,5.454692010163518,0.17083285256410363
838,838,7.681214633643139,6.786746405767906,1,OJ,5.611200305340563,0.15650829517704512
839,839,8.062027241609774,7.903544711628727,2,OJ,5.8020517400169975,0.19085143467643473
840,840,7.73931130306244,6.855805471701989,3,OJ,5.963708615780124,0.1616568757631267
841,841,7.934390856915276,7.5301720773185945,4,OJ,6.134974160651919,0.1712655448717948
842,842,7.8518453178324705,7.085912690871715,5,OJ,6.2967582113234695,0.16178405067155044
843,843,8.330537322353383,5.673517620664134,1,OJ,6.431957707660466,0.13519949633699646
844,844,7.749182464660343,1.8907585394675541,2,OJ,6.490004197281957,0.05804648962149095
845,845,7.694442254129713,1.8901346841561946,3,OJ,6.533234027868036,0.04322983058607921
846,846,7.668034085417242,1.6750343331183446,4,OJ,6.551400595328354,0.01816656746031775
847,847,7.644615238697721,4.725312874021894,5,OJ,6.563558310529819,0.012157715201465358
848,848,5.1663323158956285,4.433167345938856,1,OJ,6.574396924693434,0.010838614163614757
849,849,5.00639751632626,3.497018078539592,2,OJ,6.57866163012689,0.0042647054334556955
850,850,5.024316001960989,3.771819665841173,3,OJ,6.5911555785395874,0.012493948412697797
851,851,5.008367028920688,2.5305822574162757,4,OJ,6.548340651799662,-0.042814926739925596
852,852,4.999849617143049,2.4739487867202943,5,OJ,6.5137107830572925,-0.034629868742369396
853,853,2.6323617163522037,3.776220993680008,1,OJ,6.491543559308818,-0.022167223748474463
854,854,2.6475572976229773,3.2050976725566755,2,OJ,6.436775526647035,-0.05476803266178276
855,855,2.636927997217319,3.034964507111002,3,OJ,6.374194307172065,-0.06258121947497042
856,856,2.6318071392099593,2.8551644460609444,4,OJ,6.307804098075605,-0.06639020909645943
857,857,2.626041583694575,2.819610416756905,5,OJ,6.2439371643149215,-0.06386693376068386
858,858,3.257383598113388,3.2967548001512945,1,OJ,6.184631891115898,-0.05930527319902357
859,859,3.0352173243367617,2.874950389284383,2,OJ,6.1290376603466665,-0.05559423076923142
860,860,3.0641530180866243,1.9399877824467642,3,OJ,6.046251007416264,-0.08278665293040266
861,861,3.046857248956719,1.169978624937614,4,OJ,5.9414219246934294,-0.10482908272283442
862,862,3.0391297185132258,1.4367254198094166,5,OJ,5.8347360043637595,-0.10668592032966995
863,863,1.5089320665469257,2.5513182922147815,1,OJ,5.7622557082709625,-0.07248029609279705
864,864,1.541396136038537,3.3061927580267505,2,OJ,5.712359890200145,-0.049895818070817555
865,865,1.5302041997951061,4.0966155296995215,3,OJ,5.676784737574991,-0.03557515262515398
866,866,1.5283363109154355,3.7219150565615564,4,OJ,5.616063637147642,-0.06072110042734913
867,867,1.5247949686778866,3.885309821518825,5,OJ,5.52909485662261,-0.08696878052503187
868,868,4.1176739067718,2.961366750700749,1,OJ,5.424089697892453,-0.10500515873015726
869,869,4.1000949606630845,3.343177648136644,2,OJ,5.311218360896115,-0.11287133699633767
870,870,4.095294014111331,3.7237236646201675,3,OJ,5.198028228112232,-0.1131901327838829
871,871,4.088334165583616,3.8460870651085615,4,OJ,5.128342406988911,-0.06968582112332111
872,872,4.082289049522164,4.0409626756091805,5,OJ,5.044129189650693,-0.08421321733821774
873,873,4.495293864536347,3.77266291980943,1,OJ,4.962837713765468,-0.08129147588522567
874,874,4.356398900248022,4.31653501993153,2,OJ,4.914004304119558,-0.04883340964590932
875,875,4.3686086396220265,1.0030067079657203,3,OJ,4.7848707952673,-0.1291335088522585
876,876,4.350345021225661,0.9641884082099181,4,OJ,4.632622512300267,-0.15224828296703308
877,877,4.339402243089407,0.7135454747544935,5,OJ,4.485517773289279,-0.14710473901098808
878,878,0.9672024631343962,1.0212148886739003,1,OJ,4.334302877074382,-0.15121489621489648
879,879,0.7790636890349432,0.9249790065005163,2,OJ,4.203631211933968,-0.13067166514041428
880,880,0.8170557625061503,-0.18771559056907794,3,OJ,4.021387736659242,-0.18224347527472595
881,881,0.8027509154763737,-0.051995581411577674,4,OJ,3.853064476585982,-0.16832326007325982
882,882,0.8017914435266487,-1.1716193604103555,5,OJ,3.651991903325909,-0.2010725732600731
883,883,-1.1126317559973455,-1.0302674831209768,1,OJ,3.4544704976482534,-0.19752140567765553
884,884,-1.195105042587614,0.03154951932102967,2,OJ,3.2722952458167516,-0.18217525183150185
885,885,-1.1940321736138761,2.2935859204199227,3,OJ,3.1615335699925753,-0.11076167582417629
886,886,-1.1945116422512674,-0.4526862102271988,4,OJ,3.00877334410735,-0.15276022588522542
887,887,-1.1949354811244421,-0.20913920168019406,5,OJ,2.850948885926641,-0.15782445818070867
888,888,-0.2138911565926039,-0.7275850960635852,1,OJ,2.7006622558900117,-0.15028663003662945
889,889,-0.21172261416652613,-0.5938320435605305,2,OJ,2.5307147207862264,-0.16994753510378535
890,890,-0.21198965921919705,-0.3246661400196311,3,OJ,2.387105288551794,-0.14360943223443234
891,891,-0.21214434544454974,-1.3641464513749435,4,OJ,2.209218917977923,-0.17788637057387113
892,892,-0.2122939050708941,-0.7041075319610243,5,OJ,2.053418513521269,-0.1558004044566541
893,893,-0.7545867139064437,-0.9988896595556426,1,OJ,1.919970367916873,-0.13344814560439588
894,894,-0.7243410773353491,-2.871798694964689,2,OJ,1.8247192232282279,-0.09525114468864504
895,895,-0.7247895783081642,-2.9911420252455136,3,OJ,1.7270936890401938,-0.0976255341880341
896,896,-0.7246345367854325,-3.283579448932932,4,OJ,1.6279214133991684,-0.09917227564102538
897,897,-0.7245006118429969,-3.6063587529622456,5,OJ,1.4612879808594856,-0.16663343253968277
898,898,-4.6323508715066035,-2.7661954440489347,1,OJ,1.31730072505973,-0.1439872557997557
899,899,-4.145730410241524,-2.9076923152333065,2,OJ,1.1892065171842718,-0.1280942078754581
900,900,-4.17006680559462,-4.022170718774219,3,OJ,1.033326709491964,-0.1558798076923078
901,901,-4.134464817539554,-4.964186515477515,4,OJ,0.8834313340340881,-0.1498953754578759
902,902,-4.108528758757059,-5.0737522969182915,5,OJ,0.7324773123613164,-0.15095402167277172
903,903,-5.753521939098443,-6.39217224502575,1,OJ,0.5291094475872012,-0.20336786477411517
904,904,-5.698252132985628,-6.639663469079472,2,OJ,0.3322142247544783,-0.19689522283272293
905,905,-5.670828836849982,-6.81212226028825,3,OJ,0.13527248940649328,-0.19694173534798504
906,906,-5.641928882029099,-7.142580517309025,4,OJ,-0.0646824098609061,-0.1999548992673994
907,907,-5.615189922782088,-6.263711469689982,5,OJ,-0.24634884758984385,-0.18166643772893776
908,908,-5.683155061026904,-5.986000465416477,1,OJ,-0.4320039529011993,-0.18565510531135546
909,909,-7.408129897743433,-5.125780303633816,2,OJ,-0.5920185667595632,-0.1600146138583639
910,910,-6.951875962404415,-4.567359210837719,3,OJ,-0.7221655066252529,-0.1301469398656897
911,911,-6.967046904862186,-4.32068643916495,4,OJ,-0.831978807907304,-0.10981330128205113
912,912,-6.898937947842313,-4.776104632083137,5,OJ,-0.9562354089451552,-0.12425660103785119
913,913,-3.858111696905937,-4.392765575306586,1,OJ,-1.0951170862955826,-0.13888167735042733
914,914,-5.366457830323119,-4.522462614378622,2,OJ,-1.25169019374369,-0.15657310744810737
915,915,-4.765446915152436,-4.174198725489728,3,OJ,-1.4171064788474752,-0.16541628510378525
916,916,-4.666249201083407,-4.624627983731481,4,OJ,-1.5840373396533358,-0.16693086080586061
917,917,-5.074899143489804,-4.471203456869462,5,OJ,-1.7511676052211016,-0.16713026556776578
918,918,-4.5329236557793156,-3.2965468634628636,1,OJ,-1.8763258775043739,-0.12515827228327225
919,919,-4.548860094033767,-3.5820303036337977,2,OJ,-2.0148300365397827,-0.1385041590354088
920,920,-4.529681179043088,-4.453663011204007,3,OJ,-2.178377770056266,-0.16354773351648344
921,921,-4.54382507762343,-5.484426518530029,4,OJ,-2.364988041729038,-0.18661027167277178
922,922,-4.536747679593455,-5.415684149787643,5,OJ,-2.5541209782369743,-0.1891329365079364
923,923,-5.159431645689164,-5.93281087654673,1,OJ,-2.748230454164098,-0.19410947592712358
924,924,-6.024572352027018,-6.286792747072713,2,OJ,-2.960297009504182,-0.21206655534008423
925,925,-4.955225799014126,-6.301840988591543,3,OJ,-3.1063939634353277,-0.14609695393114563
926,926,-5.765664181313376,-5.927673543835855,4,OJ,-3.244231202476243,-0.13783723904091527
927,927,-5.314287036577676,-5.102891408759601,5,OJ,-3.3605599401465254,-0.1163287376702824
928,928,-5.599568489808205,-2.516245361451789,1,OJ,-3.431309145149039,-0.0707492050025138
929,929,-5.554853979825712,-3.4805933228585753,2,OJ,-3.519420591736221,-0.08811144658718195
930,930,-5.550509129557434,-3.0455462484732663,3,OJ,-3.5765772048943045,-0.0571566131580834
931,931,-5.536215816252428,-3.513134950620789,4,OJ,-3.645799992278489,-0.06922278738418441
932,932,-5.524968271102813,-3.647207468516838,5,OJ,-3.695311754440618,-0.04951176216212927
933,933,-3.9958042055560097,-4.630908448908993,1,OJ,-3.7673245737563787,-0.07201281931576053
934,934,-3.5284494492647696,-4.195777729954742,2,OJ,-3.8518711187418946,-0.08454654498551584
935,935,-3.6585423520655778,-3.0675817293322742,3,OJ,-3.9590944717369383,-0.10722335299504371
936,936,-3.72442670949678,-4.096917630359359,4,OJ,-4.031979100139582,-0.07288462840264343
937,937,-3.579993179586431,-3.685610051772369,5,OJ,-4.101508517141425,-0.06952941700184301
938,938,-3.9191987489353375,-3.9955073440226094,1,OJ,-4.166866962100605,-0.06535844495918042
939,939,-3.9083010232780504,-3.732791424321397,2,OJ,-4.229646149715823,-0.0627791876152175
940,940,-3.4436903540596533,-4.050224508666245,3,OJ,-4.304157317088755,-0.07451116737293262
941,941,-3.960294025675076,-3.465395299204681,4,OJ,-4.34618229404535,-0.04202497695659435
942,942,-3.596907688418824,-4.005636117754312,5,OJ,-4.412212865761216,-0.06603057171586624
943,943,-4.399809525435161,-4.8841919845454775,1,OJ,-4.489918912261012,-0.07770604649979607
944,944,-4.002610959267121,-4.85876053418756,2,OJ,-4.52965814904547,-0.03973923678445779
945,945,-4.131208052421999,-4.313213537611147,3,OJ,-4.556099579292782,-0.026441430247312603
946,946,-4.082325654649986,-3.9812788192793716,4,OJ,-4.570053566699711,-0.013953987406928547
947,947,-4.0952678060430605,-4.1800611099734315,5,OJ,-4.581527613839935,-0.01147404714022393
948,948,-3.9603700134112185,-3.4133244152955493,1,OJ,-4.5944701932648675,-0.01294257942493271
949,949,-4.431137569120556,-2.828502986724122,2,OJ,-4.592886406694683,0.001583786570184209
950,950,-4.233139412918612,-2.9815608765467125,3,OJ,-4.572074209850133,0.020812196844550712
951,951,-4.308415672834303,-2.449542513646001,4,OJ,-4.5217813298135034,0.05029288003662913
952,952,-4.275248092117667,-2.7794814336584546,5,OJ,-4.475895912548306,0.04588541726519768
953,953,-2.7730894567574,-2.821766681090751,1,OJ,-4.404487801269607,0.07140811127869906
954,954,-2.7641279844317808,-3.080500730265973,2,OJ,-4.333304546493337,0.07118325477626986
955,955,-2.8483479834419962,-3.3609026132413877,3,OJ,-4.264280153552399,0.0690243929409382
956,956,-2.7617979712307976,-2.786836320057458,4,OJ,-4.177165269607368,0.08711488394503064
957,957,-2.8170933457438188,-2.948601025939811,5,OJ,-4.110863060732365,0.06630220887500293
958,958,-2.752439729618807,-2.8888048852613086,1,OJ,-4.048919149129261,0.06194391160310442
959,959,-3.179186332364027,-3.479407515202172,2,OJ,-4.015991693360628,0.03292745576863254
960,960,-2.80873419791301,-3.3800513838607547,3,OJ,-3.992245536821089,0.023746156539539154
961,961,-3.009336838225062,-2.6588212251306,4,OJ,-3.959008232540402,0.03323730428068705
962,962,-2.9478599082493053,-1.6775070327869896,5,OJ,-3.897036280554479,0.06197195198592276
963,963,-1.419857991880844,0.7160795685202006,1,OJ,-3.794859377677943,0.10217690287653625
964,964,-1.9064242689389739,-1.310243182802551,2,OJ,-3.7306149890464217,0.06424438863152115
965,965,-1.5799325300043303,-0.8112955481931556,3,OJ,-3.66335692550049,0.06725806354593189
966,966,-1.6991939487480439,-0.8595312313553168,4,OJ,-3.588054990452967,0.07530193504752303
967,967,-1.7085761413833889,-0.24515992727812452,5,OJ,-3.50353411986114,0.084520870591827
968,968,-0.2568847746531666,-0.8577922024103899,1,OJ,-3.4547590266400903,0.04877509322104956
969,969,-0.24454753499602472,-1.068685448597761,2,OJ,-3.4044921295393697,0.05026689710072052
970,970,-0.24464405166891579,-2.4551661519902233,3,OJ,-3.364522192355094,0.03996993718427566
971,971,-0.24969341380976937,-1.4296234349033898,4,OJ,-3.283426130682561,0.08109606167253292
972,972,-0.24432298155037818,-0.7616729213646414,5,OJ,-3.1903459061141013,0.09308022456845988
973,973,-0.8200926685965473,-1.0125988472905614,1,OJ,-3.091941665528978,0.09840424058512331
974,974,-0.7559454864232122,-1.0524817448940509,2,OJ,-2.987255445485405,0.1046862200435732
975,975,-0.7643051217169184,-1.1229727190615049,3,OJ,-2.8836780800948043,0.10357736539060047
976,976,-0.7807875952435174,-0.35557464872224676,4,OJ,-2.772236102192532,0.11144197790227217
977,977,-0.7613057116366169,-1.7312904906145594,5,OJ,-2.704804083829631,0.06743201836290114
978,978,-1.9754173369394605,-2.4057574996403948,1,OJ,-2.702594326593403,0.0022097572362280715
979,979,-1.5972436922576947,-1.8033220810285087,2,OJ,-2.6690489017568018,0.03354542483660117
980,980,-1.7251277695078426,-1.5955373004496076,3,OJ,-2.6400487227963283,0.029000178960473466
981,981,-1.6822627995602644,-1.061270260300219,4,OJ,-2.5910114289899173,0.049037293806410975
982,982,-1.700399672491006,-1.094556908292744,5,OJ,-2.539958417785435,0.051053011204482246
983,983,-0.7151487936602829,-0.9001182995159045,1,OJ,-2.4653426147975734,0.07461580298786163
984,984,-2.105181934994963,0.058621585326925185,2,OJ,-2.3802546284919406,0.08508798630563286
985,985,-0.6584157626006317,1.935673795099723,3,OJ,-2.2801895180033003,0.10006511048864031
986,986,-1.3947877808282203,1.8388425626067186,4,OJ,-2.161474314143979,0.11871520385932133
987,987,-1.0448802679597893,0.7130022264722635,5,OJ,-2.073502068579086,0.08797224556489303
988,988,0.7914437361331734,2.6661184729708634,1,OJ,-1.9402695522392164,0.13323251633986954
989,989,0.7608167130214901,1.4623719743714116,2,OJ,-1.8363662842653605,0.10390326797385585
990,990,0.7634953698071598,0.8359461262543889,3,OJ,-1.738642871566948,0.09772341269841256
991,991,0.7577687646156962,2.3681804088563245,4,OJ,-1.6219713574057275,0.11667151416122046
992,992,0.7546850145613855,0.3494595871943236,5,OJ,-1.534869443306755,0.08710191409897261
993,993,0.7776198598526294,0.5515604275304676,1,OJ,-1.4261543950652362,0.10871504824151867
994,994,0.33357524114124887,-0.010383238824971094,2,OJ,-1.3291868491579846,0.09696754590725165
995,995,0.41562818102931764,0.6961352018846612,3,OJ,-1.2289998743680681,0.10018697478991645
996,996,0.3865139984030636,0.7449836301448447,4,OJ,-1.1344746253795839,0.09452524898848425
997,997,0.38991660110012305,0.9424490051837607,5,OJ,-1.03202442307644,0.10245020230314394
998,998,0.7383716888889265,1.0113565682089698,1,OJ,-0.9435308034063494,0.0884936196700905
999,999,1.2539678248442598,0.7514125906179308,2,OJ,-0.8719324918595085,0.07159831154684093
1000,1000,0.8620010968828568,1.004501604001062,3,OJ,-0.792211242248553,0.0797212496109555
1001,1001,0.8780774544103905,1.0757998455198927,4,OJ,-0.7217043950652351,0.0705068471833179
1002,1002,1.0611396183376411,3.1396031446173183,5,OJ,-0.6033227034997196,0.11838169156551548
1003,1003,3.1286210513909984,1.667861392360844,1,OJ,-0.5135301420306877,0.08979256146903192
1004,1004,3.3254884781072276,1.5975766117819459,2,OJ,-0.41996859518972934,0.09356154684095835
1005,1005,3.055445513954523,1.2482788371165345,3,OJ,-0.3277849661825709,0.09218362900715843
1006,1006,3.147343796399398,1.8195187219593614,4,OJ,-0.2356578653422345,0.0921271008403364
1007,1007,3.2421737329905516,1.1751520864162452,5,OJ,-0.1531828030951134,0.08247506224712112
1008,1008,1.1312185450161498,1.1520360119950301,1,OJ,-0.07236598514998661,0.08081681794512678
1009,1009,1.2691933870082623,2.0760916438631742,2,OJ,0.03874399803132031,0.11110998318130692
1010,1010,1.1439868091126029,1.9342265644980818,3,OJ,0.14502955699849704,0.10628555896717673
1011,1011,1.1332098473547778,0.8597302275017409,4,OJ,0.21540058605114384,0.0703710290526468
1012,1012,1.2370476961740058,0.8354914454504647,5,OJ,0.26566055561589297,0.050259969564749124
1013,1013,0.9397607277856108,3.1022382403222495,1,OJ,0.3133837290519339,0.04772317343604093
1014,1014,0.7275783765299639,3.4783447726787884,2,OJ,0.40915548816156067,0.09577175910962676
1015,1015,0.8420455649801158,2.7664285638875823,3,OJ,0.4807099704031755,0.07155448224161481
1016,1016,0.9277726335652924,2.182164217123233,4,OJ,0.5415438793727465,0.06083390896957103
1017,1017,0.7640938567512245,2.5099629808594948,5,OJ,0.5966463375354989,0.05510245816275239
1018,1018,2.2558989248474535,2.3137137439852586,1,OJ,0.6600764564634118,0.06343011892791295
1019,1019,2.7779269418483707,2.214686729333243,2,OJ,0.7257439000220319,0.06566744355862009
1020,1020,2.536030387207898,1.6217609051574033,3,OJ,0.8072824411649845,0.08153854114295256
1021,1021,2.2969902919558063,2.4817368666958615,4,OJ,0.8855096471969693,0.07822720603198485
1022,1022,2.6693041056780213,1.769238774510281,5,OJ,0.9361278811144679,0.050618233917498534
1023,1023,1.4428032778921727,1.0546687958777943,1,OJ,0.977473233977835,0.04134535286336716
1024,1024,1.7418331485042673,0.3768681243271286,2,OJ,1.0060602313622586,0.028586997384423607
1025,1025,1.6553316309464634,0.14574594789244721,3,OJ,1.0314346047013376,0.025374373339078993
1026,1026,1.6878367574149726,0.31667848757498995,4,OJ,1.0448796674272822,0.01344506272594459
1027,1027,1.6851402125326942,0.27802807548707875,5,OJ,1.0850660387493152,0.040186371322032954
1028,1028,0.27420895842390397,0.8133169185884213,1,OJ,1.1494475271138915,0.06438148836457636
1029,1029,0.261004731384128,-0.06528885064235457,2,OJ,1.1842081917216145,0.03476066460772298
1030,1030,0.2987398879657169,0.8783943758533872,3,OJ,1.2336868252476745,0.04947863352605997
1031,1031,0.27872067269737805,0.7628571353161329,4,OJ,1.2701693731600014,0.03648254791232697
1032,1032,0.266471441125383,0.6946699405664432,5,OJ,1.305953910137185,0.035784536977183645
1033,1033,0.6502403659623794,0.7187026786616784,1,OJ,1.338330329700737,0.03237641956355186
1034,1034,0.6870172973988483,0.8658905602245635,2,OJ,1.3544757091986894,0.016145379497952472
1035,1035,0.7428833439562349,3.0041899344614325,3,OJ,1.3758460319859238,0.021370322787234386
1036,1036,0.6712002420785853,2.4125976725566787,4,OJ,1.387321134184923,0.011475102198999165
1037,1037,0.6860081869736906,2.7555463905053927,5,OJ,1.4281720174655856,0.040850883280662664
1038,1038,4.417814022964646,4.116129037025543,1,OJ,1.4571722287466793,0.029000211281093646
1039,1039,3.6184074764203085,3.809072031531037,2,OJ,1.5041062298898717,0.04693400114319246
1040,1040,1.6876047592785686,2.827581646915654,3,OJ,1.543938940303097,0.039832710413225225
1041,1041,3.545734033579773,1.9756356762196796,4,OJ,1.5360880456503638,-0.007850894652733142
1042,1042,3.028203517418307,2.4908981914822026,5,OJ,1.5789168177361217,0.04282877208575786
1043,1043,2.1777491378272567,3.0415773734113882,1,OJ,1.6287171566537397,0.04980033891761804
1044,1044,2.5919187329336,0.1847855541195822,2,OJ,1.632620532512631,0.0039033758588913336
1045,1045,2.649873022573144,-1.6300286247570956,3,OJ,1.5860972559797961,-0.046523276532834945
1046,1046,2.358937476584516,-1.4912484812894506,4,OJ,1.54137261375111,-0.04472464222868622
1047,1047,2.553414025147361,-1.0426068451478239,5,OJ,1.5016714967444784,-0.03970111700663148
1048,1048,-1.0402534965341044,-1.3444249922784837,1,OJ,1.4545558655347293,-0.047115631209749154
1049,1049,-1.1592714558840302,-0.38070780668628834,2,OJ,1.431913457588645,-0.022642407946084298
1050,1050,-0.9811104824892666,-0.09469590192437893,3,OJ,1.4099295074701361,-0.021983950118508844
1051,1051,-1.052051266596791,-0.490344177260162,4,OJ,1.378606627014535,-0.031322880455601165
1052,1052,-1.093998114643201,-0.8141079135238971,5,OJ,1.2995324058517108,-0.07907422116282414
1053,1053,-0.8514691162964115,-0.4218460087619851,1,OJ,1.2577382578292542,-0.04179414802245662
1054,1054,-0.7964991720913552,-0.25846650631999224,2,OJ,1.2206173954672155,-0.03712086236203871
1055,1055,-0.8309645880729108,2.8517250382465487,3,OJ,1.2526863194898157,0.0320689240226002
1056,1056,-0.8339284021443852,4.387824702471206,4,OJ,1.3040524391000525,0.05136611961023685
1057,1057,-0.8123355010963856,4.086922306256313,5,OJ,1.362287843496854,0.058235404396801416
1058,1058,4.407885473686534,4.272174900883906,1,OJ,1.4246906212746315,0.062402777777777585
1059,1059,3.9864108050870337,4.47821504129905,2,OJ,1.472733089223349,0.04804246794871747
1060,1060,4.127069098726831,4.791165285499298,3,OJ,1.5298718636433732,0.05713877442002424
1061,1061,4.24494656775325,4.800277007111017,4,OJ,1.6086827992355588,0.07881093559218555
1062,1062,4.072725170998199,5.0899156670621775,5,OJ,1.6937712836677932,0.08508848443223438
1063,1063,4.800512938107883,4.385718475364989,1,OJ,1.7194408883686478,0.025669604700854665
1064,1064,5.12481958155606,4.110188102959605,2,OJ,1.7320777549742643,0.01263686660561647
1065,1065,5.418329117044967,4.125114842886349,3,OJ,1.7592514805542396,0.027173725579975327
1066,1066,4.997656315764566,4.608602709186716,4,OJ,1.8077802503955092,0.048528769841269526
1067,1067,5.165274601107596,4.793111256195253,5,OJ,1.8534432159022243,0.045662965506715114
1068,1068,4.823137701197269,6.185430395389408,1,OJ,1.9308775489303074,0.07743433302808311
1069,1069,5.148634060378529,5.9139671017386,2,OJ,2.0048631563784145,0.07398560744810712
1070,1070,4.679265574479834,6.501823099907103,3,OJ,2.1024644002734085,0.09760124389499403
1071,1071,4.884501295218936,6.867835767794756,4,OJ,2.1901863782953863,0.08772197802197779
1072,1072,4.951824569441297,6.115908875242871,5,OJ,2.2771197803100383,0.08693340201465194
1073,1073,5.563613271210923,6.713651930798436,1,OJ,2.390299443008451,0.11317966269841273
1074,1074,6.032570241343267,6.884103701250204,2,OJ,2.5204441545469125,0.13014471153846152
1075,1075,5.917777167936699,6.567435126769118,3,OJ,2.6488779381244463,0.12843378357753377
1076,1076,5.960868947434518,6.782550740322249,4,OJ,2.7781953831793915,0.12931744505494525
1077,1077,5.961728731485557,6.730257547404053,5,OJ,2.907239972617731,0.1290445894383394
1078,1078,6.623399097623118,6.5963843025933,1,OJ,3.022901320297828,0.11566134768009695
1079,1079,6.912822873621833,5.535191155462668,2,OJ,3.134910920419929,0.11200960012210093
1080,1080,6.810600185141276,5.443011286720294,3,OJ,3.226203258637267,0.09129233821733829
1081,1081,6.74615539688102,5.914058295267311,4,OJ,3.3292272818362902,0.10302402319902315
1082,1082,6.846936139885047,5.9754899191989255,5,OJ,3.43484368140894,0.10561639957264957
1083,1083,5.875495072522698,5.159048374632394,1,OJ,3.523650595328354,0.08880691391941431
1084,1084,5.872831939278083,5.519152159736169,2,OJ,3.616715827318586,0.09306523199023209
1085,1085,6.262663602031345,4.376497245206261,3,OJ,3.6441619735334827,0.027446146214896494
1086,1086,5.956303722637796,4.363863698197712,4,OJ,3.6831872940463035,0.039025320512820816
1087,1087,6.000925164734659,4.149764949723965,5,OJ,3.7110716652306746,0.027884371184371037
1088,1088,4.336392851642624,3.3513369887960076,1,OJ,3.6957758242660845,-0.015295840964590024
1089,1089,4.191110411054097,1.9071233898949118,2,OJ,3.657736851433362,-0.03803897283272262
1090,1090,4.120421858073695,1.2749805327520525,3,OJ,3.62668482915009,-0.031052022283271974
1091,1091,4.24731747693184,1.4042788386128544,4,OJ,3.6152576923979534,-0.01142713675213658
1092,1092,4.183495202492581,0.9243967415432521,5,OJ,3.5839276633991743,-0.031330028998779014
1093,1093,0.9258610253025088,0.41622366462018157,1,OJ,3.5314205892233503,-0.05250707417582401
1094,1094,1.1092264148789874,0.33535713531615063,2,OJ,3.534432020847282,0.003011431623931582
1095,1095,0.8195422112703685,-0.3196966650501538,3,OJ,3.56063866004142,0.026206639194138237
1096,1096,0.951714645925177,-0.8995787621197603,4,OJ,3.5724720544248147,0.011833394383394591
1097,1097,0.9818148442264216,-0.7495081729866654,5,OJ,3.578334027868037,0.005861973443222368
1098,1098,-0.6273198673746511,1.290153380737391,1,OJ,3.631025595328355,0.05269156746031767
1099,1099,-0.8864886109655383,1.7988644613234663,2,OJ,3.67461704068855,0.0435914453601951
1100,1100,-0.7400119271233025,2.0167387745102814,3,OJ,3.7168457342172427,0.04222869352869285
1101,1101,-0.7208515607818282,1.7412045864760892,4,OJ,3.7614767094919683,0.04463097527472559
1102,1102,-0.8044549888642955,1.622950618222122,5,OJ,3.810217880126889,0.04874117063492056
1103,1103,1.0503434501006947,0.33022511455911796,1,OJ,3.825259302593311,0.015041422466421928
1104,1104,2.4203168335543244,-0.3860313720098584,2,OJ,3.8227080052795133,-0.0025512973137975514
1105,1105,1.5702383842905863,-0.19596154600253424,3,OJ,3.7617542735945317,-0.06095373168498153
1106,1106,1.4311772420803848,0.6680341804931944,4,OJ,3.687358463154971,-0.07439581043956078
1107,1107,1.9442704893878484,-1.3728331119365902,5,OJ,3.5781633547911134,-0.1091951083638576
1108,1108,-1.3183319220165555,-2.27545063330412,1,OJ,3.4472108441073535,-0.1309525106837599
1109,1109,-1.3846734770891527,-3.8381872022906944,2,OJ,3.2808827992355583,-0.1663280448717952
1110,1110,-1.471503445860216,-3.642392025245517,3,OJ,3.1122116530206614,-0.16867114621489687
1111,1111,-1.3646885206341042,-2.5881051662711587,4,OJ,2.964444009553018,-0.1477676434676436
1112,1112,-1.4049894257515558,-3.688444757235757,5,OJ,2.7888768010670595,-0.1755672084859583
1113,1113,-4.646921930310098,-3.8724420099830033,1,OJ,2.623713591360099,-0.1651632097069604
1114,1114,-3.4439478211777246,-5.915119818285806,2,OJ,2.4232074329351914,-0.2005061584249077
1115,1115,-3.6372156317041378,-4.956181707785205,3,OJ,2.24158150192176,-0.18162593101343116
1116,1116,-4.082960414996512,-4.915394543560549,4,OJ,2.051101556866815,-0.19047994505494525
1117,1117,-3.609924384739965,-4.694912248078259,5,OJ,1.861341086781345,-0.18976047008547003
1118,1118,-6.491189882553195,-4.289850816454312,1,OJ,1.6518354625444704,-0.20950562423687447
1119,1119,-4.520178026670746,-2.4483806546716584,2,OJ,1.4845885074162652,-0.1672469551282052
1120,1120,-4.294273997198906,-2.7984149953309996,3,OJ,1.2985837455115032,-0.186004761904762
1121,1121,-5.443956983576203,-3.289322351863342,4,OJ,1.0954405831183411,-0.2031431623931621
1122,1122,-4.600967705457455,-2.9768318909353786,5,OJ,0.9135857677947762,-0.18185481532356496
1123,1123,-3.502850542424097,-3.2718296015580974,1,OJ,0.7138761371476455,-0.19970963064713065
1124,1124,-3.0482945644069632,-2.6405452608987536,2,OJ,0.5233831579046664,-0.19049297924297914
1125,1125,-2.835020460702402,-2.2728331119366034,3,OJ,0.34657779313055204,-0.17680536477411435
1126,1126,-3.248297060622996,-3.3944372022906943,4,OJ,0.14303803427829312,-0.20353975885225892
1127,1127,-3.014548489453764,-3.874136149177144,5,OJ,-0.06904983965333082,-0.21208787393162393
1128,1128,-3.842667023032159,-4.674859210837698,1,OJ,-0.2944747099219508,-0.22542487026861996
1129,1129,-3.9631378991141633,-4.188101350642352,2,OJ,-0.48894056004405123,-0.19446585012210044
1130,1130,-4.091291674478866,-4.852158127199135,3,OJ,-0.6948439483224398,-0.20590338827838855
1131,1131,-3.913605558742364,-5.029445596674099,4,OJ,-0.913714026161268,-0.21887007783882817
1132,1132,-3.9894339733577424,-5.576564796918292,5,OJ,-1.1447551204836124,-0.23104109432234443
1133,1133,-5.808426325523931,-6.123384470300468,1,OJ,-1.3704037773822693,-0.22564865689865687
1134,1134,-5.643758926964578,-5.576639201680189,2,OJ,-1.5923196046105965,-0.22191582722832726
1135,1135,-5.685638609739291,-4.712172245025731,3,OJ,-1.7740929944152364,-0.18177338980463986
1136,1136,-5.669324206727608,-3.669799687028177,4,OJ,-1.9347662621197546,-0.16067326770451817
1137,1137,-5.671614096894495,-3.327207730373728,5,OJ,-2.084305715721708,-0.14953945360195364
1138,1138,-4.261425600256855,-3.8401465276875153,1,OJ,-2.228135386051379,-0.14382967032967064
1139,1139,-3.295363118620616,-3.3046352334262172,2,OJ,-2.332370558517801,-0.10423517246642211
1140,1140,-3.0795471652060593,-3.6258589055873784,3,OJ,-2.4303873472845896,-0.09801678876678865
1141,1141,-3.8150475201156944,-3.8466693451478293,4,OJ,-2.5354063109598033,-0.10501896367521368
1142,1142,-3.3451164444915173,-3.78375344160692,5,OJ,-2.629569314622807,-0.09416300366300367
1143,1143,-3.245198550740178,-3.2306742291527053,1,OJ,-2.7025072724982646,-0.07293795787545765
1144,1144,-4.672176911332885,-2.8294646748181647,2,OJ,-2.7658037087009513,-0.06329643620268666
1145,1145,-3.7211544457049075,-2.5818856913016845,3,OJ,-2.811047489225982,-0.04524378052503053
1146,1146,-3.5932820283758735,-2.6640209171869107,4,OJ,-2.8463363323273243,-0.035288843101342504
1147,1147,-4.2476190490702574,-3.944276945880437,5,OJ,-2.9102317077851994,-0.06389537545787505
1148,1148,-3.8538497257373283,-3.2965357981393018,1,OJ,-3.0019654913627334,-0.09173378357753403
1149,1149,-3.700596712017428,-3.582509546613041,2,OJ,-3.1095929715214647,-0.10762748015873136
1150,1150,-4.615408790164059,-3.310699412302919,3,OJ,-3.216141735257728,-0.10654876373626321
1151,1151,-3.9298776920256135,-3.5234264422174575,4,OJ,-3.321434355831599,-0.1052926205738709
1152,1152,-3.9406154219631384,-3.3582421473456483,5,OJ,-3.4210582111429546,-0.09962385531135576
1153,1153,-3.9438812392480744,-4.216329372620379,1,OJ,-3.5119893008865444,-0.09093108974358977
1154,1154,-3.317349350973951,-5.289982455648447,2,OJ,-3.610068322559316,-0.09807902167277183
1155,1155,-3.4276416329110204,-4.975862721216219,3,OJ,-3.70566634606359,-0.09559802350427393
1156,1156,-3.6819464259018773,-5.491707119873118,4,OJ,-3.828861172070916,-0.1231948260073259
1157,1157,-3.40245946401947,-6.480733371399355,5,OJ,-3.931019177260171,-0.102158005189255
1158,1158,-6.7034358880058695,-6.429445596674082,1,OJ,-4.014099076527571,-0.08307989926739978
1159,1159,-7.089273204629734,-6.91803686651536,2,OJ,-4.075696069812064,-0.06159699328449353
1160,1160,-6.564710666143194,-7.405306020972016,3,OJ,-4.150954349726593,-0.07525827991452871
1161,1161,-6.802594802957521,-6.253716811570305,4,OJ,-4.224266582632577,-0.07331223290598388
1162,1162,-6.88839283820569,-5.601446512425003,5,OJ,-4.262526617736362,-0.03826003510378495
1163,1163,-5.054470525039827,-5.462313423291915,1,OJ,-4.29432404600254,-0.03179742826617815
1164,1164,-5.257226643782852,-5.564953838432335,2,OJ,-4.28732072640547,0.00700331959706979
1165,1165,-5.265183750042537,-4.970007638798644,3,OJ,-4.287597245025739,-0.0002765186202688952
1166,1166,-5.324633452168042,-4.6921649953309945,4,OJ,-4.2831326540611485,0.00446459096459062
1167,1167,-5.364741021695736,-4.6940003127913075,5,OJ,-4.28311441535541,1.823870573858244e-05
1168,1168,-4.4131418061086745,-4.84601687262037,1,OJ,-4.294237736478731,-0.011123321123321261
1169,1169,-4.5373830445871555,-5.044973298139299,2,OJ,-4.346169589348083,-0.05193185286935176
1170,1170,-4.542807450801183,-5.5865865460025415,3,OJ,-4.401933020361514,-0.05576343101343095
1171,1171,-4.579564138578187,-5.30718903379253,4,OJ,-4.4422903540000975,-0.040357333638583626
1172,1172,-4.60444821689027,-5.6213812651722606,5,OJ,-4.495181341484835,-0.052890987484737195
1173,1173,-5.538608018730156,-5.945001915355405,1,OJ,-4.548644787760781,-0.05346344627594668
1174,1174,-5.65151297144606,-6.970604784708285,2,OJ,-4.635245978236973,-0.08660119047619119
1175,1175,-5.648883203381674,-7.7362434162292555,3,OJ,-4.744514184322825,-0.10926820608585253
1176,1176,-5.673977892464395,-7.689630048659996,4,OJ,-4.830418041250211,-0.085903856927386
1177,1177,-5.690271046200084,-7.302297337797889,5,OJ,-4.898981265022626,-0.06856322377241497
1178,1178,-7.6253511184819835,-7.276145766058075,1,OJ,-4.951006996127034,-0.05202573110440767
1179,1179,-7.472867451863097,-5.505728710346898,2,OJ,-4.977359543321125,-0.02635254719409108
1180,1180,-7.529460772198289,-4.5778128217692515,3,OJ,-4.971872637212527,0.005486906108598255
1181,1181,-7.530000387517924,-4.5397798307950845,4,OJ,-4.962079321894946,0.009793315317580209
1182,1182,-7.544201695040127,-4.79005021672724,5,OJ,-4.946349030291126,0.015730291603820667
1183,1183,-5.449442344353382,-4.944841299827147,1,OJ,-4.92277816688166,0.023570863409466014
1184,1184,-4.954695009364183,-3.81839794470732,2,OJ,-4.887613341742202,0.03516482513945807
1185,1185,-5.075974964389636,-3.89019416319471,3,OJ,-4.871173780105582,0.01643956163661997
1186,1186,-5.0422894903866995,-3.9928610632880814,4,OJ,-4.877635007630779,-0.0064612275251976214
1187,1187,-5.049103778046856,-3.449585697586243,5,OJ,-4.88008256697503,-0.0024475593442510046
1188,1188,-3.460067055894897,-3.4097747732164927,1,OJ,-4.871475131885609,0.008607435089420967
1189,1189,-3.6958993716126054,-4.380610051772362,2,OJ,-4.8929946282525325,-0.021519496366923185
1190,1190,-3.627773121835658,-3.677709724974978,3,OJ,-4.894031644640284,-0.0010370163877517768
1191,1191,-3.541035385050997,-2.30418031321028,4,OJ,-4.863181864001533,0.03084978063875088
1192,1192,-3.655745752774617,-2.757327683269407,5,OJ,-4.842653348834784,0.020528515166749806
1193,1193,-2.752659864059944,-2.549284188093567,1,OJ,-4.8290255480136,0.0136278008211832
1194,1194,-2.8130258259765117,-2.360556752674943,2,OJ,-4.8196473895707355,0.009378158442864937
1195,1195,-2.9987520657829365,-2.8831205559740485,3,OJ,-4.8256720868641825,-0.006024697293447012
1196,1196,-2.804805515130275,-3.360685137362161,4,OJ,-4.839605371267688,-0.01393328440350583
1197,1197,-2.854100770511875,-2.532479410627018,5,OJ,-4.81136942056262,0.028235950705068014
1198,1198,-2.5999299781188174,-2.4724692954698537,1,OJ,-4.7948880905092315,0.01648133005338881
1199,1199,-2.6351728818726925,-2.3404976179099415,2,OJ,-4.7700478519351694,0.024840238574062035
1200,1200,-2.676845126580582,-1.887550605771758,3,OJ,-4.741584875804546,0.02846297613062365
1201,1201,-2.619876606809111,-1.6192966375177886,4,OJ,-4.703502279710552,0.03808259609399389
1202,1202,-2.6426308325214802,-1.387334686070542,5,OJ,-4.66408413048505,0.039418149225501686
1203,1203,-1.4257842985266966,-1.6228758469793472,1,OJ,-4.61221505997223,0.051869070512820414
1204,1204,-1.4947976661460691,-1.8274179415949672,2,OJ,-4.54296376969116,0.0692512902810698
1205,1205,-1.4114651114876766,-1.9485722366463072,3,OJ,-4.482417959999761,0.060545809691398667
1206,1206,-1.4402111185325162,-2.1877626350278927,4,OJ,-4.4163390703028576,0.06607888969690379
1207,1207,-1.466131092968793,-1.591577216416001,5,OJ,-4.3185559472031905,0.09778312309966708
1208,1208,-1.6234743654948334,-0.9866577486288766,1,OJ,-4.209700190242287,0.10885575696090388
1209,1209,-1.6300389888137332,-1.222529597368374,2,OJ,-4.095790044859346,0.11391014538294097
1210,1210,-1.707151024079258,-1.4872374249438498,3,OJ,-3.977428672938783,0.11836137192056251
1211,1211,-1.636176853567675,-1.456113864408525,4,OJ,-3.8814766139955474,0.09595205894323566
1212,1212,-1.6493495775706069,-0.2903886854480523,5,OJ,-3.775255457456008,0.10622115653953923
1213,1213,-0.2908676698822003,-0.4539799552893322,1,OJ,-3.6750887880959566,0.10016666936005159
1214,1214,-0.31666225480019133,0.3403302688003167,2,OJ,-3.5569831059513035,0.11810568214465311
1215,1215,-0.2980025371631893,-0.5113212251305865,3,OJ,-3.467809377677942,0.08917372827336134
1216,1216,-0.29782666081472664,-1.238536833596185,4,OJ,-3.3987368144432457,0.06907256323469646
1217,1217,-0.3094792893255297,-2.439291579939185,5,OJ,-3.353642639786204,0.04509417465704191
1218,1218,-2.6338525249759464,-2.7854439297680047,1,OJ,-3.3124311809291562,0.04121145885704758
1219,1219,-2.432675774531048,-2.022560720928909,2,OJ,-3.251982929384949,0.0604482515442073
1220,1220,-2.53073417542294,-1.2888636309818182,3,OJ,-3.1660284710845343,0.0859544583004146
1221,1221,-2.5673184191201206,-0.9529314803437847,4,OJ,-3.0789433200155596,0.08708515106897474
1222,1222,-2.4745816436701653,-1.5388169456410064,5,OJ,-2.9972920336249342,0.08165128639062535
1223,1223,-1.600300165165459,0.5431741841442428,1,OJ,-2.8675285116349407,0.12976352198999352
1224,1224,-1.603419730797443,-0.02409355628526466,2,OJ,-2.7285982870664807,0.13893022456846005
1225,1225,-1.5756786670911784,-0.05438456157627025,3,OJ,-2.574961109973421,0.15363717709305957
1226,1226,-1.5979066893008467,-0.1320650782273829,4,OJ,-2.423809810564769,0.15115129940865213
1227,1227,-1.5956152201095828,-0.047198909537688155,5,OJ,-2.278707841999565,0.14510196856520396
1228,1228,-0.04821946675870243,0.8284332877856851,1,OJ,-2.1166162609226897,0.16209158107687527
1229,1229,-0.05092536493855039,1.0681936363695665,2,OJ,-1.9851378139883602,0.13147844693432953
1230,1230,-0.04779366354290975,1.4095996432167437,3,OJ,-1.8653895646886405,0.11974824929971972
1231,1231,-0.04856700274977384,1.6237414110349804,4,OJ,-1.7421191398520393,0.12327042483660122
1232,1232,-0.05008924440879272,2.29521666780436,5,OJ,-1.6004138021614074,0.14170533769063187
1233,1233,2.512488496014706,3.238412279382324,1,OJ,-1.4367487305772177,0.16366507158418964
1234,1234,2.274783106859571,3.2503637266278824,2,OJ,-1.2953734971505135,0.14137523342670422
1235,1235,2.4787277330264557,3.226052335404729,3,OJ,-1.1530485671785249,0.14232492997198865
1236,1236,2.499341669912638,3.510585871041208,4,OJ,-1.002979628491939,0.15006893868658588
1237,1237,2.354147467697916,3.621169826845757,5,OJ,-0.8615645180032991,0.14141511048863986
1238,1238,3.893739024500893,3.260350499114662,1,OJ,-0.7281620125566761,0.13340250544662302
1239,1239,3.6722885306085837,3.3704228613929113,2,OJ,-0.5731413542933705,0.15502065826330558
1240,1240,3.598926096233701,2.352209742812148,3,OJ,-0.4525429649376281,0.12059838935574246
1241,1241,3.7495018564186586,1.9677092759587294,4,OJ,-0.3671051731542479,0.08543779178338018
1242,1242,3.914731174355128,2.7586445389528267,5,OJ,-0.2567857287098032,0.11031944444444469
1243,1243,3.345035252983869,2.2553629485388873,1,OJ,-0.16069278597715414,0.09609294273264907
1244,1244,2.361484159258169,1.6003326030673637,2,OJ,-0.08147499886230801,0.07921778711484613
1245,1245,3.128324155235121,1.5227707449908077,3,OJ,0.006642827156989122,0.08811782601929713
1246,1246,3.0918730864138544,1.6885056500639453,4,OJ,0.10762664290551123,0.10098381574852211
1247,1247,2.440528826228675,2.1703217098211764,5,OJ,0.20168266531447515,0.09405602240896392
1248,1248,2.360629366536592,1.6425828364940647,1,OJ,0.2839837079537535,0.08230104263927834
1249,1249,2.214249997808485,1.463163290898059,2,OJ,0.3600569261299135,0.07607321817616003
1250,1250,2.24954164063712,0.8548883142407274,3,OJ,0.41490570453016323,0.05484877840024971
1251,1251,2.2636255638028344,0.9715316382369883,4,OJ,0.46672227004525874,0.0518165655150955
1252,1252,2.264711780819993,1.7970412865407592,5,OJ,0.5304097894974847,0.063687519452226
