,asofdate,aic,bic,hqic,mae,mse,forecastHorizon,diff,trainDFLength,num_models,order_p,order_q,time,product_name,ar.L1.resid,ma.L1.resid
0,1991-09-30 22:00:00+00:00,-1149.221319934581,-1135.1036035845354,-1143.5406433661276,0.014236999915080168,0.000593073040473536,5,True,252,2000,1,1,0 days 00:00:00.196562,NG1,0.30129277735038734,0.2729353790553718
1,1991-10-07 22:00:00+00:00,-1151.137708131178,-1137.0199917811324,-1145.4570315627245,0.01407297534430721,0.0005885864194014848,5,True,252,2000,1,1,0 days 00:00:00.124141,NG1,0.2588392025495841,0.2316014453960696
2,1991-10-14 22:00:00+00:00,-1153.965367606249,-1139.8476512562033,-1148.2846910377955,0.013858590508446898,0.00058249532279969,5,True,252,2000,1,1,0 days 00:00:00.141453,NG1,0.26396192800086204,0.2315546462670594
3,1991-10-21 22:00:00+00:00,-1231.6519419328515,-1217.534225582806,-1225.971265364398,0.013332734643516794,0.0004279176836197653,5,True,252,2000,1,1,0 days 00:00:00.134135,NG1,0.27069415896522947,0.26095609260656766
4,1991-10-28 23:00:00+00:00,-1212.9248825796717,-1198.807166229626,-1207.2442060112182,0.013685033273365626,0.0004605819197073505,5,True,252,2000,1,1,0 days 00:00:00.116026,NG1,0.2937986759902702,0.27807221697966533
5,1991-11-04 23:00:00+00:00,-1211.4985425315263,-1197.3808261814806,-1205.8178659630728,0.013820407991722206,0.00046334004027702327,5,True,252,2000,1,1,0 days 00:00:00.225841,NG1,0.2831784336129868,0.2664341131060021
6,1991-11-11 23:00:00+00:00,-1212.9955252212794,-1198.8778088712338,-1207.314848652826,0.013740991545374713,0.00046051577883707127,5,True,252,2000,1,1,0 days 00:00:00.144679,NG1,0.2813641110873422,0.2649124225887649
7,1991-11-18 23:00:00+00:00,-1230.8302300133255,-1216.7125136632799,-1225.149553444872,0.01353802605705066,0.00042896601441337026,5,True,252,2000,1,1,0 days 00:00:00.129584,NG1,0.2873222944048203,0.26681069138442576
8,1991-11-25 23:00:00+00:00,-1215.3802719757327,-1201.2625556256871,-1209.6995954072793,0.013855649084013736,0.00045607063304356764,5,True,252,2000,1,1,0 days 00:00:00.142690,NG1,0.22536402282902765,0.19295757831292798
9,1991-12-03 23:00:00+00:00,-1216.267756627687,-1202.1500402776414,-1210.5870800592336,0.013794176081420093,0.00045453160038490807,5,True,252,2000,1,1,0 days 00:00:00.133394,NG1,0.20771431661191575,0.17509145192342743
10,1991-12-10 23:00:00+00:00,-1214.026920069481,-1199.9092037194355,-1208.3462435010276,0.013871156204525722,0.00045878927548009856,5,True,252,2000,1,1,0 days 00:00:00.182700,NG1,0.2396271194686562,0.20490728621888138
11,1991-12-17 23:00:00+00:00,-1233.9015084776202,-1219.7837921275745,-1228.2208319091667,0.013578797819250019,0.00042404432565191895,5,True,252,2000,1,1,0 days 00:00:00.275025,NG1,0.18304427085460756,0.15122600241374165
12,1991-12-25 23:00:00+00:00,-1198.4290934105356,-1184.31137706049,-1192.7484168420822,0.01374545976494214,0.00048805204309048387,5,True,252,2000,1,1,0 days 00:00:00.167776,NG1,0.16913017025225266,0.1361551859125292
13,1992-01-02 23:00:00+00:00,-1205.055681888573,-1190.9379655385274,-1199.3750053201195,0.013602818978913293,0.00047527184846328925,5,True,252,2000,1,1,0 days 00:00:00.149433,NG1,0.17416421468409926,0.1407481097484316
14,1992-01-09 23:00:00+00:00,-1197.8008455511072,-1183.6831292010615,-1192.1201689826537,0.013762848149361106,0.0004891579383948088,5,True,252,2000,1,1,0 days 00:00:00.157218,NG1,0.2641839897734976,0.2256013903392105
15,1992-01-16 23:00:00+00:00,-1191.7958443127568,-1177.6781279627112,-1186.1151677443033,0.014113479734106189,0.0005012412533246237,5,True,252,2000,1,1,0 days 00:00:00.131292,NG1,0.15783365692716564,0.12348549732942296
16,1992-01-23 23:00:00+00:00,-1181.261848080836,-1167.1441317307904,-1175.5811715123825,0.014473468880405104,0.0005221868083248067,5,True,252,2000,1,1,0 days 00:00:00.163593,NG1,0.14939506749554315,0.115779426019771
17,1992-01-30 23:00:00+00:00,-1178.9346449738591,-1164.8169286238135,-1173.2539684054057,0.014679203278231795,0.0005269819555144336,5,True,252,2000,1,1,0 days 00:00:00.206080,NG1,0.1291619069502834,0.098385349010849
18,1992-02-06 23:00:00+00:00,-1178.4575084866606,-1164.339792136615,-1172.776831918207,0.014748046872147376,0.0005280062466998485,5,True,252,2000,1,1,0 days 00:00:00.151205,NG1,0.12149646807758233,0.09173910269448109
19,1992-02-13 23:00:00+00:00,-1172.599941591427,-1158.4822252413815,-1166.9192650229736,0.01496024783348728,0.0005404363530482674,5,True,252,2000,1,1,0 days 00:00:00.150095,NG1,0.13097458524850844,0.10085056327045912
20,1992-02-23 23:00:00+00:00,-1163.8159867738473,-1149.6982704238017,-1158.1353102053938,0.015256898581935614,0.0005596507663059767,5,True,252,2000,1,1,0 days 00:00:00.166026,NG1,0.23882220842394353,0.20264745550499003
21,1992-03-01 23:00:00+00:00,-1162.8424661401432,-1148.7247497900976,-1157.1617895716897,0.015384851633781286,0.0005618080769793182,5,True,252,2000,1,1,0 days 00:00:00.124130,NG1,0.19416677948251376,0.15961198300345028
22,1992-03-08 23:00:00+00:00,-1161.780377879179,-1147.6626615291334,-1156.0997013107255,0.015441242471591418,0.0005642075353859779,5,True,252,2000,1,1,0 days 00:00:00.169076,NG1,0.20249644568993141,0.1684229722167428
23,1992-03-15 23:00:00+00:00,-1161.9519934783325,-1147.8342771282869,-1156.271316909879,0.01542698802685678,0.000563816068838048,5,True,252,2000,1,1,0 days 00:00:00.157013,NG1,0.20513647717549005,0.17192553726859644
24,1992-03-22 23:00:00+00:00,-1158.1636913936268,-1144.0459750435812,-1152.4830148251733,0.015647425455574165,0.0005723424761321022,5,True,252,2000,1,1,0 days 00:00:00.165842,NG1,0.20683213674341347,0.17233407642053175
25,1992-03-29 23:00:00+00:00,-1137.354132906828,-1123.2364165567824,-1131.6734563383745,0.016321768889330956,0.0006216545179791363,5,True,252,2000,1,1,0 days 00:00:00.170031,NG1,0.12418400044604157,0.10097955506349011
26,1992-04-05 22:00:00+00:00,-1135.4492983967775,-1121.331582046732,-1129.768621828324,0.016494512482661237,0.0006263816901241777,5,True,252,2000,1,1,0 days 00:00:00.181493,NG1,0.13275589282694833,0.10928384422070772
27,1992-04-12 22:00:00+00:00,-1132.727939665016,-1118.6102233149704,-1127.0472630965626,0.01667232766880969,0.0006332354306487836,5,True,252,2000,1,1,0 days 00:00:00.190174,NG1,0.22901919133696508,0.1989739864967376
28,1992-04-20 22:00:00+00:00,-1128.0258097912192,-1113.9080934411736,-1122.3451332227658,0.017014983937582058,0.0006451095929665646,5,True,252,2000,1,1,0 days 00:00:00.167932,NG1,0.17642872667347156,0.14701479928653086
29,1992-04-27 22:00:00+00:00,-1108.5849685742924,-1094.4672522242467,-1102.904292005839,0.0175928572278579,0.0006969554376859839,5,True,252,2000,1,1,0 days 00:00:00.091266,NG1,0.9423131859531034,0.9277432501077824
30,1992-05-04 22:00:00+00:00,-1102.898641678045,-1088.7809253279993,-1097.2179651095914,0.018024225101041704,0.0007128567220968955,5,True,252,2000,1,1,0 days 00:00:00.101493,NG1,0.9234829637848264,0.9087719037801589
31,1992-05-11 22:00:00+00:00,-1100.1666810643605,-1086.048964714315,-1094.486004495907,0.018336636957152354,0.000720626356521711,5,True,252,2000,1,1,0 days 00:00:00.141275,NG1,0.8809270436062266,0.8634302065345308
32,1992-05-18 22:00:00+00:00,-1094.8793148369496,-1080.761598486904,-1089.198638268496,0.018748240751955903,0.0007359102142926552,5,True,252,2000,1,1,0 days 00:00:00.124161,NG1,0.7930155944108955,0.7856581586276946
33,1992-05-26 22:00:00+00:00,-1067.1984677036066,-1053.080751353561,-1061.5177911351532,0.01969510605702073,0.000821137624603256,5,True,252,2000,1,1,0 days 00:00:00.191247,NG1,0.09327322547559871,0.07106740725695129
34,1992-06-02 22:00:00+00:00,-1064.8953652830987,-1050.7776489330531,-1059.2146887146453,0.01991218786650169,0.0008287264773333659,5,True,252,2000,1,1,0 days 00:00:00.165991,NG1,0.10689669154438046,0.08329637488996496
35,1992-06-09 22:00:00+00:00,-1063.2202537714916,-1049.102537421446,-1057.539577203038,0.020126530807416717,0.0008343158804379001,5,True,252,2000,1,1,0 days 00:00:00.200321,NG1,0.09841254364412674,0.07499022323177666
36,1992-06-16 22:00:00+00:00,-1061.1088088762353,-1046.9910925261897,-1055.4281323077819,0.02029057297431509,0.0008414192677016934,5,True,252,2000,1,1,0 days 00:00:00.393083,NG1,0.09109637921631022,0.06814931617734261
37,1992-06-23 22:00:00+00:00,-1063.2088965306789,-1049.0911801806333,-1057.5282199622254,0.020192342228935425,0.000834355468053712,5,True,252,2000,1,1,0 days 00:00:00.297758,NG1,0.08971563595665479,0.06784199087557904
38,1992-06-30 22:00:00+00:00,-1065.5609787227613,-1051.4432623727157,-1059.8803021543079,0.019956528234271572,0.0008265336294733538,5,True,252,2000,1,1,0 days 00:00:00.376485,NG1,0.0895770224617581,0.06826717851108119
39,1992-07-08 22:00:00+00:00,-1065.0890674788666,-1050.971351128821,-1059.4083909104131,0.019979212303145123,0.0008281196791812482,5,True,252,2000,1,1,0 days 00:00:00.412403,NG1,0.0937844885345372,0.0724992934929222
40,1992-07-15 22:00:00+00:00,-1062.6263354363905,-1048.5086190863449,-1056.945658867937,0.02003359162457814,0.0008362856709473095,5,True,252,2000,1,1,0 days 00:00:00.496321,NG1,0.10870176519488908,0.08853321783460204
41,1992-07-22 22:00:00+00:00,-1062.839027543167,-1048.7213111931214,-1057.1583509747136,0.02012024653182856,0.0008355635195631085,5,True,252,2000,1,1,0 days 00:00:00.316596,NG1,0.09535818199103403,0.07503916172998473
42,1992-07-29 22:00:00+00:00,-1061.3346485355391,-1047.2169321854935,-1055.6539719670857,0.020247627165902827,0.0008405923872491358,5,True,252,2000,1,1,0 days 00:00:00.284530,NG1,0.10581126751367345,0.08510826817357692
43,1992-08-05 22:00:00+00:00,-1060.5071983970315,-1046.389482046986,-1054.826521828578,0.020334978757493575,0.0008434262259613848,5,True,252,2000,1,1,0 days 00:00:00.268616,NG1,0.10918218871455287,0.08856783835884127
44,1992-08-12 22:00:00+00:00,-1058.420895725968,-1044.3031793759224,-1052.7402191575145,0.020432971091366877,0.0008505756761891532,5,True,252,2000,1,1,0 days 00:00:00.305526,NG1,0.11315888233808546,0.09321790687104038
45,1992-08-19 22:00:00+00:00,-1068.7849180296894,-1054.6672016796438,-1063.104241461236,0.020023180029721706,0.0008162169429097982,5,True,252,2000,1,1,0 days 00:00:00.166124,NG1,0.36040879155060207,0.3463177145054573
46,1992-08-26 22:00:00+00:00,-1069.8369413818637,-1055.719225031818,-1064.1562648134102,0.02000275307473179,0.0008128059489061159,5,True,252,2000,1,1,0 days 00:00:00.192050,NG1,0.3608988570328435,0.34585133079238667
47,1992-09-02 22:00:00+00:00,-1061.0298667486136,-1046.912150398568,-1055.3491901801601,0.02034608876503771,0.0008417182016980228,5,True,252,2000,1,1,0 days 00:00:00.185267,NG1,0.38346054623694337,0.3684013263364566
48,1992-09-10 22:00:00+00:00,-1062.7034388656089,-1048.5857225155632,-1057.0227622971554,0.02026961740352073,0.0008361517234578733,5,True,252,2000,1,1,0 days 00:00:00.290913,NG1,0.14251673492910444,0.11991128477139427
49,1992-09-17 22:00:00+00:00,-1063.112796348621,-1048.9950799985754,-1057.4321197801676,0.020306367624365284,0.0008349456124154063,5,True,252,2000,1,1,0 days 00:00:00.282788,NG1,0.14395343000653021,0.12181195980076084
50,1992-09-24 22:00:00+00:00,-1064.5259790705827,-1050.408262720537,-1058.8453025021292,0.02042204137744776,0.0008300608570674538,5,True,252,2000,1,1,0 days 00:00:00.200291,NG1,0.19017275265610362,0.16597225620617187
51,1992-10-01 22:00:00+00:00,-1064.505348917994,-1050.3876325679485,-1058.8246723495406,0.020401033929033856,0.0008301169162666568,5,True,252,2000,1,1,0 days 00:00:00.235891,NG1,0.1597767221131891,0.13614658786692405
52,1992-10-08 22:00:00+00:00,-1057.8355706161874,-1043.7178542661418,-1052.154894047734,0.020850403981371838,0.0008524101796992914,5,True,252,2000,1,1,0 days 00:00:00.206097,NG1,0.15207815868057695,0.12964946470977465
53,1992-10-15 22:00:00+00:00,-1044.9611108942468,-1030.8433945442011,-1039.2804343257933,0.021455995849717767,0.0008971568879825765,5,True,252,2000,1,1,0 days 00:00:00.182124,NG1,0.304031751234297,0.2866111513354687
54,1992-10-22 22:00:00+00:00,-1055.936717322205,-1041.8190009721593,-1050.2560407537514,0.021170979440719346,0.0008587988984642238,5,True,252,2000,1,1,0 days 00:00:00.325115,NG1,0.15643879866467994,0.13182413069791205
55,1992-10-29 23:00:00+00:00,-1053.1406304249908,-1039.0229140749452,-1047.4599538565374,0.021400565471556908,0.0008683894886122096,5,True,252,2000,1,1,0 days 00:00:00.354082,NG1,0.15476515224161,0.12999239278609398
56,1992-11-05 23:00:00+00:00,-1050.3163103471752,-1036.1985939971296,-1044.6356337787217,0.021635654771859556,0.0008782048553697732,5,True,252,2000,1,1,0 days 00:00:00.353859,NG1,0.1580009216588063,0.132333340466564
57,1992-11-12 23:00:00+00:00,-1050.2299249257653,-1036.1122085757197,-1044.5492483573119,0.021628075908799973,0.0008787359188225795,5,True,252,2000,1,1,0 days 00:00:00.463247,NG1,0.16868189664446503,0.14208876533153994
58,1992-11-19 23:00:00+00:00,-1051.8025338241405,-1037.6848174740949,-1046.121857255687,0.021387442798521093,0.0008730111110399057,5,True,252,2000,1,1,0 days 00:00:00.517684,NG1,0.19544460704427308,0.16747075026682026
59,1992-11-30 23:00:00+00:00,-1040.3131783801423,-1026.1954620300967,-1034.6325018116888,0.021873934252473422,0.0009137436678181733,5,True,252,2000,1,1,0 days 00:00:00.468765,NG1,0.14070186047584968,0.1152678702683109
60,1992-12-07 23:00:00+00:00,-1040.3298617364362,-1026.2121453863906,-1034.6491851679828,0.021919938105292632,0.0009137862184499983,5,True,252,2000,1,1,0 days 00:00:00.462336,NG1,0.1388569121072922,0.11543656561325004
61,1992-12-14 23:00:00+00:00,-1039.2965966615561,-1025.1788803115105,-1033.6159200931027,0.02205460246462413,0.0009177732763088625,5,True,252,2000,1,1,0 days 00:00:00.272676,NG1,0.14387533412442013,0.11892969182552134
62,1992-12-21 23:00:00+00:00,-1044.6694752146063,-1030.5517588645607,-1038.9887986461529,0.02201618899389045,0.0008981272924541569,5,True,252,2000,1,1,0 days 00:00:00.249901,NG1,0.17021873964092316,0.14620754834385283
63,1992-12-29 23:00:00+00:00,-1035.0065890347432,-1020.8888726846975,-1029.3259124662898,0.02245699270206638,0.000933285568238642,5,True,252,2000,1,1,0 days 00:00:00.249852,NG1,0.15326924035240347,0.1306353646514178
64,1993-01-06 23:00:00+00:00,-1030.3266913461093,-1016.2089749960636,-1024.6460147776559,0.022567876722260977,0.0009508028518962218,5,True,252,2000,1,1,0 days 00:00:00.272191,NG1,0.16834364669121252,0.1452832821034327
65,1993-01-13 23:00:00+00:00,-1032.629483461827,-1018.5117671117813,-1026.9488068933736,0.022544784373373112,0.0009422572818502656,5,True,252,2000,1,1,0 days 00:00:00.211679,NG1,0.09451685358971608,0.07579164158547351
66,1993-01-20 23:00:00+00:00,-1035.5581418087081,-1021.4404254586624,-1029.8774652402547,0.022403247445154182,0.000931383260772821,5,True,252,2000,1,1,0 days 00:00:00.258297,NG1,0.09366426133510775,0.0749373437598714
67,1993-01-27 23:00:00+00:00,-1042.1645423810992,-1028.0468260310536,-1036.4838658126457,0.021779560157955267,0.0009070728094799208,5,True,252,2000,1,1,0 days 00:00:00.241385,NG1,0.18075754419574044,0.15554880815678293
68,1993-02-03 23:00:00+00:00,-1040.1115481386178,-1025.9938317885722,-1034.4308715701643,0.021916501785952114,0.0009145129111665679,5,True,252,2000,1,1,0 days 00:00:00.224913,NG1,0.18161689471326217,0.15591187446721994
69,1993-02-10 23:00:00+00:00,-1037.7595450671874,-1023.6418287171417,-1032.078868498734,0.02220445728305425,0.0009231351493854551,5,True,252,2000,1,1,0 days 00:00:00.216665,NG1,0.20221625983443417,0.17493125918515734
70,1993-02-18 23:00:00+00:00,-1036.037682460596,-1021.9199661105503,-1030.3570058921425,0.022277474303572277,0.0009294133659795218,5,True,252,2000,1,1,0 days 00:00:00.233644,NG1,0.321823115916129,0.284847274898492
71,1993-02-25 23:00:00+00:00,-1034.3180983043048,-1020.2003819542591,-1028.6374217358514,0.022441904125969032,0.0009357820978887019,5,True,252,2000,1,1,0 days 00:00:00.184151,NG1,0.6614732843243366,0.6124050594956624
72,1993-03-04 23:00:00+00:00,-1032.6833492694554,-1018.5656329194097,-1027.002672701002,0.022588420030554907,0.0009418674840275864,5,True,252,2000,1,1,0 days 00:00:00.233010,NG1,0.8396481296829258,0.7645595174126849
73,1993-03-11 23:00:00+00:00,-1031.2130536196346,-1017.0953372695889,-1025.5323770511811,0.022715172345731303,0.0009473660804278139,5,True,252,2000,1,1,0 days 00:00:00.191151,NG1,0.393453593391852,0.3524030700096315
74,1993-03-18 23:00:00+00:00,-1027.0481369374738,-1012.9304205874281,-1021.3674603690203,0.023113899048140662,0.0009632745078810045,5,True,252,2000,1,1,0 days 00:00:00.371178,NG1,0.44923896816358155,0.406038687608344
75,1993-03-25 23:00:00+00:00,-1036.0931168006969,-1021.9754004506511,-1030.4124402322434,0.022726423027881682,0.0009291959781039445,5,True,252,2000,1,1,0 days 00:00:00.254062,NG1,0.2281979491793702,0.1996854770346613
76,1993-04-01 23:00:00+00:00,-1036.2381725395185,-1022.1204561894727,-1030.557495971065,0.02272386140095211,0.0009286866630712564,5,True,252,2000,1,1,0 days 00:00:00.381887,NG1,0.25403892276601764,0.22385661360216008
77,1993-04-11 22:00:00+00:00,-1031.279448913203,-1017.1617325631572,-1025.5987723447495,0.023037064397660373,0.0009471747403099644,5,True,252,2000,1,1,0 days 00:00:00.407537,NG1,0.2905596046831187,0.26254149608569327
78,1993-04-18 22:00:00+00:00,-1033.455393153115,-1019.3376768030693,-1027.7747165846615,0.022834836122789283,0.0009391402359580992,5,True,252,2000,1,1,0 days 00:00:00.416247,NG1,0.4797481100911725,0.4415817020792621
79,1993-04-25 22:00:00+00:00,-1030.3846735270372,-1016.2669571769915,-1024.7039969585837,0.022950417811854914,0.0009505333374998163,5,True,252,2000,1,1,0 days 00:00:00.320004,NG1,0.43194731402000985,0.3937300238623918
80,1993-05-02 22:00:00+00:00,-1031.3092740573447,-1017.191557707299,-1025.6285974888913,0.022851695969852304,0.0009470797414578996,5,True,252,2000,1,1,0 days 00:00:00.242393,NG1,0.29015039066109777,0.2600358781607243
81,1993-05-09 22:00:00+00:00,-1029.2572134962084,-1015.1394971461626,-1023.5765369277548,0.023007898481892136,0.0009548468914306475,5,True,252,2000,1,1,0 days 00:00:00.258528,NG1,0.2513737757124588,0.22349347594901553
82,1993-05-16 22:00:00+00:00,-1030.509679143206,-1016.3919627931604,-1024.8290025747526,0.022869134541641346,0.000950284776980441,5,True,252,2000,1,1,0 days 00:00:00.267013,NG1,0.2383154270052505,0.20860575183533275
83,1993-05-23 22:00:00+00:00,-1045.9109208772952,-1031.7932045272496,-1040.2302443088417,0.02283342280153741,0.0008937194064321237,5,True,252,2000,1,1,0 days 00:00:00.217209,NG1,0.09201577302892426,0.0727459828368901
84,1993-05-31 22:00:00+00:00,-1047.504525892281,-1033.3868095422354,-1041.8238493238275,0.0227584490214269,0.0008880717077734218,5,True,252,2000,1,1,0 days 00:00:00.199138,NG1,0.09781122927102351,0.07881191473809464
85,1993-06-07 22:00:00+00:00,-1046.8547665098658,-1032.7370501598202,-1041.1740899414124,0.02251510736908953,0.0008903886577029531,5,True,252,2000,1,1,0 days 00:00:00.217271,NG1,0.18128735416883124,0.1592539273792828
86,1993-06-14 22:00:00+00:00,-1048.345738166101,-1034.2280218160554,-1042.6650615976475,0.022427691564057804,0.0008851393580861215,5,True,252,2000,1,1,0 days 00:00:00.307922,NG1,0.1808758614363224,0.15950712217161142
87,1993-06-21 22:00:00+00:00,-1045.590303429195,-1031.4725870791494,-1039.9096268607416,0.022885729904678083,0.0008948412293438515,5,True,252,2000,1,1,0 days 00:00:00.324820,NG1,0.10223330722312707,0.08308325295963999
88,1993-06-28 22:00:00+00:00,-1045.9443514558884,-1031.8266351058428,-1040.263674887435,0.022595810998721516,0.0008933129885954332,5,True,252,2000,1,1,0 days 00:00:00.451857,NG1,0.01737970259590133,0.010338018407060428
89,1993-07-06 22:00:00+00:00,-1045.7712761888733,-1031.6535598388277,-1040.0905996204199,0.02260790700997057,0.0008942192846196708,5,True,252,2000,1,1,0 days 00:00:00.288589,NG1,0.16268448204732122,0.1405769377711747
90,1993-07-13 22:00:00+00:00,-1045.5420231721955,-1031.42430682215,-1039.861346603742,0.02277301063629381,0.0008949784949760258,5,True,252,2000,1,1,0 days 00:00:00.432440,NG1,0.022256816691405182,
91,1993-07-20 22:00:00+00:00,-1046.6205615881981,-1032.5028452381525,-1040.9398850197447,0.02278545440697204,0.0008910944595838688,5,True,252,2000,1,1,0 days 00:00:00.487564,NG1,0.08914014756914154,0.07013752615027355
92,1993-07-27 22:00:00+00:00,-1046.7865296711134,-1032.6688133210678,-1041.10585310266,0.022627057391238974,0.0008906098235792997,5,True,252,2000,1,1,0 days 00:00:00.480932,NG1,0.14950814016650107,0.12679455809466728
93,1993-08-03 22:00:00+00:00,-1047.8274600534237,-1033.709743703378,-1042.1467834849702,0.02253396071467398,0.0008869279376425221,5,True,252,2000,1,1,0 days 00:00:00.541461,NG1,0.1506917132246984,0.12805967954590342
94,1993-08-10 22:00:00+00:00,-1047.1731692906692,-1033.0554529406236,-1041.4924927222157,0.02256703981062859,0.0008892953879985023,5,True,252,2000,1,1,0 days 00:00:00.426853,NG1,0.1468037777303925,0.12410870694688167
95,1993-08-17 22:00:00+00:00,-1051.7809230445341,-1037.6632066944885,-1046.1002464760807,0.022232741308582982,0.0008731358363340408,5,True,252,2000,1,1,0 days 00:00:00.467023,NG1,0.1599431469240671,0.13803783681875473
96,1993-08-24 22:00:00+00:00,-1052.810591812136,-1038.6928754620903,-1047.1299152436825,0.022438085717339715,0.0008698810653004703,5,True,252,2000,1,1,0 days 00:00:00.456047,NG1,0.06275234361387605,0.04603810956249926
97,1993-08-31 22:00:00+00:00,-1059.8341993213407,-1045.7164829712951,-1054.1535227528873,0.022136840385414813,0.0008457962409615865,5,True,252,2000,1,1,0 days 00:00:00.575756,NG1,0.061236362316273,0.044215422201017644
98,1993-09-08 22:00:00+00:00,-1059.5770998532003,-1045.4593835031546,-1053.8964232847468,0.02210894013028946,0.000846557000593362,5,True,252,2000,1,1,0 days 00:00:00.440586,NG1,0.14687813617850073,0.12546924160126025
99,1993-09-15 22:00:00+00:00,-1060.3636302324426,-1046.245913882397,-1054.682953663989,0.022223892949055662,0.0008441480386687805,5,True,252,2000,1,1,0 days 00:00:00.520005,NG1,0.05929260452049773,0.04155670248208192
100,1993-09-22 22:00:00+00:00,-1061.4500522131107,-1047.332335863065,-1055.7693756446572,0.022213330998033635,0.0008403054107546655,5,True,252,2000,1,1,0 days 00:00:00.529038,NG1,0.17498909112464098,0.15265095835678294
101,1993-09-29 22:00:00+00:00,-1063.3205703519102,-1049.2028540018646,-1057.6398937834567,0.02207015152255741,0.0008341077857649546,5,True,252,2000,1,1,0 days 00:00:00.383592,NG1,0.15162947113208752,0.13057045876444334
102,1993-10-06 22:00:00+00:00,-1065.5307909603143,-1051.4130746102687,-1059.8501143918609,0.021923683659971008,0.0008268809850032721,5,True,252,2000,1,1,0 days 00:00:00.368141,NG1,0.1525967619174101,0.13107090387551287
103,1993-10-13 22:00:00+00:00,-1075.7949925433809,-1061.6772761933353,-1070.1143159749274,0.021502080716858676,0.0007938379911926086,5,True,252,2000,1,1,0 days 00:00:00.352594,NG1,0.18516100937418875,0.16140624898762918
104,1993-10-20 22:00:00+00:00,-1080.2593602719235,-1066.1416439218779,-1074.57868370347,0.021317496334972173,0.0007798933280021461,5,True,252,2000,1,1,0 days 00:00:00.344066,NG1,0.5437714105865918,0.5181522075690954
105,1993-10-27 22:00:00+00:00,-1074.9890840349904,-1060.8713676849447,-1069.308407466537,0.021256921856297867,0.000796356880649678,5,True,252,2000,1,1,0 days 00:00:00.328357,NG1,0.45531657839578354,0.43430640149983046
106,1993-11-03 23:00:00+00:00,-1077.7894521942148,-1063.6717358441692,-1072.1087756257614,0.021051437283068006,0.0007875428320754045,5,True,252,2000,1,1,0 days 00:00:00.352219,NG1,0.4593184473869056,0.44202384786147053
107,1993-11-10 23:00:00+00:00,-1078.4796306432022,-1064.3619142931566,-1072.7989540747487,0.02099088454247391,0.0007853885314325818,5,True,252,2000,1,1,0 days 00:00:00.416271,NG1,0.44840490653847515,0.43205600367035807
108,1993-11-17 23:00:00+00:00,-1077.95994660112,-1063.8422302510744,-1072.2792700326665,0.021031230724484845,0.0007885190332234113,5,True,252,2000,1,1,0 days 00:00:00.602632,NG1,0.02050394549847634,0.010822101147392653
109,1993-11-28 23:00:00+00:00,-1088.2088259865955,-1074.0911096365498,-1082.528149418142,0.020709292234361742,0.0007558168634033684,5,True,252,2000,1,1,0 days 00:00:00.480648,NG1,0.40386522838290956,0.37791797407611843
110,1993-12-05 23:00:00+00:00,-1095.9318852095653,-1081.8141688595197,-1090.2512086411118,0.02059835121946341,0.0007328388177473232,5,True,252,2000,1,1,0 days 00:00:00.472013,NG1,0.5576249662633441,0.5334663732458853
111,1993-12-12 23:00:00+00:00,-1095.5977113334843,-1081.4799949834387,-1089.9170347650308,0.020693314708939765,0.0007338300219609154,5,True,252,2000,1,1,0 days 00:00:00.296293,NG1,0.5356607381090409,0.5220364617874232
112,1993-12-19 23:00:00+00:00,-1087.635591591497,-1073.5178752414513,-1081.9549150230434,0.021054070845719135,0.0007587379202428935,5,True,252,2000,1,1,0 days 00:00:00.749437,NG1,0.019164493839395787,0.011227279671187992
113,1993-12-27 23:00:00+00:00,-1106.1837633290925,-1092.0660469790469,-1100.503086760639,0.02061007220067461,0.000703715676488565,5,True,252,2000,1,1,0 days 00:00:00.250620,NG1,0.10612196530025982,0.0803206995798259
114,1994-01-04 23:00:00+00:00,-1106.3571890128464,-1092.2394726628008,-1100.676512444393,0.02099664165332065,0.0007032197514454427,5,True,252,2000,1,1,0 days 00:00:00.293006,NG1,0.018885102504410094,0.013663497573914708
115,1994-01-11 23:00:00+00:00,-1105.838263085297,-1091.7205467352514,-1100.1575865168436,0.020952746469390767,0.0007047553659493412,5,True,252,2000,1,1,0 days 00:00:00.156416,NG1,0.01934497148596587,0.012265616542391798
116,1994-01-18 23:00:00+00:00,-1102.145895648272,-1088.0281792982264,-1096.4652190798186,0.021025486599335046,0.0007151216999617339,5,True,252,2000,1,1,0 days 00:00:00.250871,NG1,0.12247797205435876,0.10135549650836262
117,1994-01-25 23:00:00+00:00,-1108.272558130121,-1094.1548417800755,-1102.5918815616676,0.020826003648381698,0.0006978496743983356,5,True,252,2000,1,1,0 days 00:00:00.200109,NG1,0.017371675975147105,
118,1994-02-01 23:00:00+00:00,-1104.1939342670153,-1090.0762179169697,-1098.5132576985618,0.021159558513726414,0.0007092522195100729,5,True,252,2000,1,1,0 days 00:00:00.342809,NG1,0.01883434930773293,0.010224187748002793
119,1994-02-08 23:00:00+00:00,-1098.764725710877,-1084.6470093608314,-1093.0840491424235,0.02134165440603962,0.0007246545784505582,5,True,252,2000,1,1,0 days 00:00:00.467379,NG1,0.020628074627101547,0.011254481897343791
120,1994-02-15 23:00:00+00:00,-1095.0351694094784,-1080.9174530594328,-1089.354492841025,0.021242837156404133,0.0007354715013818087,5,True,252,2000,1,1,0 days 00:00:00.105546,NG1,,
121,1994-02-23 23:00:00+00:00,-1100.6734485410657,-1086.55573219102,-1094.9927719726122,0.021070574636697387,0.0007191955982524428,5,True,252,2000,1,1,0 days 00:00:00.140879,NG1,0.7086737960956837,0.7007234078200909
122,1994-03-02 23:00:00+00:00,-1101.3825865573517,-1087.264870207306,-1095.7019099888983,0.020990608472062924,0.0007171746185073698,5,True,252,2000,1,1,0 days 00:00:00.117717,NG1,0.6636214544569302,0.6537590640524206
123,1994-03-09 23:00:00+00:00,-1103.458159932346,-1089.3404435823004,-1097.7774833638925,0.02093265004681681,0.0007113189126569225,5,True,252,2000,1,1,0 days 00:00:00.192927,NG1,0.017856122265460555,0.01223950539226931
124,1994-03-16 23:00:00+00:00,-1105.6172027796365,-1091.499486429591,-1099.936526211183,0.02093247210432272,0.0007052508659818545,5,True,252,2000,1,1,0 days 00:00:00.347620,NG1,0.017861590282168764,0.03717361743047142
125,1994-03-23 23:00:00+00:00,-1106.3023451898207,-1092.184628839775,-1100.6216686213672,0.020869422063160607,0.0007032928560860642,5,True,252,2000,1,1,0 days 00:00:00.172175,NG1,0.40654518809332046,0.3763811921723492
126,1994-03-30 23:00:00+00:00,-1107.71164840062,-1093.5939320505745,-1102.0309718321666,0.02069499062242032,0.0006993796029447126,5,True,252,2000,1,1,0 days 00:00:00.195437,NG1,0.3906584174240989,0.3620712771774232
127,1994-04-07 22:00:00+00:00,-1110.8487107699502,-1096.7309944199046,-1105.1680342014968,0.02066162146347985,0.0006912190121771895,5,True,252,2000,1,1,0 days 00:00:00.384220,NG1,0.020837969867893713,0.011459444366844884
128,1994-04-14 22:00:00+00:00,-1111.9251417389592,-1097.8074253889135,-1106.2444651705057,0.020511298127135095,0.0006877930697286216,5,True,252,2000,1,1,0 days 00:00:00.133719,NG1,0.3973734185923326,0.37392684734032305
129,1994-04-21 22:00:00+00:00,-1121.7246685596956,-1107.60695220965,-1116.0439919912421,0.020152779890591426,0.0006618498160802375,5,True,252,2000,1,1,0 days 00:00:00.293230,NG1,0.02128791966995537,0.01281206579767242
130,1994-05-01 22:00:00+00:00,-1138.219092503312,-1124.1013761532663,-1132.5384159348584,0.019699794472639885,0.0006196330995637764,5,True,252,2000,1,1,0 days 00:00:00.183645,NG1,0.020798628308934513,0.011644927715786771
131,1994-05-08 22:00:00+00:00,-1142.257300488472,-1128.1395841384265,-1136.5766239200186,0.01954422542534206,0.0006098236916217314,5,True,252,2000,1,1,0 days 00:00:00.306404,NG1,0.020784004660451227,0.011197553407973153
132,1994-05-15 22:00:00+00:00,-1148.312386621939,-1134.1946702718933,-1142.6317100534854,0.019169069068720946,0.0005952759350849448,5,True,252,2000,1,1,0 days 00:00:00.150333,NG1,0.02054421900952971,0.011036603841208506
133,1994-05-22 22:00:00+00:00,-1147.3710227692277,-1133.253306419182,-1141.6903462007742,0.019249566326597644,0.0005976714112400637,5,True,252,2000,1,1,0 days 00:00:00.309802,NG1,0.020792704380179813,0.01117423232734237
134,1994-05-30 22:00:00+00:00,-1157.4034398837016,-1143.285723533656,-1151.7227633152481,0.018943275129437952,0.0005742159732619122,5,True,252,2000,1,1,0 days 00:00:00.156377,NG1,0.5163986105362157,0.4842786908705359
135,1994-06-06 22:00:00+00:00,-1153.5450506686589,-1139.4273343186132,-1147.8643741002054,0.019040539646784177,0.0005830900930402454,5,True,252,2000,1,1,0 days 00:00:00.166849,NG1,1.0371359109183973,0.9966502378761933
136,1994-06-13 22:00:00+00:00,-1153.7293379699154,-1139.6116216198698,-1148.048661401462,0.01893667397123329,0.000582650727024635,5,True,252,2000,1,1,0 days 00:00:00.151219,NG1,0.6392578830407235,0.6540355253132447
137,1994-06-20 22:00:00+00:00,-1153.3507110376568,-1139.2329946876112,-1147.6700344692033,0.018998824345723454,0.0005835356064767412,5,True,252,2000,1,1,0 days 00:00:00.173299,NG1,0.7931018808335748,0.8113685742891447
138,1994-06-27 22:00:00+00:00,-1155.2837843674265,-1141.166068017381,-1149.603107798973,0.019002447194113876,0.0005790751708704873,5,True,252,2000,1,1,0 days 00:00:00.158342,NG1,1.3062966687532116,1.3299243115130206
139,1994-07-05 22:00:00+00:00,-1155.7459231950365,-1141.628206844991,-1150.065246626583,0.018925235500175237,0.0005780080676886475,5,True,252,2000,1,1,0 days 00:00:00.144964,NG1,2.101382711492498,2.120347694862949
140,1994-07-12 22:00:00+00:00,-1156.0421737250658,-1141.9244573750202,-1150.3614971566124,0.01894126866667331,0.0005773290981353411,5,True,252,2000,1,1,0 days 00:00:00.130270,NG1,2.095186488883366,2.1072110401826567
141,1994-07-19 22:00:00+00:00,-1156.6264864060508,-1142.5087700560052,-1150.9458098375974,0.01887408698180952,0.0005759920694322728,5,True,252,2000,1,1,0 days 00:00:00.158887,NG1,1.143677739127114,1.1597025279392699
142,1994-07-26 22:00:00+00:00,-1151.5351456446456,-1137.4174292946,-1145.8544690761921,0.019137478227102343,0.0005877466756387496,5,True,252,2000,1,1,0 days 00:00:00.132735,NG1,1.0002325949605646,1.0178517309635071
143,1994-08-02 22:00:00+00:00,-1149.7979358832108,-1135.6802195331652,-1144.1172593147573,0.01920124458565779,0.000591812856537794,5,True,252,2000,1,1,0 days 00:00:00.167080,NG1,1.329852921702915,1.3478844406375314
144,1994-08-09 22:00:00+00:00,-1147.073438339603,-1132.9557219895573,-1141.3927617711495,0.01943635514743567,0.000598244670427504,5,True,252,2000,1,1,0 days 00:00:00.128182,NG1,1.1843519421270567,1.187361638735472
145,1994-08-16 22:00:00+00:00,-1141.424351058496,-1127.3066347084505,-1135.7436744900426,0.01968327517127204,0.0006118052921525617,5,True,252,2000,1,1,0 days 00:00:00.146827,NG1,0.7611982513163239,0.7571488038490264
146,1994-08-23 22:00:00+00:00,-1121.1705776339795,-1107.052861283934,-1115.489901065526,0.02036866995116821,0.0006630097046925762,5,True,252,2000,1,1,0 days 00:00:00.134295,NG1,0.8654929091768291,0.8534329315861091
147,1994-08-30 22:00:00+00:00,-1119.0728017021393,-1104.9550853520936,-1113.3921251336858,0.02046347216077499,0.0006685539816554189,5,True,252,2000,1,1,0 days 00:00:00.141669,NG1,0.5183957318657787,0.514987211578348
148,1994-09-07 22:00:00+00:00,-1121.1591788581686,-1107.041462508123,-1115.4785022897152,0.020453721331719465,0.000663027454067522,5,True,252,2000,1,1,0 days 00:00:00.141840,NG1,0.6100840879293352,0.6066125213319206
149,1994-09-14 22:00:00+00:00,-1123.0589692845997,-1108.941252934554,-1117.3782927161462,0.020358097044202394,0.0006580522621331441,5,True,252,2000,1,1,0 days 00:00:00.124340,NG1,0.609345631155606,0.6020504027328709
150,1994-09-21 22:00:00+00:00,-1117.5110521402871,-1103.3933357902415,-1111.8303755718337,0.02049645955763372,0.000672740441700736,5,True,252,2000,1,1,0 days 00:00:00.115860,NG1,0.6231928076065761,0.6206451802122133
151,1994-09-28 22:00:00+00:00,-1087.17225719628,-1073.0545408462344,-1081.4915806278266,0.02092691879929188,0.0007587365303318526,5,True,252,2000,1,1,0 days 00:00:00.184157,NG1,0.4553943078057806,0.4251252735808308
152,1994-10-05 22:00:00+00:00,-1087.3576311406268,-1073.2399147905812,-1081.6769545721734,0.02096743912281749,0.0007581988538156298,5,True,252,2000,1,1,0 days 00:00:00.127171,NG1,0.35573066946830445,0.32732784389843306
153,1994-10-12 22:00:00+00:00,-1089.8173802775596,-1075.699663927514,-1084.136703709106,0.020796731364440536,0.0007508470251368313,5,True,252,2000,1,1,0 days 00:00:00.122989,NG1,0.3570564229452184,0.32909497825208567
154,1994-10-19 22:00:00+00:00,-1088.0944334417181,-1073.9767170916725,-1082.4137568732647,0.020964378652283223,0.0007560401832693007,5,True,252,2000,1,1,0 days 00:00:00.149569,NG1,0.3326389893651739,0.30588845388683095
155,1994-10-26 22:00:00+00:00,-1056.0540321177468,-1041.9363157677012,-1050.3733555492934,0.021569226765706617,0.0008584924243346472,5,True,252,2000,1,1,0 days 00:00:00.133313,NG1,0.3675621878627068,0.3418219509587484
156,1994-11-02 23:00:00+00:00,-1056.6071239218654,-1042.4894075718198,-1050.926447353412,0.021413615767002275,0.0008565837394377325,5,True,252,2000,1,1,0 days 00:00:00.167445,NG1,0.2602392798003979,0.23449559038549284
157,1994-11-09 23:00:00+00:00,-1054.2644139589338,-1040.1466976088882,-1048.5837373904803,0.021481793543140955,0.0008645919071374283,5,True,252,2000,1,1,0 days 00:00:00.149655,NG1,0.2861005592793367,0.25872444203918965
158,1994-11-16 23:00:00+00:00,-1052.888671564072,-1038.7709552140263,-1047.2079949956185,0.0215583006443214,0.0008693226862210449,5,True,252,2000,1,1,0 days 00:00:00.165958,NG1,0.3476643161272969,0.31843477962307276
159,1994-11-27 23:00:00+00:00,-1044.3807486987903,-1030.2630323487447,-1038.7000721303368,0.021944499979186346,0.0008991883356177327,5,True,252,2000,1,1,0 days 00:00:00.200480,NG1,0.2542991615407193,0.22769946417178102
160,1994-12-04 23:00:00+00:00,-1042.6160260658116,-1028.498309715766,-1036.9353494973582,0.022237328995250057,0.0009056127225509262,5,True,252,2000,1,1,0 days 00:00:00.200155,NG1,0.021639347962900957,0.011484319846311312
161,1994-12-11 23:00:00+00:00,-1039.9159926681173,-1025.7982763180717,-1034.2353160996638,0.022380670280501423,0.000915232583428889,5,True,252,2000,1,1,0 days 00:00:00.199910,NG1,0.022524191257186053,0.011186844839674989
162,1994-12-18 23:00:00+00:00,-1037.461775591883,-1023.3440592418373,-1031.7810990234295,0.022479278780364865,0.0009242349667348388,5,True,252,2000,1,1,0 days 00:00:00.292834,NG1,0.024404765503847403,0.011369078500934972
163,1994-12-26 23:00:00+00:00,-1037.7985893004602,-1023.6808729504145,-1032.1179127320067,0.022139250860895954,0.000923040207360892,5,True,252,2000,1,1,0 days 00:00:00.307311,NG1,0.15986480857347232,0.13479394861289581
164,1995-01-03 23:00:00+00:00,-1042.200917334951,-1028.0832009849055,-1036.5202407664976,0.022028305419381243,0.00090638543753333,5,True,252,2000,1,1,0 days 00:00:00.242191,NG1,0.025597433853344228,0.01101818607813487
165,1995-01-10 23:00:00+00:00,-1050.038807991497,-1035.9210916414513,-1044.3581314230435,0.021660503438679642,0.0008781244294769337,5,True,252,2000,1,1,0 days 00:00:00.358577,NG1,0.025575561353009063,0.011018765810086614
166,1995-01-17 23:00:00+00:00,-1039.881523996819,-1025.7638076467733,-1034.2008474283655,0.022090275492695693,0.0009141268162945229,5,True,252,2000,1,1,0 days 00:00:00.175560,NG1,0.026060409363446974,0.01076028763704918
167,1995-01-24 23:00:00+00:00,-1038.0738330637773,-1023.9561167137316,-1032.3931564953239,0.02228613697290818,0.0009208257926845054,5,True,252,2000,1,1,0 days 00:00:00.291412,NG1,0.026100952285363008,0.01125869436010336
168,1995-01-31 23:00:00+00:00,-1040.6399648055394,-1026.5222484554938,-1034.959288237086,0.02175927668483206,0.0009128910037782206,5,True,252,2000,1,1,0 days 00:00:00.175597,NG1,0.12123039824376072,0.09384946621955143
169,1995-02-07 23:00:00+00:00,-1041.4835841577042,-1027.3658678076586,-1035.8029075892507,0.0218816001890995,0.0009094813685849607,5,True,252,2000,1,1,0 days 00:00:00.209367,NG1,0.15701760600636436,0.12059240504144281
170,1995-02-14 23:00:00+00:00,-1044.6166296007204,-1030.4989132506748,-1038.935953032267,0.021893197060790594,0.0008960104342356969,5,True,252,2000,1,1,0 days 00:00:00.330894,NG1,0.026756976095556884,0.011451887713440646
171,1995-02-22 23:00:00+00:00,-1045.8310540216694,-1031.7133376716238,-1040.150377453216,0.02177376724451098,0.0008916553750656264,5,True,252,2000,1,1,0 days 00:00:00.286062,NG1,0.02699428830958067,0.01186837586002796
172,1995-03-01 23:00:00+00:00,-1047.349068779752,-1033.2313524297065,-1041.6683922112986,0.021581661557439447,0.0008861536957989759,5,True,252,2000,1,1,0 days 00:00:00.198405,NG1,0.02687257102638484,0.011838881859795928
173,1995-03-08 23:00:00+00:00,-1047.453086895468,-1033.3353705454224,-1041.7724103270145,0.021599574724309456,0.0008860146703932455,5,True,252,2000,1,1,0 days 00:00:00.298071,NG1,0.026890894965504623,0.011853802007699806
174,1995-03-15 23:00:00+00:00,-1045.0688404184848,-1030.9511240684392,-1039.3881638500313,0.021538816627518376,0.0008944309027312181,5,True,252,2000,1,1,0 days 00:00:00.293098,NG1,0.026969237266367768,0.012364619296330977
175,1995-03-22 23:00:00+00:00,-1044.848028721589,-1030.7303123715433,-1039.1673521531354,0.021568040390422562,0.0008952080521265773,5,True,252,2000,1,1,0 days 00:00:00.277285,NG1,0.02667528198393846,0.012396091932229701
176,1995-03-29 23:00:00+00:00,-1040.9998182791765,-1026.8821019291308,-1035.319141710723,0.021644296487330517,0.0009110752049533264,5,True,252,2000,1,1,0 days 00:00:00.164681,NG1,0.14665217266385575,0.11253205436768539
177,1995-04-05 22:00:00+00:00,-1043.126486300138,-1029.0087699500923,-1037.4458097316844,0.02142809744342755,0.0009033113740475206,5,True,252,2000,1,1,0 days 00:00:00.182882,NG1,0.1962673346434252,0.15054737848846628
178,1995-04-12 22:00:00+00:00,-1044.700890118755,-1030.5831737687095,-1039.0202135503016,0.021514208704673552,0.0008963467345501487,5,True,252,2000,1,1,0 days 00:00:00.283239,NG1,0.025257229312581682,0.013382954814424546
179,1995-04-20 22:00:00+00:00,-1043.07090384626,-1028.9531874962145,-1037.3902272778066,0.021434226502456622,0.0009035629938639393,5,True,252,2000,1,1,0 days 00:00:00.193306,NG1,0.14551129302653895,0.1107224313423206
180,1995-04-27 22:00:00+00:00,-1044.3946660406864,-1030.2769496906408,-1038.713989472233,0.02119835960317243,0.0008988380270212736,5,True,252,2000,1,1,0 days 00:00:00.206990,NG1,0.1271458018720021,0.09580408776713298
181,1995-05-04 22:00:00+00:00,-1045.0621187022184,-1030.9444023521728,-1039.381442133765,0.021115661816502505,0.0008964693189400809,5,True,252,2000,1,1,0 days 00:00:00.183959,NG1,0.13206128571453637,0.0995316080257951
182,1995-05-11 22:00:00+00:00,-1045.1427043640438,-1031.0249880139982,-1039.4620277955903,0.021137462009438737,0.0008962245145540771,5,True,252,2000,1,1,0 days 00:00:00.200302,NG1,0.11536957503119231,0.08724511938218206
183,1995-05-18 22:00:00+00:00,-1043.7287059420273,-1029.6109895919817,-1038.0480293735739,0.0212233887269501,0.0009013307242509577,5,True,252,2000,1,1,0 days 00:00:00.182725,NG1,0.11438416428636829,0.08646646679197519
184,1995-05-25 22:00:00+00:00,-1042.2887013674967,-1028.1709850174511,-1036.6080247990433,0.021228862779766513,0.0009066225878059107,5,True,252,2000,1,1,0 days 00:00:00.199848,NG1,0.11451689115526845,0.08801296830053919
185,1995-06-04 22:00:00+00:00,-1045.3206177213692,-1031.2029013713236,-1039.6399411529158,0.021160079275109375,0.0008957213091508694,5,True,252,2000,1,1,0 days 00:00:00.176042,NG1,0.09370513239736919,0.06713516240356077
186,1995-06-11 22:00:00+00:00,-1049.3832617019207,-1035.265545351875,-1043.7025851334672,0.02080820744456242,0.0008812235002460249,5,True,252,2000,1,1,0 days 00:00:00.157402,NG1,0.08720251598303223,0.06113359122062973
187,1995-06-18 22:00:00+00:00,-1048.1313860273294,-1034.0136696772838,-1042.450709458876,0.020865778337313668,0.000885788333133525,5,True,252,2000,1,1,0 days 00:00:00.166274,NG1,0.09202157599628501,0.06538724917747327
188,1995-06-25 22:00:00+00:00,-1051.0123003734566,-1036.894584023411,-1045.3316238050031,0.02053023004908064,0.0008756177238733016,5,True,252,2000,1,1,0 days 00:00:00.184308,NG1,0.09888804421007058,0.07353867316368741
189,1995-07-04 22:00:00+00:00,-1047.495898852113,-1033.3781825020674,-1041.8152222836595,0.02067121292540391,0.0008888140372757832,5,True,252,2000,1,1,0 days 00:00:00.216345,NG1,0.026744766972605277,0.013529401782068736
190,1995-07-11 22:00:00+00:00,-1050.3811540554962,-1036.2634377054505,-1044.7004774870427,0.020557490048584284,0.0008789424992274845,5,True,252,2000,1,1,0 days 00:00:00.192544,NG1,0.028300666658139035,0.01310531467388742
191,1995-07-18 22:00:00+00:00,-1048.0930631762117,-1033.975346826166,-1042.4123866077582,0.020773969636936052,0.0008859510347661189,5,True,252,2000,1,1,0 days 00:00:00.174171,NG1,0.10481192056156795,0.07816855943168681
192,1995-07-25 22:00:00+00:00,-1050.4893629198596,-1036.371646569814,-1044.808686351406,0.02062578467985434,0.0008774396531223984,5,True,252,2000,1,1,0 days 00:00:00.176017,NG1,0.10410559214057487,0.07750102903379932
193,1995-08-01 22:00:00+00:00,-1037.4568046868221,-1023.3390883367764,-1031.7761281183687,0.021189068064964806,0.0009241875421546307,5,True,252,2000,1,1,0 days 00:00:00.190233,NG1,0.09662541927121258,0.07107796308298556
194,1995-08-08 22:00:00+00:00,-1040.6900697693968,-1026.5723534193512,-1035.0093932009434,0.02100884335019274,0.0009125208997945345,5,True,252,2000,1,1,0 days 00:00:00.166948,NG1,0.09179049706290214,0.06358911259931849
195,1995-08-15 22:00:00+00:00,-1043.0585320230844,-1028.9408156730387,-1037.377855454631,0.020843542290280827,0.0009041184046313388,5,True,252,2000,1,1,0 days 00:00:00.183753,NG1,0.08792276028719381,0.061514805161626156
196,1995-08-22 22:00:00+00:00,-1037.8801515453229,-1023.7624351952771,-1032.1994749768694,0.020727370958721084,0.0009228970878813204,5,True,252,2000,1,1,0 days 00:00:00.159532,NG1,0.06488774968437025,0.049763138204191856
197,1995-08-29 22:00:00+00:00,-1053.4706415681571,-1039.3529252181115,-1047.7899649997037,0.0203211295429656,0.000867208638827943,5,True,252,2000,1,1,0 days 00:00:00.173838,NG1,0.0882253419955852,0.06074944107641233
198,1995-09-06 22:00:00+00:00,-1052.3294242114166,-1038.211707861371,-1046.6487476429631,0.020375531437324224,0.0008712578893913912,5,True,252,2000,1,1,0 days 00:00:00.184450,NG1,0.0821615128654553,0.05580615636046207
199,1995-09-13 22:00:00+00:00,-1051.1106704454783,-1036.9929540954327,-1045.4299938770248,0.02038212202124076,0.0008759808346261629,5,True,252,2000,1,1,0 days 00:00:00.126323,NG1,0.08428459826410074,0.05753338216487692
200,1995-09-20 22:00:00+00:00,-1051.423595236538,-1037.3058788864923,-1045.7429186680845,0.020361274422340984,0.0008760519578861481,5,True,252,2000,1,1,0 days 00:00:00.173066,NG1,0.08930513340235675,0.06442832372063796
201,1995-09-27 22:00:00+00:00,-1075.2743221168157,-1061.15660576677,-1069.5936455483622,0.019955651652632474,0.0007960456872457818,5,True,252,2000,1,1,0 days 00:00:00.200318,NG1,0.018884824574836825,
202,1995-10-04 22:00:00+00:00,-1070.6704372479512,-1056.5527208979056,-1064.9897606794977,0.020112590762325067,0.0008101157218156997,5,True,252,2000,1,1,0 days 00:00:00.182615,NG1,0.08207329375843131,0.05650753283986098
203,1995-10-11 22:00:00+00:00,-1066.9510246537316,-1052.833308303686,-1061.270348085278,0.02043617758931332,0.0008228799744828401,5,True,252,2000,1,1,0 days 00:00:00.176056,NG1,0.07849634980378851,0.05339588550286023
204,1995-10-18 22:00:00+00:00,-1068.0062319346812,-1053.8885155846356,-1062.3255553662277,0.02030350559856126,0.0008212390649138722,5,True,252,2000,1,1,0 days 00:00:00.173949,NG1,0.07484115586233472,0.04899907697301989
205,1995-10-25 22:00:00+00:00,-1111.5969252366235,-1097.479208886578,-1105.91624866817,0.01936941924015708,0.0006886016211958804,5,True,252,2000,1,1,0 days 00:00:00.176043,NG1,0.08577791910077326,0.0592258710506461
206,1995-11-01 23:00:00+00:00,-1113.6234221130853,-1099.5057057630397,-1107.9427455446319,0.01923937015810771,0.000683241713625213,5,True,252,2000,1,1,0 days 00:00:00.157488,NG1,0.0861147813337271,0.058969151752388434
207,1995-11-08 23:00:00+00:00,-1119.2136685279502,-1105.0959521779046,-1113.5329919594967,0.01901168522256905,0.0006680955893816107,5,True,252,2000,1,1,0 days 00:00:00.191531,NG1,0.08766927971773479,0.06071502453634957
208,1995-11-15 23:00:00+00:00,-1117.0249502462316,-1102.907233896186,-1111.3442736777781,0.01922495351101898,0.0006745190715100531,5,True,252,2000,1,1,0 days 00:00:00.192371,NG1,0.09129058918130395,0.06499878285486779
209,1995-11-26 23:00:00+00:00,-1119.6537517825982,-1105.5360354325526,-1113.9730752141447,0.019141258317435204,0.0006670744955036119,5,True,252,2000,1,1,0 days 00:00:00.225263,NG1,0.11375198973561043,0.0880516317036499
210,1995-12-03 23:00:00+00:00,-1119.4604649795883,-1105.3427486295427,-1113.7797884111349,0.019148958127381623,0.0006677588985275758,5,True,252,2000,1,1,0 days 00:00:00.232602,NG1,0.13074834725981913,0.103626308004015
211,1995-12-10 23:00:00+00:00,-1126.6277940639661,-1112.5100777139205,-1120.9471174955127,0.01870290366004283,0.000648972428017774,5,True,252,2000,1,1,0 days 00:00:00.150297,NG1,0.16029325286610835,0.1335112563522529
212,1995-12-17 23:00:00+00:00,-1130.2329603283542,-1116.1152439783086,-1124.5522837599008,0.01872834470223017,0.0006396756968466499,5,True,252,2000,1,1,0 days 00:00:00.141264,NG1,0.24807487204748774,0.22174354920080253
213,1995-12-25 23:00:00+00:00,-1069.4667091093293,-1055.3489927592836,-1063.7860325408758,0.020166816698287262,0.0008141191321944099,5,True,252,2000,1,1,0 days 00:00:00.133503,NG1,0.35500392781257667,0.32361947178220907
214,1996-01-02 23:00:00+00:00,-1027.5334273319636,-1013.4157109819179,-1021.85275076351,0.02123008081854491,0.0009613814580241334,5,True,252,2000,1,1,0 days 00:00:00.126075,NG1,0.1583274130353385,0.13677262229893267
215,1996-01-09 23:00:00+00:00,-1033.504269445088,-1019.3865530950424,-1027.8235928766346,0.020772555234603838,0.000938823567798745,5,True,252,2000,1,1,0 days 00:00:00.132858,NG1,0.1346593685100394,0.1099136508118609
216,1996-01-16 23:00:00+00:00,-988.7385285204863,-974.6208121704406,-983.0578519520327,0.02239951767682504,0.0011214614020757087,5,True,252,2000,1,1,0 days 00:00:00.134045,NG1,0.26038895297422415,0.23245381289962505
217,1996-01-23 23:00:00+00:00,-978.2915271540029,-964.1738108039572,-972.6108505855493,0.022487321543297634,0.0011687280627302183,5,True,252,2000,1,1,0 days 00:00:00.106747,NG1,0.24655038607991,0.22262556945687248
218,1996-01-30 23:00:00+00:00,-941.0853158231038,-926.967599473058,-935.4046392546502,0.02417166568318712,0.001354588353824857,5,True,252,2000,1,1,0 days 00:00:00.143319,NG1,0.19877050770555346,0.16836322705702367
219,1996-02-06 23:00:00+00:00,-918.1324309367657,-904.01471458672,-912.4517543683121,0.024666111610440567,0.0014842719782714642,5,True,252,2000,1,1,0 days 00:00:00.174622,NG1,0.1617999254289808,0.13280278649716099
220,1996-02-13 23:00:00+00:00,-919.0330124812598,-904.9152961312141,-913.3523359128062,0.024552241446204714,0.001478347060669599,5,True,252,2000,1,1,0 days 00:00:00.116918,NG1,0.1618120568051945,0.133326194508565
221,1996-02-21 23:00:00+00:00,-911.4511861573986,-897.3334698073529,-905.7705095889451,0.02528318735460317,0.0015236299274387023,5,True,252,2000,1,1,0 days 00:00:00.150275,NG1,0.1518626673196072,0.12271225351500954
222,1996-02-28 23:00:00+00:00,-900.9361378188813,-886.8184214688356,-895.2554612504277,0.025664685513055438,0.0015884046212022737,5,True,252,2000,1,1,0 days 00:00:00.159863,NG1,0.1658013627781125,0.13718526638340897
223,1996-03-06 23:00:00+00:00,-898.3205275255115,-884.2028111754657,-892.6398509570579,0.025958952085396583,0.0016050386962694848,5,True,252,2000,1,1,0 days 00:00:00.164416,NG1,0.16536253231748643,0.1381558500234787
224,1996-03-13 23:00:00+00:00,-896.945893089579,-882.8281767395333,-891.2652165211255,0.026244203144373278,0.0016140854125927067,5,True,252,2000,1,1,0 days 00:00:00.141150,NG1,0.1660592809045467,0.13822437664706033
225,1996-03-20 23:00:00+00:00,-892.6899277473327,-878.572211397287,-887.0092511788791,0.026528242545866502,0.0016414322360505048,5,True,252,2000,1,1,0 days 00:00:00.134442,NG1,0.21180602506733423,0.18330156348305152
226,1996-03-27 23:00:00+00:00,-870.6461424328919,-856.5284260828462,-864.9654658644383,0.02759737962397357,0.0017911923783922225,5,True,252,2000,1,1,0 days 00:00:00.166021,NG1,0.17257281121882342,0.13985503393638177
227,1996-04-03 23:00:00+00:00,-870.0778265595237,-855.960110209478,-864.3971499910701,0.02766186719297556,0.0017953187700075286,5,True,252,2000,1,1,0 days 00:00:00.144420,NG1,0.18242028590378695,0.14896999793643406
228,1996-04-11 22:00:00+00:00,-870.0397639151823,-855.9220475651366,-864.3590873467288,0.0276303790118577,0.0017955151398068073,5,True,252,2000,1,1,0 days 00:00:00.231439,NG1,0.18056498520305259,0.14723657112232325
229,1996-04-18 22:00:00+00:00,-869.8701896111228,-855.7524732610771,-864.1895130426692,0.027633399937261643,0.001796748890326313,5,True,252,2000,1,1,0 days 00:00:00.140551,NG1,0.18089480380222914,0.14794028715401794
230,1996-04-25 22:00:00+00:00,-869.0410519147841,-854.9233355647384,-863.3603753463306,0.02776323492096103,0.0018026733009184918,5,True,252,2000,1,1,0 days 00:00:00.142712,NG1,0.18202951441700274,0.14999951914561377
231,1996-05-02 22:00:00+00:00,-868.4711052061249,-854.3533888560792,-862.7904286376713,0.02790784224076936,0.0018067867295196716,5,True,252,2000,1,1,0 days 00:00:00.132834,NG1,0.18230113198435616,0.15086931862636327
232,1996-05-09 22:00:00+00:00,-868.298533839168,-854.1808174891223,-862.6178572707145,0.02800306143350933,0.0018081186691790605,5,True,252,2000,1,1,0 days 00:00:00.151398,NG1,0.18015047004442333,0.1479734522604254
233,1996-05-16 22:00:00+00:00,-869.0318561868454,-854.9141398367997,-863.3511796183918,0.02785539306721276,0.0018028356324254929,5,True,252,2000,1,1,0 days 00:00:00.139627,NG1,0.18131945129927254,0.14872283289387953
234,1996-05-23 22:00:00+00:00,-869.6232984477912,-855.5055820977454,-863.9426218793376,0.027802932856925738,0.0017985767532699344,5,True,252,2000,1,1,0 days 00:00:00.142399,NG1,0.18215687443683395,0.15057626658974316
235,1996-06-02 22:00:00+00:00,-869.7571356547572,-855.6394193047115,-864.0764590863037,0.027725631115512503,0.0017977366357360084,5,True,252,2000,1,1,0 days 00:00:00.174887,NG1,0.18576717375340043,0.1535529709610781
236,1996-06-09 22:00:00+00:00,-870.5460224690029,-856.4283061189572,-864.8653459005493,0.027584480955696006,0.0017919562254286084,5,True,252,2000,1,1,0 days 00:00:00.150041,NG1,0.18697528652868312,0.1542446534543074
237,1996-06-16 22:00:00+00:00,-871.0393624291329,-856.9216460790872,-865.3586858606793,0.027550533716335833,0.0017885172460566344,5,True,252,2000,1,1,0 days 00:00:00.149785,NG1,0.1817094226499675,0.14822383516559895
238,1996-06-23 22:00:00+00:00,-871.7276880021708,-857.6099716521251,-866.0470114337172,0.027437067361036252,0.0017835028298204209,5,True,252,2000,1,1,0 days 00:00:00.158706,NG1,0.18214472657544345,0.14776709161250684
239,1996-06-30 22:00:00+00:00,-869.6165045429178,-855.4987881928721,-863.9358279744642,0.027749805997731438,0.0017986278547553528,5,True,252,2000,1,1,0 days 00:00:00.150855,NG1,0.1868160806600824,0.15232790427210224
240,1996-07-09 22:00:00+00:00,-870.0201571166232,-855.9024407665775,-864.3394805481696,0.02769404573005084,0.0017958281624564781,5,True,252,2000,1,1,0 days 00:00:00.165601,NG1,0.194242720704788,0.15952690047448465
241,1996-07-16 22:00:00+00:00,-870.0160154372323,-855.8982990871866,-864.3353388687788,0.027842790827870882,0.0017957514001837806,5,True,252,2000,1,1,0 days 00:00:00.167215,NG1,0.18767223050289772,0.1510589565286368
242,1996-07-23 22:00:00+00:00,-858.0732648548952,-843.9555485048495,-852.3925882864417,0.028786667093644257,0.0018830506201675955,5,True,252,2000,1,1,0 days 00:00:00.174520,NG1,0.18513198249221294,0.14704116934765726
243,1996-07-30 22:00:00+00:00,-853.0167768719247,-838.8990605218789,-847.3361003034711,0.02883332973156425,0.0019220742494026571,5,True,252,2000,1,1,0 days 00:00:00.125588,NG1,0.2557776054398572,0.2235961262117374
244,1996-08-06 22:00:00+00:00,-856.2294915540268,-842.1117752039811,-850.5488149855732,0.02879287656947855,0.0018969878727942218,5,True,252,2000,1,1,0 days 00:00:00.133800,NG1,0.2328176313891321,0.20214556525427316
245,1996-08-13 22:00:00+00:00,-856.6791878983228,-842.561471548277,-850.9985113298692,0.028645487730233368,0.0018936064635788126,5,True,252,2000,1,1,0 days 00:00:00.118296,NG1,0.22355909066796958,0.1948791840532492
246,1996-08-20 22:00:00+00:00,-853.879575368855,-839.7618590188092,-848.1988988004014,0.02893459655919194,0.0019148610627065094,5,True,252,2000,1,1,0 days 00:00:00.151176,NG1,0.20818948790733427,0.18088040797148938
247,1996-08-27 22:00:00+00:00,-854.3048041570363,-840.1870878069906,-848.6241275885827,0.02889301713614872,0.0019115820977527902,5,True,252,2000,1,1,0 days 00:00:00.137666,NG1,0.2091645204706371,0.18357176669927003
248,1996-09-04 22:00:00+00:00,-854.331072380155,-840.2133560301093,-848.6503958117014,0.028893371735188435,0.001911425981589054,5,True,252,2000,1,1,0 days 00:00:00.142591,NG1,0.2037911309846416,0.17917052327923547
249,1996-09-11 22:00:00+00:00,-853.163509547801,-839.0457931977553,-847.4828329793474,0.029046993365932142,0.001920299602456417,5,True,252,2000,1,1,0 days 00:00:00.108613,NG1,0.19912907728497412,0.17419775442513702
250,1996-09-18 22:00:00+00:00,-851.6608204997912,-837.5431041497454,-845.9801439313376,0.029096898206653916,0.001931772337783695,5,True,252,2000,1,1,0 days 00:00:00.091808,NG1,0.20430903994978644,0.1799163064362093
251,1996-09-25 22:00:00+00:00,-848.519441928399,-834.4017255783533,-842.8387653599455,0.029556116652311056,0.0019560261095432473,5,True,252,2000,1,1,0 days 00:00:00.149724,NG1,0.19336333066056868,0.16881122923758704
252,1996-10-02 22:00:00+00:00,-849.9388938715089,-835.8211775214631,-844.2582173030553,0.02935644738352954,0.0019449884107337048,5,True,252,2000,1,1,0 days 00:00:00.133202,NG1,0.19846000465702437,0.1753263338314919
253,1996-10-09 22:00:00+00:00,-848.8106735030336,-834.6929571529879,-843.12999693458,0.029495752369178955,0.001953847963100904,5,True,252,2000,1,1,0 days 00:00:00.133987,NG1,0.20204039816339237,0.17934850845397693
254,1996-10-16 22:00:00+00:00,-847.5168315935767,-833.399115243531,-841.8361550251232,0.029596978896794576,0.0019637654058643,5,True,252,2000,1,1,0 days 00:00:00.115099,NG1,0.194012212921485,0.17127615377118394
255,1996-10-23 22:00:00+00:00,-844.4161472985637,-830.298430948518,-838.7354707301101,0.030041328850841424,0.0019880694140389826,5,True,252,2000,1,1,0 days 00:00:00.092193,NG1,0.19190874392419857,0.1688879229089132
256,1996-10-30 23:00:00+00:00,-840.0941059400262,-825.9763895899805,-834.4134293715726,0.030621262741339996,0.0020224594060696374,5,True,252,2000,1,1,0 days 00:00:00.109078,NG1,0.19119557855664746,0.1685115745820303
257,1996-11-06 23:00:00+00:00,-839.1074850244132,-824.9897686743675,-833.4268084559596,0.030818263585745527,0.0020304001813986803,5,True,252,2000,1,1,0 days 00:00:00.124627,NG1,0.19073869211449926,0.16796994697667908
258,1996-11-13 23:00:00+00:00,-837.2330294933394,-823.1153131432936,-831.5523529248858,0.03111241606093274,0.0020455932630269458,5,True,252,2000,1,1,0 days 00:00:00.125420,NG1,0.18773194862893786,0.16457570113266368
259,1996-11-20 23:00:00+00:00,-824.3822400625228,-810.2645237124771,-818.7015634940692,0.031893364032414245,0.0021526719279534104,5,True,252,2000,1,1,0 days 00:00:00.219958,NG1,0.21642859672691897,0.1940055826935747
260,1996-12-01 23:00:00+00:00,-822.7580397616665,-808.6403234116208,-817.0773631932129,0.03217335664784164,0.0021666210732972156,5,True,252,2000,1,1,0 days 00:00:00.152016,NG1,0.2246757975667511,0.20266963761168832
261,1996-12-08 23:00:00+00:00,-814.6146522789273,-800.4969359288816,-808.9339757104738,0.033030356272825016,0.0022376877835675714,5,True,252,2000,1,1,0 days 00:00:00.128029,NG1,0.2116314531204626,0.1883511428505856
262,1996-12-15 23:00:00+00:00,-811.5200855662521,-797.4023692162064,-805.8394089977985,0.034136091741215194,0.002273237385155772,5,True,252,2000,1,1,0 days 00:00:00.176066,NG1,0.060682020418405466,0.032956980555405184
263,1996-12-22 23:00:00+00:00,-819.6293481244999,-805.5116317744541,-813.9486715560463,0.0335952245545518,0.0022032198314765952,5,True,252,2000,1,1,0 days 00:00:00.167924,NG1,0.055524730623488186,0.02801991808910897
264,1996-12-30 23:00:00+00:00,-829.3936568192177,-815.2759404691719,-823.7129802507641,0.033034131347185615,0.002112980620129593,5,True,252,2000,1,1,0 days 00:00:00.152000,NG1,0.059672454850543545,0.03170865979633343
265,1997-01-07 23:00:00+00:00,-815.0245552520402,-800.9068389019944,-809.3438786835866,0.034127677775424206,0.0022406442601989028,5,True,252,2000,1,1,0 days 00:00:00.160002,NG1,0.05773437910291953,0.028755714396735594
266,1997-01-14 23:00:00+00:00,-827.8313742696126,-813.7136579195669,-822.1506977011591,0.03328601015762717,0.0021301109797918034,5,True,252,2000,1,1,0 days 00:00:00.176347,NG1,0.05578333836824777,0.028834886827032655
267,1997-01-21 23:00:00+00:00,-829.4642855512512,-815.3465692012055,-823.7836089827977,0.03338276842208311,0.002119695549316686,5,True,252,2000,1,1,0 days 00:00:00.160269,NG1,0.055936126742284625,0.029219068898904164
268,1997-01-28 23:00:00+00:00,-852.256979276192,-838.1392629261463,-846.5763027077385,0.03225821707071953,0.001930504396057112,5,True,252,2000,1,1,0 days 00:00:00.168004,NG1,0.06234737804000255,0.03671438334170656
269,1997-02-04 23:00:00+00:00,-860.9302909754796,-846.8125746254339,-855.249614407026,0.03182118514534178,0.001863869135719509,5,True,252,2000,1,1,0 days 00:00:00.159996,NG1,0.07791514697259976,0.05266178948190461
270,1997-02-11 23:00:00+00:00,-864.7001580587786,-850.5824417087329,-859.019481490325,0.031835785953625795,0.001835890942887493,5,True,252,2000,1,1,0 days 00:00:00.167961,NG1,0.07480640780436745,0.04832398952524294
271,1997-02-19 23:00:00+00:00,-870.470390885463,-856.3526745354172,-864.7897143170094,0.031448721554487656,0.0017953739768671148,5,True,252,2000,1,1,0 days 00:00:00.151927,NG1,0.06635130412771574,0.03767598596703873
272,1997-02-26 23:00:00+00:00,-881.4261258253501,-867.3084094753044,-875.7454492568966,0.030712383706056983,0.0017160523084852163,5,True,252,2000,1,1,0 days 00:00:00.152474,NG1,0.07085664985502911,0.04252714802119921
273,1997-03-05 23:00:00+00:00,-879.7675873830389,-865.6498710329931,-874.0869108145853,0.03087787026473726,0.0017277463456494156,5,True,252,2000,1,1,0 days 00:00:00.167958,NG1,0.06176648618298395,0.03467602160352081
274,1997-03-12 23:00:00+00:00,-879.8398617905276,-865.7221454404819,-874.159185222074,0.030789750117239188,0.0017286916778485285,5,True,252,2000,1,1,0 days 00:00:00.167778,NG1,0.06222718439556053,0.03543196134535583
275,1997-03-19 23:00:00+00:00,-881.5770015806105,-867.4592852305648,-875.8963250121569,0.030684764626953687,0.0017188015297359125,5,True,252,2000,1,1,0 days 00:00:00.112333,NG1,0.06206404689125886,0.035672769047984006
276,1997-03-26 23:00:00+00:00,-907.3147922033348,-893.1970758532891,-901.6341156348813,0.029629488139464186,0.0015477688292527753,5,True,252,2000,1,1,0 days 00:00:00.143958,NG1,0.06370235944622493,0.03907626595462349
277,1997-04-03 23:00:00+00:00,-907.6251793671937,-893.507463017148,-901.9445027987401,0.029542476488484,0.001545796921837066,5,True,252,2000,1,1,0 days 00:00:00.176039,NG1,0.0638192242799772,0.03910813683556495
278,1997-04-10 22:00:00+00:00,-907.755329521361,-893.6376131713153,-902.0746529529074,0.029524536538429482,0.001545108525072808,5,True,252,2000,1,1,0 days 00:00:00.152004,NG1,0.06329110461501325,0.038416098829729406
279,1997-04-17 22:00:00+00:00,-907.3839519900974,-893.2662356400517,-901.7032754216439,0.029610954007142275,0.0015473909269436684,5,True,252,2000,1,1,0 days 00:00:00.151955,NG1,0.06576892028453625,0.041076397934040804
280,1997-04-24 22:00:00+00:00,-905.2975967514072,-891.1798804013615,-899.6169201829537,0.029855645598535607,0.0015604902629632411,5,True,252,2000,1,1,0 days 00:00:00.144043,NG1,0.06865558231520523,0.04472151580391437
281,1997-05-01 22:00:00+00:00,-904.7019418197875,-890.5842254697418,-899.021265251334,0.029953325569949413,0.0015642028795009783,5,True,252,2000,1,1,0 days 00:00:00.167999,NG1,0.06742859472351209,0.04297018284876063
282,1997-05-08 22:00:00+00:00,-903.4671319697428,-889.3494156196971,-897.7864554012892,0.030102420321301896,0.00157192245624958,5,True,252,2000,1,1,0 days 00:00:00.144030,NG1,0.0700833001410052,0.04536661496582462
283,1997-05-15 22:00:00+00:00,-901.1876325998072,-887.0699162497615,-895.5069560313536,0.03035959318725062,0.0015863688383426252,5,True,252,2000,1,1,0 days 00:00:00.143933,NG1,0.07607105186174547,0.0521008426706298
284,1997-05-22 22:00:00+00:00,-900.0007114100209,-885.8829950599752,-894.3200348415673,0.03053121051924255,0.001593950914479706,5,True,252,2000,1,1,0 days 00:00:00.135829,NG1,0.07820207185489762,0.05387911817627102
285,1997-06-01 22:00:00+00:00,-898.6919952401623,-884.5742788901166,-893.0113186717088,0.030748513208887995,0.0016022243822992367,5,True,252,2000,1,1,0 days 00:00:00.152356,NG1,0.07940837128421914,0.054436485532303194
286,1997-06-08 22:00:00+00:00,-898.2453933191551,-884.1276769691094,-892.5647167507016,0.030817444001722726,0.001605149323919499,5,True,252,2000,1,1,0 days 00:00:00.152005,NG1,0.08338709102621128,0.05831635591719868
287,1997-06-15 22:00:00+00:00,-898.0956272600769,-883.9779109100311,-892.4149506916233,0.030802196322848693,0.0016061578865350283,5,True,252,2000,1,1,0 days 00:00:00.151946,NG1,0.08643977201285387,0.0614295899442669
288,1997-06-22 22:00:00+00:00,-897.9653076494868,-883.8475912994411,-892.2846310810332,0.0308935126062505,0.0016070810845058609,5,True,252,2000,1,1,0 days 00:00:00.168002,NG1,0.08293804300775136,0.05785105010774113
289,1997-06-29 22:00:00+00:00,-897.2320411402451,-883.1143247901994,-891.5513645717915,0.031050205529667932,0.0016120870624006956,5,True,252,2000,1,1,0 days 00:00:00.128133,NG1,0.08227383128649404,0.05730952306245737
290,1997-07-07 22:00:00+00:00,-898.874764175322,-884.7570478252762,-893.1940876068684,0.030859438726631813,0.0016016934117608179,5,True,252,2000,1,1,0 days 00:00:00.151905,NG1,0.08384349787224563,0.058056074519045014
291,1997-07-14 22:00:00+00:00,-899.2107935630501,-885.0930772130043,-893.5301169945965,0.03072631519677775,0.0016002768486420315,5,True,252,2000,1,1,0 days 00:00:00.151997,NG1,0.09098065506033123,0.06442474941027497
292,1997-07-21 22:00:00+00:00,-907.280997333573,-893.1632809835273,-901.6003207651195,0.030018932951504002,0.001549818342382607,5,True,252,2000,1,1,0 days 00:00:00.143970,NG1,0.13450052374371588,0.10489920367334676
293,1997-07-28 22:00:00+00:00,-915.5693420755762,-901.4516257255304,-909.8886655071226,0.029379807505008515,0.0014990686063297307,5,True,252,2000,1,1,0 days 00:00:00.144066,NG1,0.18637605379592767,0.15344612220964696
294,1997-08-04 22:00:00+00:00,-916.6487784389182,-902.5310620888724,-910.9681018704646,0.029300880419409505,0.0014925364526400748,5,True,252,2000,1,1,0 days 00:00:00.144414,NG1,0.19937900636693703,0.16462486166564763
295,1997-08-11 22:00:00+00:00,-914.5133791301602,-900.3956627801144,-908.8327025617066,0.029430916672584708,0.001505338948542741,5,True,252,2000,1,1,0 days 00:00:00.144004,NG1,0.2181553843803324,0.1837573136189526
296,1997-08-18 22:00:00+00:00,-914.7729254404229,-900.6552090903772,-909.0922488719693,0.029265612283617865,0.0015041342051306996,5,True,252,2000,1,1,0 days 00:00:00.167959,NG1,0.37824350384171346,0.3393630987348087
297,1997-08-25 22:00:00+00:00,-918.7433925461427,-904.625676196097,-913.0627159776891,0.02906175354782218,0.0014802371001586105,5,True,252,2000,1,1,0 days 00:00:00.128031,NG1,0.2363836736595033,0.2018589419599659
298,1997-09-02 22:00:00+00:00,-916.7783561613602,-902.6606398113145,-911.0976795929066,0.029158299646189968,0.001491881866874825,5,True,252,2000,1,1,0 days 00:00:00.120400,NG1,0.20516727202286722,0.17111890723053744
299,1997-09-09 22:00:00+00:00,-918.7884709414694,-904.6707545914237,-913.1077943730158,0.028751018588595457,0.0014799423845501783,5,True,252,2000,1,1,0 days 00:00:00.160054,NG1,0.219145763277168,0.18551854768325451
300,1997-09-16 22:00:00+00:00,-919.9762189650411,-905.8585026149954,-914.2955423965875,0.028735027305176082,0.0014732140765129772,5,True,252,2000,1,1,0 days 00:00:00.144086,NG1,0.19976222016850587,0.16712477906849452
301,1997-09-23 22:00:00+00:00,-922.6982397089301,-908.5805233588844,-917.0175631404766,0.028468771105765494,0.0014571476461614752,5,True,252,2000,1,1,0 days 00:00:00.160169,NG1,0.20068711879014117,0.16981224308100415
302,1997-09-30 22:00:00+00:00,-913.9848095105577,-899.867093160512,-908.3041329421042,0.029027987897694167,0.0015085946096336455,5,True,252,2000,1,1,0 days 00:00:00.175937,NG1,0.1751350958267251,0.14620019677635757
303,1997-10-07 22:00:00+00:00,-915.338282307138,-901.2205659570923,-909.6576057386844,0.02897982672465089,0.0015004517910023715,5,True,252,2000,1,1,0 days 00:00:00.144368,NG1,0.17653768200610837,0.14760243727061656
304,1997-10-14 22:00:00+00:00,-917.6724152635753,-903.5546989135296,-911.9917386951217,0.028636662495016525,0.0014865193078927475,5,True,252,2000,1,1,0 days 00:00:00.104074,NG1,0.16106919417188056,0.13349981615997644
305,1997-10-21 22:00:00+00:00,-914.9625249416707,-900.844808591625,-909.2818483732171,0.028806553935721242,0.0015028353963090562,5,True,252,2000,1,1,0 days 00:00:00.143815,NG1,0.2094194769654439,0.18141166849682006
306,1997-10-28 23:00:00+00:00,-911.7691713290957,-897.65145497905,-906.0884947606421,0.029034562658584628,0.001521902931976739,5,True,252,2000,1,1,0 days 00:00:00.144473,NG1,0.20366275368816092,0.17574625339703426
307,1997-11-04 23:00:00+00:00,-913.9821950646625,-899.8644787146168,-908.3015184962089,0.028779098720739374,0.0015084848585002295,5,True,252,2000,1,1,0 days 00:00:00.143969,NG1,0.18122643316406115,0.15361716531379138
308,1997-11-11 23:00:00+00:00,-911.9220294764299,-897.8043131263842,-906.2413529079763,0.028956738596043106,0.001521142866447247,5,True,252,2000,1,1,0 days 00:00:00.143996,NG1,0.22052630287547054,0.19079555344581636
309,1997-11-18 23:00:00+00:00,-916.5067598351069,-902.3890434850612,-910.8260832666533,0.028801382030320597,0.0014940576996990704,5,True,252,2000,1,1,0 days 00:00:00.160045,NG1,0.2146481284089537,0.18660494951696543
310,1997-11-25 23:00:00+00:00,-926.6253212843254,-912.5076049342797,-920.9446447158718,0.02813545937380073,0.0014347937393998699,5,True,252,2000,1,1,0 days 00:00:00.120000,NG1,0.5802176933792239,0.5623045043703535
311,1997-12-04 23:00:00+00:00,-928.9248626486504,-914.8071462986047,-923.2441860801969,0.027918713474567775,0.0014219954194441967,5,True,252,2000,1,1,0 days 00:00:00.127991,NG1,0.6358891136027772,0.6266446579907272
312,1997-12-11 23:00:00+00:00,-935.5694474262849,-921.4517310762392,-929.8887708578313,0.02745696249509698,0.0013849463775158838,5,True,252,2000,1,1,0 days 00:00:00.112109,NG1,0.7816369686300072,0.777586776645052
313,1997-12-18 23:00:00+00:00,-963.3103596464342,-949.1926432963885,-957.6296830779806,0.02638841812483311,0.0012404753493044536,5,True,252,2000,1,1,0 days 00:00:00.224460,NG1,0.4892732188036317,0.5011927031990672
314,1997-12-28 23:00:00+00:00,-987.0794936194028,-972.9617772693571,-981.3988170509492,0.02551106649617357,0.001128836990180045,5,True,252,2000,1,1,0 days 00:00:00.159978,NG1,1.7257915877725942,1.7382707548541234
315,1998-01-05 23:00:00+00:00,-1022.2991035323266,-1008.1813871822809,-1016.618426963873,0.02447183469543147,0.000981633799477845,5,True,252,2000,1,1,0 days 00:00:00.168024,NG1,0.4915193912575573,0.47945886542036165
316,1998-01-12 23:00:00+00:00,-1029.3921511699532,-1015.2744348199075,-1023.7114746014996,0.024077793928217447,0.0009543360770463968,5,True,252,2000,1,1,0 days 00:00:00.148084,NG1,0.7053402801578026,0.6946614384835486
317,1998-01-20 23:00:00+00:00,-1044.5968426765062,-1030.4791263264606,-1038.9161661080527,0.023434632996859456,0.0008984681710380711,5,True,252,2000,1,1,0 days 00:00:00.108663,NG1,0.2934059038245189,0.3144122613896131
318,1998-01-27 23:00:00+00:00,-1050.0863664171115,-1035.968650067066,-1044.405689848658,0.023273839203299777,0.0008790720643609189,5,True,252,2000,1,1,0 days 00:00:00.128374,NG1,0.3595032015108376,0.3439999311518232
319,1998-02-03 23:00:00+00:00,-1048.0730623775262,-1033.9553460274806,-1042.3923858090727,0.023162260833975233,0.0008861972274071323,5,True,252,2000,1,1,0 days 00:00:00.152218,NG1,0.47892771323365263,0.45987674525389094
320,1998-02-10 23:00:00+00:00,-1058.6613118971918,-1044.5435955471462,-1052.9806353287383,0.022793535498749167,0.0008496850748543973,5,True,252,2000,1,1,0 days 00:00:00.136001,NG1,0.4826146091030603,0.4592681573790161
321,1998-02-18 23:00:00+00:00,-1061.1810285878078,-1047.0633122377621,-1055.5003520193543,0.022674282985384594,0.0008412277904939822,5,True,252,2000,1,1,0 days 00:00:00.183997,NG1,0.29415292711112884,0.31309015510284344
322,1998-02-25 23:00:00+00:00,-1068.855394917021,-1054.7376785669753,-1063.1747183485675,0.022241170589868978,0.0008159547807955762,5,True,252,2000,1,1,0 days 00:00:00.128413,NG1,0.4076744062297412,0.3774526373269919
323,1998-03-04 23:00:00+00:00,-1071.4631652074413,-1057.3454488573957,-1065.7824886389878,0.022135746562531457,0.0008076433946719806,5,True,252,2000,1,1,0 days 00:00:00.152003,NG1,0.3208295596481673,0.2950274113595084
324,1998-03-11 23:00:00+00:00,-1075.6426932078248,-1061.5249768577792,-1069.9620166393713,0.02199121366208021,0.0007942808042344833,5,True,252,2000,1,1,0 days 00:00:00.136006,NG1,0.33264548996216714,0.3071286474635307
325,1998-03-18 23:00:00+00:00,-1076.414347993626,-1062.2966316435804,-1070.7336714251726,0.021871312431151015,0.0007918455230553148,5,True,252,2000,1,1,0 days 00:00:00.151995,NG1,0.28006802905002637,0.25497087985277556
326,1998-03-25 23:00:00+00:00,-1077.461063493217,-1063.3433471431713,-1071.7803869247634,0.021773640766380532,0.0007885525631527452,5,True,252,2000,1,1,0 days 00:00:00.136004,NG1,0.2936316290611811,0.2680386208467958
327,1998-04-01 23:00:00+00:00,-1074.747688817832,-1060.6299724677865,-1069.0670122493786,0.02190885227794133,0.0007971021148187484,5,True,252,2000,1,1,0 days 00:00:00.151964,NG1,0.35389898497322547,0.3287005664889652
328,1998-04-08 22:00:00+00:00,-1072.569107520067,-1058.4513911700215,-1066.8884309516136,0.02198142714541296,0.0008040230373786778,5,True,252,2000,1,1,0 days 00:00:00.136037,NG1,0.42999640243337156,0.40382386843486634
329,1998-04-16 22:00:00+00:00,-1069.13642365134,-1055.0187073012944,-1063.4557470828865,0.02207766291404613,0.0008150526370404401,5,True,252,2000,1,1,0 days 00:00:00.159958,NG1,0.3355308178233187,0.30832604383943785
330,1998-04-23 22:00:00+00:00,-1062.7961924322976,-1048.678476082252,-1057.1155158638442,0.022348230593008864,0.0008358422108831643,5,True,252,2000,1,1,0 days 00:00:00.144463,NG1,0.40983144218861667,0.3814154847946731
331,1998-04-30 22:00:00+00:00,-1065.5192475963108,-1051.4015312462652,-1059.8385710278574,0.02209564387931393,0.000826838973203422,5,True,252,2000,1,1,0 days 00:00:00.168398,NG1,0.4210618530942726,0.3931859574868107
332,1998-05-07 22:00:00+00:00,-1066.3794883946093,-1052.2617720445637,-1060.6988118261559,0.022057982052561584,0.000824033749473454,5,True,252,2000,1,1,0 days 00:00:00.136002,NG1,0.4507290270034962,0.4239284768252558
333,1998-05-14 22:00:00+00:00,-1065.893724878505,-1051.7760085284594,-1060.2130483100516,0.021993445461762743,0.0008256330980107895,5,True,252,2000,1,1,0 days 00:00:00.159992,NG1,1.5209423801316915,1.5145471024602146
334,1998-05-21 22:00:00+00:00,-1066.8291309677215,-1052.711414617676,-1061.148454399268,0.021974838500189393,0.0008225661194359151,5,True,252,2000,1,1,0 days 00:00:00.160400,NG1,0.3866299776048948,0.3603187239422498
335,1998-05-31 22:00:00+00:00,-1065.4400209373257,-1051.32230458728,-1059.7593443688722,0.022012046275692268,0.0008271162985374054,5,True,252,2000,1,1,0 days 00:00:00.152076,NG1,0.4336577304993701,0.4054537434402507
336,1998-06-07 22:00:00+00:00,-1065.524442852689,-1051.4067265026433,-1059.8437662842355,0.022040436212833997,0.0008268203589490739,5,True,252,2000,1,1,0 days 00:00:00.151945,NG1,0.41600816391375617,0.38873127566219245
337,1998-06-14 22:00:00+00:00,-1063.063886545856,-1048.9461701958103,-1057.3832099774024,0.022241473727029667,0.0008349370289901889,5,True,252,2000,1,1,0 days 00:00:00.160032,NG1,0.34771120482602114,0.3225676734146585
338,1998-06-21 22:00:00+00:00,-1045.8780265926498,-1031.7603102426042,-1040.1973500241963,0.022987009726615885,0.000893864843302317,5,True,252,2000,1,1,0 days 00:00:00.128426,NG1,0.5803528668960923,0.5535554404670849
339,1998-06-28 22:00:00+00:00,-1047.969176764639,-1033.8514604145935,-1042.2885001961856,0.02283854448888919,0.0008864805936434934,5,True,252,2000,1,1,0 days 00:00:00.136050,NG1,0.5204222672282359,0.500705548351044
340,1998-07-06 22:00:00+00:00,-1046.8616709160497,-1032.743954566004,-1041.1809943475962,0.02289426834961731,0.0008903893678134275,5,True,252,2000,1,1,0 days 00:00:00.136401,NG1,0.5239952006546034,0.5049001104671765
341,1998-07-13 22:00:00+00:00,-1046.5074345445028,-1032.3897181944571,-1040.8267579760493,0.022896048123101774,0.0008916511848706551,5,True,252,2000,1,1,0 days 00:00:00.144281,NG1,0.5432101340060336,0.5239600875624069
342,1998-07-20 22:00:00+00:00,-1037.32734278204,-1023.2096264319943,-1031.6466662135865,0.023424104562823088,0.0009247404398147608,5,True,252,2000,1,1,0 days 00:00:00.135955,NG1,0.5971860924659447,0.583996920160436
343,1998-07-27 22:00:00+00:00,-1036.3579763172388,-1022.2402599671931,-1030.6772997487853,0.02345706015301768,0.0009283003026108998,5,True,252,2000,1,1,0 days 00:00:00.184337,NG1,0.6896740853825966,0.699175252825911
344,1998-08-03 22:00:00+00:00,-1037.5029073602996,-1023.3851910102538,-1031.822230791846,0.023372085531048786,0.0009241123338323765,5,True,252,2000,1,1,0 days 00:00:00.128001,NG1,0.5413221012126792,0.5267181052545966
345,1998-08-10 22:00:00+00:00,-1039.404207581335,-1025.2864912312893,-1033.7235310128815,0.023326282893390067,0.000917143766487833,5,True,252,2000,1,1,0 days 00:00:00.263962,NG1,0.4379784428830045,0.42314441422694776
346,1998-08-17 22:00:00+00:00,-1036.723498961846,-1022.6057826118002,-1031.0428223933925,0.023320373038591975,0.0009269370667900405,5,True,252,2000,1,1,0 days 00:00:00.080034,NG1,0.3976854425534933,0.3820445877600674
347,1998-08-24 22:00:00+00:00,-1040.0328249502804,-1025.9151086002348,-1034.352148381827,0.02318728286053398,0.0009155867334901061,5,True,252,2000,1,1,0 days 00:00:00.255999,NG1,0.01998710984519521,0.010057105229107488
348,1998-08-31 22:00:00+00:00,-1036.7076917255258,-1022.5899753754801,-1031.0270151570724,0.02337236792122696,0.0009270155132842404,5,True,252,2000,1,1,0 days 00:00:00.136385,NG1,0.4173785683360354,0.40089582052910366
349,1998-09-08 22:00:00+00:00,-1030.6299452460248,-1016.5122288959791,-1024.9492686775714,0.023755999548516017,0.0009496202158940811,5,True,252,2000,1,1,0 days 00:00:00.119999,NG1,0.3826932380895546,0.3669719564071476
350,1998-09-15 22:00:00+00:00,-1015.8081317400905,-1001.6904153900448,-1010.1274551716369,0.02456825867705311,0.0010071690012406014,5,True,252,2000,1,1,0 days 00:00:00.136035,NG1,0.44488448677406056,0.4336686164843714
351,1998-09-22 22:00:00+00:00,-1019.3669019700478,-1005.2491856200021,-1013.6862254015942,0.024385469906882805,0.000993037345407917,5,True,252,2000,1,1,0 days 00:00:00.128014,NG1,0.37935829708877244,0.36622155376818855
352,1998-09-29 22:00:00+00:00,-1029.3577283756917,-1015.240012025646,-1023.6770518072382,0.024085490083038594,0.000954449987762499,5,True,252,2000,1,1,0 days 00:00:00.111989,NG1,0.5594090321440249,0.5488132813638135
353,1998-10-06 22:00:00+00:00,-1033.2546334478593,-1019.1369170978136,-1027.5739568794058,0.02395619356223396,0.0009398082601088125,5,True,252,2000,1,1,0 days 00:00:00.167994,NG1,0.11979418018688373,0.13238086566183538
354,1998-10-13 22:00:00+00:00,-1030.80520549739,-1016.6874891473443,-1025.1245289289366,0.024017648999805123,0.0009489768740613761,5,True,252,2000,1,1,0 days 00:00:00.120014,NG1,0.7871214694326584,0.781514123428762
355,1998-10-20 22:00:00+00:00,-1035.1655747335249,-1021.0478583834791,-1029.4848981650714,0.02376697992154786,0.0009326925987936099,5,True,252,2000,1,1,0 days 00:00:00.135995,NG1,0.587807488664296,0.5791555891265973
356,1998-10-27 23:00:00+00:00,-1025.4985629116204,-1011.3808465615747,-1019.8178863431668,0.024042897528719083,0.0009694985347935798,5,True,252,2000,1,1,0 days 00:00:00.176001,NG1,0.1315017457942325,0.1474233493368577
357,1998-11-03 23:00:00+00:00,-1028.3411794549252,-1014.2234631048794,-1022.6605028864716,0.02394728547508588,0.0009582906782642132,5,True,252,2000,1,1,0 days 00:00:00.152118,NG1,0.5635450273864879,0.5590069090825809
358,1998-11-10 23:00:00+00:00,-1026.293420892704,-1012.1757045426583,-1020.6127443242505,0.023987476637098677,0.000966110562902379,5,True,252,2000,1,1,0 days 00:00:00.136385,NG1,0.4991106626569276,0.4974342766755575
359,1998-11-17 23:00:00+00:00,-1031.4434979547514,-1017.3257816047056,-1025.762821386298,0.02383234535958939,0.0009465458776648589,5,True,252,2000,1,1,0 days 00:00:00.143963,NG1,0.4136413485694533,0.4117749062012925
360,1998-11-24 23:00:00+00:00,-1029.851740704114,-1015.7340243540683,-1024.1710641356606,0.023968924124053454,0.0009525180940989015,5,True,252,2000,1,1,0 days 00:00:00.096001,NG1,0.3391655392906161,0.3343684007343016
361,1998-12-03 23:00:00+00:00,-1023.6538176420072,-1009.5361012919615,-1017.9731410735536,0.024181139469355985,0.0009763705606649055,5,True,252,2000,1,1,0 days 00:00:00.128003,NG1,0.4118842323488994,0.4062581281310932
362,1998-12-10 23:00:00+00:00,-1017.0605871301123,-1002.9428707800665,-1011.3799105616587,0.024359964193013568,0.0010021432136794453,5,True,252,2000,1,1,0 days 00:00:00.119824,NG1,0.5024882654855759,0.49440864848292404
363,1998-12-17 23:00:00+00:00,-1015.2727767625273,-1001.1550604124816,-1009.5921001940737,0.024491318084076234,0.001009287833019963,5,True,252,2000,1,1,0 days 00:00:00.150822,NG1,0.5674748814342102,0.5604165022881491
364,1998-12-27 23:00:00+00:00,-1014.5923496504194,-1000.4746333003736,-1008.9116730819658,0.024448801888118366,0.0010120286494319306,5,True,252,2000,1,1,0 days 00:00:00.161751,NG1,0.5630088135937076,0.5551074505040491
365,1999-01-04 23:00:00+00:00,-1006.3344415100456,-992.2167251599999,-1000.653764941592,0.02495803023441903,0.0010457450967088875,5,True,252,2000,1,1,0 days 00:00:00.152000,NG1,0.7537144873377134,0.7385972421910644
366,1999-01-11 23:00:00+00:00,-1003.893416119453,-989.7756997694073,-998.2127395509995,0.025114060681408392,0.0010559190154303933,5,True,252,2000,1,1,0 days 00:00:00.144050,NG1,1.0251947583439496,0.9970611276613723
367,1999-01-19 23:00:00+00:00,-1004.6060521833759,-990.4883358333302,-998.9253756149224,0.02499843978974439,0.0010529556876424885,5,True,252,2000,1,1,0 days 00:00:00.121676,NG1,1.4022147282912434,1.3860086393565405
368,1999-01-26 23:00:00+00:00,-999.7712261636926,-985.6535098136469,-994.090549595239,0.025203563903784396,0.0010733378854925755,5,True,252,2000,1,1,0 days 00:00:00.151497,NG1,1.605196701662432,1.571640747114807
369,1999-02-02 23:00:00+00:00,-1003.5807539727674,-989.4630376227217,-997.9000774043138,0.024987107999837995,0.001057209804616352,5,True,252,2000,1,1,0 days 00:00:00.207997,NG1,0.736199940250708,0.7091152302721604
370,1999-02-09 23:00:00+00:00,-1004.7679013253315,-990.6501849752858,-999.087224756878,0.02503682985136432,0.0010522520072962036,5,True,252,2000,1,1,0 days 00:00:00.144037,NG1,1.3192835667159175,1.3031714683730826
371,1999-02-17 23:00:00+00:00,-1005.243728564062,-991.1260122140163,-999.5630519956085,0.02499839965165646,0.0010503218682262425,5,True,252,2000,1,1,0 days 00:00:00.136003,NG1,0.8707357818056182,0.8738009848556447
372,1999-02-24 23:00:00+00:00,-1005.3287461681019,-991.2110298180562,-999.6480695996484,0.025002586262055503,0.0010499915728509886,5,True,252,2000,1,1,0 days 00:00:00.175958,NG1,0.7146846036128016,0.7205711402779417
373,1999-03-03 23:00:00+00:00,-1005.5698213034794,-991.4521049534337,-999.8891447350259,0.025032844013199183,0.001048901312994567,5,True,252,2000,1,1,0 days 00:00:00.161401,NG1,0.8166319940903672,0.8146074861083029
374,1999-03-10 23:00:00+00:00,-999.8335308829095,-985.7158145328638,-994.1528543144559,0.02532362240488733,0.0010730702170234114,5,True,252,2000,1,1,0 days 00:00:00.159022,NG1,0.7842518108648147,0.7835816043536847
375,1999-03-17 23:00:00+00:00,-998.0792666801309,-983.9615503300852,-992.3985901116773,0.025500453873528575,0.001080585771577171,5,True,252,2000,1,1,0 days 00:00:00.151999,NG1,0.7901747875708189,0.7944152961140244
376,1999-03-24 23:00:00+00:00,-997.0152640336522,-982.8975476836065,-991.3345874651986,0.02556856318188996,0.0010851447569188895,5,True,252,2000,1,1,0 days 00:00:00.127996,NG1,0.7701187267622641,0.7674436641478647
377,1999-03-31 23:00:00+00:00,-997.0549977076756,-982.9372813576299,-991.374321139222,0.025589768033464064,0.0010849598954047917,5,True,252,2000,1,1,0 days 00:00:00.120346,NG1,0.7489852348094982,0.7484222646129033
378,1999-04-08 22:00:00+00:00,-999.4188508927979,-985.3011345427522,-993.7381743243443,0.025411775449470184,0.0010748309146678874,5,True,252,2000,1,1,0 days 00:00:00.128031,NG1,0.6979022355541226,0.6984878253086311
379,1999-04-15 22:00:00+00:00,-1002.8333215241652,-988.7156051741194,-997.1526449557116,0.025241125354041695,0.0010603700219574844,5,True,252,2000,1,1,0 days 00:00:00.119963,NG1,0.667225407909454,0.670197222417874
380,1999-04-22 22:00:00+00:00,-1007.3933622513613,-993.2756459013156,-1001.7126856829077,0.02497770730505911,0.0010413804960204647,5,True,252,2000,1,1,0 days 00:00:00.120046,NG1,0.6595563948330492,0.6649287994895483
381,1999-04-29 22:00:00+00:00,-1007.3124521895026,-993.1947358394568,-1001.631775621049,0.0250431724101612,0.0010416972250348335,5,True,252,2000,1,1,0 days 00:00:00.119958,NG1,0.6932542886119852,0.6984443413338934
382,1999-05-06 22:00:00+00:00,-1006.4985492890065,-992.3808329389608,-1000.8178727205529,0.025122704096232087,0.0010450593509331101,5,True,252,2000,1,1,0 days 00:00:00.152001,NG1,0.7387356401214239,0.742536892377567
383,1999-05-13 22:00:00+00:00,-1006.2314451649482,-992.1137288149025,-1000.5507685964947,0.025134513428509527,0.0010461611536611776,5,True,252,2000,1,1,0 days 00:00:00.144002,NG1,0.7189375586881959,0.7188096199119915
384,1999-05-20 22:00:00+00:00,-1004.5922683615894,-990.4745520115437,-998.9115917931358,0.02524496317595299,0.0010530311418900796,5,True,252,2000,1,1,0 days 00:00:00.119998,NG1,0.7421824472902419,0.7457537266141329
385,1999-05-27 22:00:00+00:00,-1004.6284277183664,-990.5107113683207,-998.9477511499128,0.025302821508422488,0.001052912756544976,5,True,252,2000,1,1,0 days 00:00:00.152001,NG1,0.7850557290474847,0.7954474483404239
386,1999-06-06 22:00:00+00:00,-1008.5855001109591,-994.4677837609133,-1002.9048235425055,0.025036523504654882,0.0010364302584889116,5,True,252,2000,1,1,0 days 00:00:00.120040,NG1,0.6838804892955382,0.695240236490427
387,1999-06-13 22:00:00+00:00,-1008.670176791307,-994.5524604412612,-1002.9895002228534,0.025062086510520058,0.0010361160346582115,5,True,252,2000,1,1,0 days 00:00:00.144465,NG1,0.5328063570297827,0.5386772662628211
388,1999-06-20 22:00:00+00:00,-1018.8230106342853,-1004.7052942842396,-1013.1423340658317,0.024526898457517193,0.0009952314738786972,5,True,252,2000,1,1,0 days 00:00:00.168015,NG1,0.8433807290059828,0.8445795971746531
389,1999-06-27 22:00:00+00:00,-1022.7181063642583,-1008.6003900142126,-1017.0374297958048,0.024271064366760912,0.0009799256782289248,5,True,252,2000,1,1,0 days 00:00:00.136027,NG1,0.7863163889302941,0.7862808505780111
390,1999-07-05 22:00:00+00:00,-1020.2265689778651,-1006.1088526278194,-1014.5458924094115,0.024434810255270428,0.0009896565108694021,5,True,252,2000,1,1,0 days 00:00:00.135973,NG1,0.8969934073764905,0.8968829149854731
391,1999-07-12 22:00:00+00:00,-1020.3091689096568,-1006.1914525596111,-1014.6284923412032,0.024475509632641567,0.0009893417682387076,5,True,252,2000,1,1,0 days 00:00:00.152036,NG1,0.8588411339765595,0.8580238298793559
392,1999-07-19 22:00:00+00:00,-1028.1408087015811,-1014.0230923515354,-1022.4601321331276,0.02398000441571174,0.0009603901344698408,5,True,252,2000,1,1,0 days 00:00:00.287993,NG1,0.025288772490951173,0.012075258518981774
393,1999-07-26 22:00:00+00:00,-1025.8029754266927,-1011.685259076647,-1020.1222988582391,0.023936833519532144,0.0009689612325775193,5,True,252,2000,1,1,0 days 00:00:00.247967,NG1,0.0252815304881519,0.013463730682021708
394,1999-08-02 22:00:00+00:00,-1021.4368320424605,-1007.3191156924148,-1015.756155474007,0.024259539308651306,0.0009849106464264008,5,True,252,2000,1,1,0 days 00:00:00.136057,NG1,0.8716788070180965,0.872194146584294
395,1999-08-09 22:00:00+00:00,-1020.1414635243309,-1006.0237471742852,-1014.4607869558773,0.024407873026967734,0.0009900038131697504,5,True,252,2000,1,1,0 days 00:00:00.152290,NG1,0.7638432468308382,0.7682835830919612
396,1999-08-16 22:00:00+00:00,-1022.547467682643,-1008.4297513325972,-1016.8667911141894,0.02421834237126758,0.0009806700544134645,5,True,252,2000,1,1,0 days 00:00:00.127995,NG1,0.7029530278010558,0.7076379418276281
397,1999-08-23 22:00:00+00:00,-1027.818043766958,-1013.7003274169123,-1022.1373671985044,0.023990687316089422,0.0009602859557198242,5,True,252,2000,1,1,0 days 00:00:00.127964,NG1,0.8234684189554842,0.8330832489560854
398,1999-08-30 22:00:00+00:00,-1029.8929201125588,-1015.7752037625131,-1024.2122435441054,0.023828067593756413,0.0009524476658029094,5,True,252,2000,1,1,0 days 00:00:00.135691,NG1,0.6933315643234048,0.7016778250473348
399,1999-09-07 22:00:00+00:00,-1024.3988063077986,-1010.2810899577529,-1018.718129739345,0.023784883898862744,0.0009740713342470599,5,True,252,2000,1,1,0 days 00:00:00.226666,NG1,0.00841399134248411,0.014698255360246451
