Date,rescaled_pnl
2014-05-13 00:00:00-04:00,970.7511138916032
2014-05-14 00:00:00-04:00,1101.2239685058544
2014-05-15 00:00:00-04:00,701.7720718383786
2014-05-16 00:00:00-04:00,-299.03955841064476
2014-05-19 00:00:00-04:00,-34.27008056640733
2014-05-20 00:00:00-04:00,-304.4877452850332
2014-05-21 00:00:00-04:00,178.74414634704584
2014-05-22 00:00:00-04:00,-66.29046821594238
2014-05-23 00:00:00-04:00,-407.3714714050293
2014-05-27 00:00:00-04:00,-546.2960205078128
2014-05-28 00:00:00-04:00,2.0400981903048887
2014-05-29 00:00:00-04:00,-94.89996910095245
2014-05-30 00:00:00-04:00,676.5785655975366
2014-06-02 00:00:00-04:00,878.7595481872553
2014-06-03 00:00:00-04:00,996.0932102203383
2014-06-04 00:00:00-04:00,920.6167697906542
2014-06-05 00:00:00-04:00,1152.6784534454328
2014-06-06 00:00:00-04:00,1664.6205844879153
2014-06-09 00:00:00-04:00,2223.9707050323486
2014-06-10 00:00:00-04:00,2202.309953689575
2014-06-11 00:00:00-04:00,2091.7501068115266
2014-06-12 00:00:00-04:00,1564.5099067687993
2014-06-13 00:00:00-04:00,330.7898445129367
2014-06-16 00:00:00-04:00,880.9211006164554
2014-06-17 00:00:00-04:00,1092.4337043762212
2014-06-18 00:00:00-04:00,1659.938037872315
2014-06-19 00:00:00-04:00,2718.570400238039
2014-06-20 00:00:00-04:00,2765.345027923585
2014-06-23 00:00:00-04:00,3119.535869598388
2014-06-24 00:00:00-04:00,3133.135585784913
2014-06-25 00:00:00-04:00,2577.075809478758
2014-06-26 00:00:00-04:00,3168.055576324464
2014-06-27 00:00:00-04:00,3218.5962944030744
2014-06-30 00:00:00-04:00,3163.2833671569833
2014-07-01 00:00:00-04:00,3160.8131675720224
2014-07-02 00:00:00-04:00,4336.046035766604
2014-07-03 00:00:00-04:00,4482.246263504029
2014-07-07 00:00:00-04:00,5624.798303604128
2014-07-08 00:00:00-04:00,4558.253015518189
2014-07-09 00:00:00-04:00,3164.055828094486
2014-07-10 00:00:00-04:00,3239.965023040775
2014-07-11 00:00:00-04:00,3213.3940696716345
2014-07-14 00:00:00-04:00,3236.174121856693
2014-07-15 00:00:00-04:00,3296.9069480896032
2014-07-16 00:00:00-04:00,3145.0739707946814
2014-07-17 00:00:00-04:00,3493.7779197692907
2014-07-18 00:00:00-04:00,2926.648082733158
2014-07-21 00:00:00-04:00,3383.3823814392126
2014-07-22 00:00:00-04:00,3303.563594818119
2014-07-23 00:00:00-04:00,3536.4346275329626
2014-07-24 00:00:00-04:00,3687.59207344055
2014-07-25 00:00:00-04:00,3877.5787143707275
2014-07-28 00:00:00-04:00,3000.5413398742658
2014-07-29 00:00:00-04:00,2804.50477600098
2014-07-30 00:00:00-04:00,2475.332973480223
2014-07-31 00:00:00-04:00,2467.122844696043
2014-08-01 00:00:00-04:00,2642.818416595457
2014-08-04 00:00:00-04:00,2651.0337257385236
2014-08-05 00:00:00-04:00,2621.474597930905
2014-08-06 00:00:00-04:00,2672.3775444030744
2014-08-07 00:00:00-04:00,2930.9529457092267
2014-08-08 00:00:00-04:00,2702.712276458737
2014-08-11 00:00:00-04:00,3013.8991279602033
2014-08-12 00:00:00-04:00,2982.8959541320783
2014-08-13 00:00:00-04:00,2918.2760429382306
2014-08-14 00:00:00-04:00,3462.3870964050284
2014-08-15 00:00:00-04:00,3998.5984001159636
2014-08-18 00:00:00-04:00,3932.0414772033673
2014-08-19 00:00:00-04:00,5049.58873367309
2014-08-20 00:00:00-04:00,5837.741512298583
2014-08-21 00:00:00-04:00,6139.777652740477
2014-08-22 00:00:00-04:00,6421.200672149649
2014-08-25 00:00:00-04:00,6303.892072677609
2014-08-26 00:00:00-04:00,7064.1243343353235
2014-08-27 00:00:00-04:00,7405.7640800476
2014-08-28 00:00:00-04:00,7444.524459838867
2014-08-29 00:00:00-04:00,7308.546413421627
2014-09-02 00:00:00-04:00,7463.414852142329
2014-09-03 00:00:00-04:00,7522.25034332275
2014-09-04 00:00:00-04:00,7539.908782958981
2014-09-05 00:00:00-04:00,7717.662750244137
2014-09-08 00:00:00-04:00,8184.644561767575
2014-09-09 00:00:00-04:00,8190.136260986327
2014-09-10 00:00:00-04:00,7150.371833801269
2014-09-11 00:00:00-04:00,7837.681980133058
2014-09-12 00:00:00-04:00,7995.794239044193
2014-09-15 00:00:00-04:00,8072.128101348878
2014-09-16 00:00:00-04:00,7687.024578094483
2014-09-17 00:00:00-04:00,7664.097766876224
2014-09-18 00:00:00-04:00,7672.961940765382
2014-09-19 00:00:00-04:00,8402.812007904055
2014-09-22 00:00:00-04:00,8367.891300201414
2014-09-23 00:00:00-04:00,7540.607059478756
2014-09-24 00:00:00-04:00,6728.5213508605975
2014-09-25 00:00:00-04:00,7954.691417694091
2014-09-26 00:00:00-04:00,8535.705158233643
2014-09-29 00:00:00-04:00,8234.470512390135
2014-09-30 00:00:00-04:00,8285.815982818602
2014-10-01 00:00:00-04:00,8496.106353759764
2014-10-02 00:00:00-04:00,9152.939960479736
2014-10-03 00:00:00-04:00,9427.70121002197
2014-10-06 00:00:00-04:00,9540.306217193598
2014-10-07 00:00:00-04:00,9551.954200744627
2014-10-08 00:00:00-04:00,9994.291694641111
2014-10-09 00:00:00-04:00,9813.221687316893
2014-10-10 00:00:00-04:00,11389.298638343811
2014-10-13 00:00:00-04:00,12658.323643684387
2014-10-14 00:00:00-04:00,13721.24518299103
2014-10-15 00:00:00-04:00,13322.500864982607
2014-10-16 00:00:00-04:00,13282.931532859804
2014-10-17 00:00:00-04:00,13224.886710166933
2014-10-20 00:00:00-04:00,12690.893547058107
2014-10-21 00:00:00-04:00,12061.533238410955
2014-10-22 00:00:00-04:00,10832.409193992617
2014-10-23 00:00:00-04:00,11393.352481842041
2014-10-24 00:00:00-04:00,12588.918781280516
2014-10-27 00:00:00-04:00,13300.316371917723
2014-10-28 00:00:00-04:00,13422.767765045164
2014-10-29 00:00:00-04:00,14434.094432830812
2014-10-30 00:00:00-04:00,14282.959323883058
2014-10-31 00:00:00-04:00,15414.965652465824
2014-11-03 00:00:00-05:00,16727.942127227776
2014-11-04 00:00:00-05:00,16945.802696228024
2014-11-05 00:00:00-05:00,16910.255439758297
2014-11-06 00:00:00-05:00,17360.672664642334
2014-11-07 00:00:00-05:00,17845.82558822632
2014-11-10 00:00:00-05:00,18062.649120330807
2014-11-11 00:00:00-05:00,18344.193233489987
2014-11-12 00:00:00-05:00,18212.399620056156
2014-11-13 00:00:00-05:00,18578.79349899292
2014-11-14 00:00:00-05:00,18847.348140716553
2014-11-17 00:00:00-05:00,18750.65002822876
2014-11-18 00:00:00-05:00,18718.962398529056
2014-11-19 00:00:00-05:00,19374.06099319458
2014-11-20 00:00:00-05:00,19334.162998199467
2014-11-21 00:00:00-05:00,19829.08123397828
2014-11-24 00:00:00-05:00,20556.4817237854
2014-11-25 00:00:00-05:00,21215.098884582512
2014-11-26 00:00:00-05:00,21227.55681228638
2014-11-28 00:00:00-05:00,21492.337821960456
2014-12-01 00:00:00-05:00,23190.096427917484
2014-12-02 00:00:00-05:00,22188.15522384644
2014-12-03 00:00:00-05:00,22476.67261886597
2014-12-04 00:00:00-05:00,22479.110469818123
2014-12-05 00:00:00-05:00,22370.576892852787
2014-12-08 00:00:00-05:00,22885.175502777103
2014-12-09 00:00:00-05:00,23258.613643646244
2014-12-10 00:00:00-05:00,23016.36255264283
2014-12-11 00:00:00-05:00,22373.857761383064
2014-12-12 00:00:00-05:00,22583.485301971443
2014-12-15 00:00:00-05:00,23196.445678710945
2014-12-16 00:00:00-05:00,23384.585494995124
2014-12-17 00:00:00-05:00,23119.317871093757
2014-12-18 00:00:00-05:00,22905.82549667359
2014-12-19 00:00:00-05:00,22788.880043029796
2014-12-22 00:00:00-05:00,23123.770294189468
2014-12-23 00:00:00-05:00,24213.603607177753
2014-12-24 00:00:00-05:00,24557.548667907737
2014-12-26 00:00:00-05:00,24558.295974731464
2014-12-29 00:00:00-05:00,25154.90470886232
2014-12-30 00:00:00-05:00,25623.87786865236
2014-12-31 00:00:00-05:00,25261.7759666443
2015-01-02 00:00:00-05:00,24473.047252655044
2015-01-05 00:00:00-05:00,24182.974086761486
2015-01-06 00:00:00-05:00,22114.6409263611
2015-01-07 00:00:00-05:00,22288.1698036194
2015-01-08 00:00:00-05:00,22620.210449218765
2015-01-09 00:00:00-05:00,22498.186840057388
2015-01-12 00:00:00-05:00,22449.9093322754
2015-01-13 00:00:00-05:00,22778.33403396608
2015-01-14 00:00:00-05:00,22750.01168441774
2015-01-15 00:00:00-05:00,22507.292156219493
2015-01-16 00:00:00-05:00,22189.27450561525
2015-01-20 00:00:00-05:00,22601.419418334975
2015-01-21 00:00:00-05:00,22844.268901824966
2015-01-22 00:00:00-05:00,23471.31711196901
2015-01-23 00:00:00-05:00,25249.972682952895
2015-01-26 00:00:00-05:00,24688.063838958755
2015-01-27 00:00:00-05:00,25077.07468795778
2015-01-28 00:00:00-05:00,23744.75249099733
2015-01-29 00:00:00-05:00,24380.705394744888
2015-01-30 00:00:00-05:00,24086.88071060182
2015-02-02 00:00:00-05:00,24117.244792938243
2015-02-03 00:00:00-05:00,23518.375576019298
2015-02-04 00:00:00-05:00,22664.357727050792
2015-02-05 00:00:00-05:00,22527.63803100587
2015-02-06 00:00:00-05:00,23533.287582397475
2015-02-09 00:00:00-05:00,23241.522743225105
2015-02-10 00:00:00-05:00,22708.78311920167
2015-02-11 00:00:00-05:00,23909.063522338878
2015-02-12 00:00:00-05:00,24075.704460144054
2015-02-13 00:00:00-05:00,25207.072120666515
2015-02-17 00:00:00-05:00,25647.769042968765
2015-02-18 00:00:00-05:00,25599.62299346925
2015-02-19 00:00:00-05:00,25621.26422882081
2015-02-20 00:00:00-05:00,25893.747589111346
2015-02-23 00:00:00-05:00,26799.29934692384
2015-02-24 00:00:00-05:00,26335.364761352554
2015-02-25 00:00:00-05:00,26803.97675323488
2015-02-26 00:00:00-05:00,27062.5209503174
2015-02-27 00:00:00-05:00,27267.0173110962
2015-03-02 00:00:00-05:00,27363.17464447023
2015-03-03 00:00:00-05:00,28194.806793212905
2015-03-04 00:00:00-05:00,27473.031326293956
2015-03-05 00:00:00-05:00,27011.30251312257
2015-03-06 00:00:00-05:00,27032.242088317882
2015-03-09 00:00:00-04:00,27303.224906921398
2015-03-10 00:00:00-04:00,27330.789222717296
2015-03-11 00:00:00-04:00,27703.465644836437
2015-03-12 00:00:00-04:00,27607.747772216808
2015-03-13 00:00:00-04:00,27960.24238204957
2015-03-16 00:00:00-04:00,28115.55194091798
2015-03-17 00:00:00-04:00,28156.8153076172
2015-03-18 00:00:00-04:00,28294.732250213634
2015-03-19 00:00:00-04:00,27985.18457031251
2015-03-20 00:00:00-04:00,27246.848075866703
2015-03-23 00:00:00-04:00,29013.98318481446
2015-03-24 00:00:00-04:00,28501.35875701905
2015-03-25 00:00:00-04:00,27414.9623413086
2015-03-26 00:00:00-04:00,24864.27273559571
2015-03-27 00:00:00-04:00,24908.994293212898
2015-03-30 00:00:00-04:00,24845.10234069825
2015-03-31 00:00:00-04:00,24740.737659454353
2015-04-01 00:00:00-04:00,24838.712543487556
2015-04-02 00:00:00-04:00,24825.93495559693
2015-04-06 00:00:00-04:00,25410.11965560914
2015-04-07 00:00:00-04:00,26600.45058059693
2015-04-08 00:00:00-04:00,26049.761234283458
2015-04-09 00:00:00-04:00,26533.278942108165
2015-04-10 00:00:00-04:00,27137.080776214614
2015-04-13 00:00:00-04:00,27962.121982574474
2015-04-14 00:00:00-04:00,27250.468997955326
2015-04-15 00:00:00-04:00,27522.494136810303
2015-04-16 00:00:00-04:00,28797.886844635013
2015-04-17 00:00:00-04:00,28630.54261398316
2015-04-20 00:00:00-04:00,27174.468082427986
2015-04-21 00:00:00-04:00,28375.558635711677
2015-04-22 00:00:00-04:00,28304.500003814708
2015-04-23 00:00:00-04:00,28913.788677215587
2015-04-24 00:00:00-04:00,29435.06924057008
2015-04-27 00:00:00-04:00,29982.298923492446
2015-04-28 00:00:00-04:00,29815.164669036873
2015-04-29 00:00:00-04:00,29944.68334579469
2015-04-30 00:00:00-04:00,29216.096065521255
2015-05-01 00:00:00-04:00,27923.40470504762
2015-05-04 00:00:00-04:00,28340.579986572273
2015-05-05 00:00:00-04:00,28613.251819610607
2015-05-06 00:00:00-04:00,27977.963779449474
2015-05-07 00:00:00-04:00,27677.653465271007
2015-05-08 00:00:00-04:00,27671.82040405274
2015-05-11 00:00:00-04:00,28566.457347869877
2015-05-12 00:00:00-04:00,28427.501186370853
2015-05-13 00:00:00-04:00,27918.694953918464
2015-05-14 00:00:00-04:00,27862.000270843517
2015-05-15 00:00:00-04:00,28174.409614563
2015-05-18 00:00:00-04:00,28568.71633911134
2015-05-19 00:00:00-04:00,29196.218345642104
2015-05-20 00:00:00-04:00,28792.68917083741
2015-05-21 00:00:00-04:00,28679.9910812378
2015-05-22 00:00:00-04:00,29283.56382751466
2015-05-26 00:00:00-04:00,29283.56382751466
2015-05-27 00:00:00-04:00,29283.56382751466
2015-05-28 00:00:00-04:00,29283.56382751466
2015-05-29 00:00:00-04:00,29283.56382751466
2015-06-01 00:00:00-04:00,29283.56382751466
2015-06-02 00:00:00-04:00,29468.887435913097
2015-06-03 00:00:00-04:00,29412.522682189956
2015-06-04 00:00:00-04:00,29816.189796447765
2015-06-05 00:00:00-04:00,28989.18511581422
2015-06-08 00:00:00-04:00,28866.93547821046
2015-06-09 00:00:00-04:00,28822.894554138195
2015-06-10 00:00:00-04:00,28871.512073516857
2015-06-11 00:00:00-04:00,28972.113864898693
2015-06-12 00:00:00-04:00,29031.87237930299
2015-06-15 00:00:00-04:00,28970.131843566905
2015-06-16 00:00:00-04:00,28284.57022857667
2015-06-17 00:00:00-04:00,29027.718383789077
2015-06-18 00:00:00-04:00,29320.537460327167
2015-06-19 00:00:00-04:00,30842.279678344737
2015-06-22 00:00:00-04:00,29784.19590759278
2015-06-23 00:00:00-04:00,30670.876811981216
2015-06-24 00:00:00-04:00,30792.68711090089
2015-06-25 00:00:00-04:00,29664.163085937507
2015-06-26 00:00:00-04:00,29487.349082946796
2015-06-29 00:00:00-04:00,29062.14582824708
2015-06-30 00:00:00-04:00,30435.40636444093
2015-07-01 00:00:00-04:00,30313.395904541027
2015-07-02 00:00:00-04:00,30092.857059478767
2015-07-06 00:00:00-04:00,30256.492111206062
2015-07-07 00:00:00-04:00,30651.293991088874
2015-07-08 00:00:00-04:00,30928.812381744392
2015-07-09 00:00:00-04:00,31681.071132659916
2015-07-10 00:00:00-04:00,31650.66619491578
2015-07-13 00:00:00-04:00,31263.12269592286
2015-07-14 00:00:00-04:00,30875.022449493415
2015-07-15 00:00:00-04:00,31111.697448730472
2015-07-16 00:00:00-04:00,31184.234512329105
2015-07-17 00:00:00-04:00,32141.44419097901
2015-07-20 00:00:00-04:00,31730.136051177986
2015-07-21 00:00:00-04:00,31803.783107757572
2015-07-22 00:00:00-04:00,31638.673828125007
2015-07-23 00:00:00-04:00,31915.370353698738
2015-07-24 00:00:00-04:00,31594.31231307984
2015-07-27 00:00:00-04:00,31277.252574920658
2015-07-28 00:00:00-04:00,31202.36739349366
2015-07-29 00:00:00-04:00,31256.05868911744
2015-07-30 00:00:00-04:00,31333.538452148445
2015-07-31 00:00:00-04:00,31192.05962753297
2015-08-03 00:00:00-04:00,31317.718513488777
2015-08-04 00:00:00-04:00,31545.654762268074
2015-08-05 00:00:00-04:00,31642.169948577888
2015-08-06 00:00:00-04:00,31929.77087783814
2015-08-07 00:00:00-04:00,31280.74301528931
2015-08-10 00:00:00-04:00,31367.10813903809
2015-08-11 00:00:00-04:00,30890.942672729496
2015-08-12 00:00:00-04:00,31568.375797271732
2015-08-13 00:00:00-04:00,31507.92147445679
2015-08-14 00:00:00-04:00,31620.338855743412
2015-08-17 00:00:00-04:00,31259.50469207764
2015-08-18 00:00:00-04:00,30863.450775146488
2015-08-19 00:00:00-04:00,30968.33079528809
2015-08-20 00:00:00-04:00,31187.10047912598
2015-08-21 00:00:00-04:00,30286.425186157227
2015-08-24 00:00:00-04:00,29121.62606811523
2015-08-25 00:00:00-04:00,27906.87581634522
2015-08-26 00:00:00-04:00,28965.70082092286
2015-08-27 00:00:00-04:00,25344.363105773933
2015-08-28 00:00:00-04:00,22700.73911666871
2015-08-31 00:00:00-04:00,22356.922409057624
2015-09-01 00:00:00-04:00,22969.073974609386
2015-09-02 00:00:00-04:00,23788.891845703136
2015-09-03 00:00:00-04:00,23307.825355529796
2015-09-04 00:00:00-04:00,23253.264945983898
2015-09-08 00:00:00-04:00,23752.802932739272
2015-09-09 00:00:00-04:00,23002.98450088502
2015-09-10 00:00:00-04:00,23522.08409881593
2015-09-11 00:00:00-04:00,23457.518379211437
2015-09-14 00:00:00-04:00,23493.222423553478
2015-09-15 00:00:00-04:00,23669.222187042247
2015-09-16 00:00:00-04:00,23357.5913925171
2015-09-17 00:00:00-04:00,23357.5913925171
2015-09-18 00:00:00-04:00,23357.5913925171
2015-09-21 00:00:00-04:00,23357.5913925171
2015-09-22 00:00:00-04:00,23357.5913925171
2015-09-23 00:00:00-04:00,23357.5913925171
2015-09-24 00:00:00-04:00,23855.707687377944
2015-09-25 00:00:00-04:00,24189.54555130006
2015-09-28 00:00:00-04:00,24276.34670543672
2015-09-29 00:00:00-04:00,27046.22446250917
2015-09-30 00:00:00-04:00,27065.382443428054
2015-10-01 00:00:00-04:00,26039.56283664705
2015-10-02 00:00:00-04:00,26052.50573444368
2015-10-05 00:00:00-04:00,24865.667580604568
2015-10-06 00:00:00-04:00,23772.84505939485
2015-10-07 00:00:00-04:00,23910.612366676345
2015-10-08 00:00:00-04:00,23910.612366676345
2015-10-09 00:00:00-04:00,23910.612366676345
2015-10-12 00:00:00-04:00,23910.612366676345
2015-10-13 00:00:00-04:00,23910.612366676345
2015-10-14 00:00:00-04:00,23910.612366676345
2015-10-15 00:00:00-04:00,24158.90445041658
2015-10-16 00:00:00-04:00,23796.22109317781
2015-10-19 00:00:00-04:00,23691.432850837722
2015-10-20 00:00:00-04:00,23636.50350284578
2015-10-21 00:00:00-04:00,23526.454346656814
2015-10-22 00:00:00-04:00,23788.092026710525
2015-10-23 00:00:00-04:00,23966.942440986648
2015-10-26 00:00:00-04:00,24015.063660621658
2015-10-27 00:00:00-04:00,24317.058712959304
2015-10-28 00:00:00-04:00,24264.627308845535
2015-10-29 00:00:00-04:00,25214.280457496658
2015-10-30 00:00:00-04:00,24830.432721138015
2015-11-02 00:00:00-05:00,24670.65088367464
2015-11-03 00:00:00-05:00,24993.633030891433
2015-11-04 00:00:00-05:00,25024.49132633211
2015-11-05 00:00:00-05:00,24102.441514015216
2015-11-06 00:00:00-05:00,24065.261422157302
2015-11-09 00:00:00-05:00,24181.06466770174
2015-11-10 00:00:00-05:00,22273.263070106525
2015-11-11 00:00:00-05:00,22518.52855014803
2015-11-12 00:00:00-05:00,22756.43771457674
2015-11-13 00:00:00-05:00,22888.093064308185
2015-11-16 00:00:00-05:00,23276.12925815584
2015-11-17 00:00:00-05:00,23126.001236915607
2015-11-18 00:00:00-05:00,23162.953522682208
2015-11-19 00:00:00-05:00,25760.38995075228
2015-11-20 00:00:00-05:00,25574.558487892165
2015-11-23 00:00:00-05:00,25676.23583316805
2015-11-24 00:00:00-05:00,25689.506882667552
2015-11-25 00:00:00-05:00,26154.139401435874
2015-11-27 00:00:00-05:00,26198.602948188804
2015-11-30 00:00:00-05:00,26301.463833808917
2015-12-01 00:00:00-05:00,25690.846203804038
2015-12-02 00:00:00-05:00,26908.13938617708
2015-12-03 00:00:00-05:00,25593.98169422152
2015-12-04 00:00:00-05:00,24524.433163642905
2015-12-07 00:00:00-05:00,26541.55504322054
2015-12-08 00:00:00-05:00,25819.956967353843
2015-12-09 00:00:00-05:00,24997.284367561362
2015-12-10 00:00:00-05:00,24705.43478870394
2015-12-11 00:00:00-05:00,24645.68802356722
2015-12-14 00:00:00-05:00,24848.817173957847
2015-12-15 00:00:00-05:00,24848.817173957847
2015-12-16 00:00:00-05:00,24793.855362892173
2015-12-17 00:00:00-05:00,24617.013188362143
2015-12-18 00:00:00-05:00,24641.961308479335
2015-12-21 00:00:00-05:00,24217.51962757113
2015-12-22 00:00:00-05:00,24566.917088508624
2015-12-23 00:00:00-05:00,24612.115818977378
2015-12-24 00:00:00-05:00,24637.97511768344
2015-12-28 00:00:00-05:00,24599.513295173667
2015-12-29 00:00:00-05:00,24179.762249946623
2015-12-30 00:00:00-05:00,25965.623539924647
2015-12-31 00:00:00-05:00,24773.362286567717
2016-01-04 00:00:00-05:00,23183.49312305453
2016-01-05 00:00:00-05:00,23964.894413948085
2016-01-06 00:00:00-05:00,23893.498051643397
2016-01-07 00:00:00-05:00,24762.136357307463
2016-01-08 00:00:00-05:00,25869.48857593539
2016-01-11 00:00:00-05:00,26498.771950721766
2016-01-12 00:00:00-05:00,26855.49432468417
2016-01-13 00:00:00-05:00,26137.3854980469
2016-01-14 00:00:00-05:00,28948.612721443198
2016-01-15 00:00:00-05:00,27332.196260452296
2016-01-19 00:00:00-05:00,29616.308807373072
2016-01-20 00:00:00-05:00,29983.620258331324
2016-01-21 00:00:00-05:00,31122.353860855124
2016-01-22 00:00:00-05:00,30349.542087554957
2016-01-25 00:00:00-05:00,28014.977062225367
2016-01-26 00:00:00-05:00,30029.557277679472
2016-01-27 00:00:00-05:00,30227.340389251738
2016-01-28 00:00:00-05:00,30205.36381149295
2016-01-29 00:00:00-05:00,30425.119441986113
2016-02-01 00:00:00-05:00,30869.018306732207
2016-02-02 00:00:00-05:00,30943.737453460722
2016-02-03 00:00:00-05:00,31513.559017181426
2016-02-04 00:00:00-05:00,31244.411930084258
2016-02-05 00:00:00-05:00,30835.472644805937
2016-02-08 00:00:00-05:00,31395.439365386992
2016-02-09 00:00:00-05:00,32281.8555107117
2016-02-10 00:00:00-05:00,32411.876271247893
2016-02-11 00:00:00-05:00,32459.009256362944
2016-02-12 00:00:00-05:00,33321.51821613315
2016-02-16 00:00:00-05:00,31265.62836742404
2016-02-17 00:00:00-05:00,29338.03498172763
2016-02-18 00:00:00-05:00,29558.843377113375
2016-02-19 00:00:00-05:00,29461.176239967375
2016-02-22 00:00:00-05:00,29495.152192115813
2016-02-23 00:00:00-05:00,29601.311356544524
2016-02-24 00:00:00-05:00,29597.06044101718
2016-02-25 00:00:00-05:00,29555.53326511386
2016-02-26 00:00:00-05:00,29787.53553867343
2016-02-29 00:00:00-05:00,29419.071747779875
2016-03-01 00:00:00-05:00,29471.620148658785
2016-03-02 00:00:00-05:00,29394.819993019133
2016-03-03 00:00:00-05:00,29838.517968177825
2016-03-04 00:00:00-05:00,29967.911545753508
2016-03-07 00:00:00-05:00,30147.18549442294
2016-03-08 00:00:00-05:00,30445.755738258395
2016-03-09 00:00:00-05:00,29658.68585300448
2016-03-10 00:00:00-05:00,29682.2783174515
2016-03-11 00:00:00-05:00,29821.38195514681
2016-03-14 00:00:00-04:00,29074.693596839927
2016-03-15 00:00:00-04:00,29014.92947483065
2016-03-16 00:00:00-04:00,29465.41387653353
2016-03-17 00:00:00-04:00,30564.712594032313
2016-03-18 00:00:00-04:00,32584.568512916594
2016-03-21 00:00:00-04:00,33059.17832660679
2016-03-22 00:00:00-04:00,33125.886631965666
2016-03-23 00:00:00-04:00,32226.068169593844
2016-03-24 00:00:00-04:00,31943.903908729586
2016-03-28 00:00:00-04:00,31994.558259010348
2016-03-29 00:00:00-04:00,31877.301339149508
2016-03-30 00:00:00-04:00,32473.712761879
2016-03-31 00:00:00-04:00,32607.907242774996
2016-04-01 00:00:00-04:00,32064.87261295321
2016-04-04 00:00:00-04:00,33342.071328163176
2016-04-05 00:00:00-04:00,32421.29900455478
2016-04-06 00:00:00-04:00,30515.187470436118
2016-04-07 00:00:00-04:00,32458.539757728606
2016-04-08 00:00:00-04:00,32087.682213783293
2016-04-11 00:00:00-04:00,32461.455834388762
2016-04-12 00:00:00-04:00,32201.890831947356
2016-04-13 00:00:00-04:00,33031.916237831145
2016-04-14 00:00:00-04:00,33343.59546756747
2016-04-15 00:00:00-04:00,33405.95632267002
2016-04-18 00:00:00-04:00,33188.29560184482
2016-04-19 00:00:00-04:00,34483.083367347754
2016-04-20 00:00:00-04:00,35535.077897071875
2016-04-21 00:00:00-04:00,36203.277382850676
2016-04-22 00:00:00-04:00,35666.29374408725
2016-04-25 00:00:00-04:00,36808.79080295566
2016-04-26 00:00:00-04:00,36142.529755592375
2016-04-27 00:00:00-04:00,37066.554558754
2016-04-28 00:00:00-04:00,37980.35187625888
2016-04-29 00:00:00-04:00,37655.908188819914
2016-05-02 00:00:00-04:00,37570.325264930754
2016-05-03 00:00:00-04:00,37809.62738132479
2016-05-04 00:00:00-04:00,37225.86183261874
2016-05-05 00:00:00-04:00,36973.41455173495
2016-05-06 00:00:00-04:00,36841.76973056796
2016-05-09 00:00:00-04:00,37291.818734169035
2016-05-10 00:00:00-04:00,37479.370965004
2016-05-11 00:00:00-04:00,38297.05827426913
2016-05-12 00:00:00-04:00,37479.25947666171
2016-05-13 00:00:00-04:00,37509.95436191562
2016-05-16 00:00:00-04:00,37669.017899513274
2016-05-17 00:00:00-04:00,37574.141068458586
2016-05-18 00:00:00-04:00,37758.313950538664
2016-05-19 00:00:00-04:00,37914.58174228671
2016-05-20 00:00:00-04:00,37461.99041843417
2016-05-23 00:00:00-04:00,38498.03582096102
2016-05-24 00:00:00-04:00,38646.41543674471
2016-05-25 00:00:00-04:00,40335.30252933505
2016-05-26 00:00:00-04:00,41540.71131992343
2016-05-27 00:00:00-04:00,41453.61564731601
2016-05-31 00:00:00-04:00,42087.90361118319
2016-06-01 00:00:00-04:00,41987.15589237215
2016-06-02 00:00:00-04:00,42241.36281681063
2016-06-03 00:00:00-04:00,43122.8263177872
2016-06-06 00:00:00-04:00,43131.14918613436
2016-06-07 00:00:00-04:00,44467.53914737704
2016-06-08 00:00:00-04:00,45073.35228824618
2016-06-09 00:00:00-04:00,45640.417176246665
2016-06-10 00:00:00-04:00,45125.30207920077
2016-06-13 00:00:00-04:00,45545.170216560386
2016-06-14 00:00:00-04:00,45694.82063007357
2016-06-15 00:00:00-04:00,45827.77544116976
2016-06-16 00:00:00-04:00,45602.59051990511
2016-06-17 00:00:00-04:00,45732.37817859652
2016-06-20 00:00:00-04:00,46183.02168369295
2016-06-21 00:00:00-04:00,47077.44757175448
2016-06-22 00:00:00-04:00,47263.17224597932
2016-06-23 00:00:00-04:00,46964.619191169746
2016-06-24 00:00:00-04:00,48633.04744052888
2016-06-27 00:00:00-04:00,51534.42825412751
2016-06-28 00:00:00-04:00,53145.12412357331
2016-06-29 00:00:00-04:00,51720.357697486885
2016-06-30 00:00:00-04:00,50284.15290164948
2016-07-01 00:00:00-04:00,49368.448292732246
2016-07-05 00:00:00-04:00,49633.23326587678
2016-07-06 00:00:00-04:00,48850.54739856721
2016-07-07 00:00:00-04:00,49470.87384510041
2016-07-08 00:00:00-04:00,49324.672123909004
2016-07-11 00:00:00-04:00,51431.99226856232
2016-07-12 00:00:00-04:00,52198.29213428498
2016-07-13 00:00:00-04:00,54040.39875507356
2016-07-14 00:00:00-04:00,53956.02402210238
2016-07-15 00:00:00-04:00,54901.85827350618
2016-07-18 00:00:00-04:00,54941.896862983725
2016-07-19 00:00:00-04:00,55330.29624652865
2016-07-20 00:00:00-04:00,55069.91915988925
2016-07-21 00:00:00-04:00,55649.97987461092
2016-07-22 00:00:00-04:00,54962.166283607505
2016-07-25 00:00:00-04:00,55569.86711215975
2016-07-26 00:00:00-04:00,56185.11404514315
2016-07-27 00:00:00-04:00,56797.776719093345
2016-07-28 00:00:00-04:00,56689.0643091202
2016-07-29 00:00:00-04:00,56529.6997690201
2016-08-01 00:00:00-04:00,56850.422165870696
2016-08-02 00:00:00-04:00,57507.79153537753
2016-08-03 00:00:00-04:00,57092.580803871184
2016-08-04 00:00:00-04:00,56858.377175331145
2016-08-05 00:00:00-04:00,56981.32837772373
2016-08-08 00:00:00-04:00,57176.981278419524
2016-08-09 00:00:00-04:00,57371.39009952549
2016-08-10 00:00:00-04:00,57090.47784137729
2016-08-11 00:00:00-04:00,56536.73906040194
2016-08-12 00:00:00-04:00,58239.9917650223
2016-08-15 00:00:00-04:00,58153.19284915927
2016-08-16 00:00:00-04:00,59130.66486454013
2016-08-17 00:00:00-04:00,58587.08579349521
2016-08-18 00:00:00-04:00,58168.35562992099
2016-08-19 00:00:00-04:00,59377.862206459075
2016-08-22 00:00:00-04:00,59216.48610782626
2016-08-23 00:00:00-04:00,58699.45793247226
2016-08-24 00:00:00-04:00,59905.94271183016
2016-08-25 00:00:00-04:00,58209.9275903702
2016-08-26 00:00:00-04:00,57911.599946022056
2016-08-29 00:00:00-04:00,57065.3939676285
2016-08-30 00:00:00-04:00,57289.37487125399
2016-08-31 00:00:00-04:00,57524.018807411216
2016-09-01 00:00:00-04:00,57545.35059452059
2016-09-02 00:00:00-04:00,57438.68879795077
2016-09-06 00:00:00-04:00,57556.01934909823
2016-09-07 00:00:00-04:00,58251.37503147126
2016-09-08 00:00:00-04:00,58507.41342258454
2016-09-09 00:00:00-04:00,58150.49638462068
2016-09-12 00:00:00-04:00,53508.20218753817
2016-09-13 00:00:00-04:00,55976.74698734285
2016-09-14 00:00:00-04:00,56888.53859806062
2016-09-15 00:00:00-04:00,57081.98992252351
2016-09-16 00:00:00-04:00,56586.21344852449
2016-09-19 00:00:00-04:00,56754.308724403396
2016-09-20 00:00:00-04:00,56846.53303623201
2016-09-21 00:00:00-04:00,56526.46862888338
2016-09-22 00:00:00-04:00,57287.60500431062
2016-09-23 00:00:00-04:00,57974.06496524812
2016-09-26 00:00:00-04:00,57496.80420017244
2016-09-27 00:00:00-04:00,56733.926346778884
2016-09-28 00:00:00-04:00,57035.6688013077
2016-09-29 00:00:00-04:00,57322.62008762362
2016-09-30 00:00:00-04:00,57368.64080142976
2016-10-03 00:00:00-04:00,57102.69551944734
2016-10-04 00:00:00-04:00,56927.48585605623
2016-10-05 00:00:00-04:00,57086.540062904365
2016-10-06 00:00:00-04:00,57766.73879337312
2016-10-07 00:00:00-04:00,57763.44644260408
2016-10-10 00:00:00-04:00,57889.05457019807
2016-10-11 00:00:00-04:00,58293.45879077913
2016-10-12 00:00:00-04:00,59385.71599674226
2016-10-13 00:00:00-04:00,59214.044396400466
2016-10-14 00:00:00-04:00,59468.677613258384
2016-10-17 00:00:00-04:00,59526.50144672396
2016-10-18 00:00:00-04:00,59890.698956489585
2016-10-19 00:00:00-04:00,60379.55180835726
2016-10-20 00:00:00-04:00,60961.38724231722
2016-10-21 00:00:00-04:00,60702.4252138138
2016-10-24 00:00:00-04:00,60529.301564216636
2016-10-25 00:00:00-04:00,60922.96952533724
2016-10-26 00:00:00-04:00,61119.1583414078
2016-10-27 00:00:00-04:00,61511.56913471224
2016-10-28 00:00:00-04:00,61757.88374042513
2016-10-31 00:00:00-04:00,61607.81778049472
2016-11-01 00:00:00-04:00,61629.6051836014
2016-11-02 00:00:00-04:00,62277.33451557162
2016-11-03 00:00:00-04:00,62736.50119113925
2016-11-04 00:00:00-04:00,63114.73937702181
2016-11-07 00:00:00-05:00,63173.71669864657
2016-11-08 00:00:00-05:00,61225.959977149985
2016-11-09 00:00:00-05:00,61696.70418262484
2016-11-10 00:00:00-05:00,63259.07678318026
2016-11-11 00:00:00-05:00,63966.892457008384
2016-11-14 00:00:00-05:00,64577.95176029207
2016-11-15 00:00:00-05:00,65065.62079715731
2016-11-16 00:00:00-05:00,65725.39949131013
2016-11-17 00:00:00-05:00,65142.7233362198
2016-11-18 00:00:00-05:00,65501.74366474154
2016-11-21 00:00:00-05:00,65713.25908374788
2016-11-22 00:00:00-05:00,66614.61779880525
2016-11-23 00:00:00-05:00,68103.11551380159
2016-11-25 00:00:00-05:00,69014.85370731355
2016-11-28 00:00:00-05:00,69105.85944080354
2016-11-29 00:00:00-05:00,67482.46027088167
2016-11-30 00:00:00-05:00,67211.29336643219
2016-12-01 00:00:00-05:00,69607.55666446686
2016-12-02 00:00:00-05:00,70533.93201923369
2016-12-05 00:00:00-05:00,70197.61948108673
2016-12-06 00:00:00-05:00,70974.50493335724
2016-12-07 00:00:00-05:00,71171.83509922028
2016-12-08 00:00:00-05:00,74961.2332239151
2016-12-09 00:00:00-05:00,76348.99000644684
2016-12-12 00:00:00-05:00,76392.21859455107
2016-12-13 00:00:00-05:00,74833.99712848662
2016-12-14 00:00:00-05:00,75842.23266315459
2016-12-15 00:00:00-05:00,75144.25771045683
2016-12-16 00:00:00-05:00,75340.2047395706
2016-12-19 00:00:00-05:00,75310.17123126982
2016-12-20 00:00:00-05:00,75384.73573017119
2016-12-21 00:00:00-05:00,75426.92438983916
2016-12-22 00:00:00-05:00,75438.19286060332
2016-12-23 00:00:00-05:00,75436.74376010893
2016-12-27 00:00:00-05:00,75384.0656480789
2016-12-28 00:00:00-05:00,75474.05684375761
2016-12-29 00:00:00-05:00,74783.11883258818
2016-12-30 00:00:00-05:00,74783.11883258818
2017-01-03 00:00:00-05:00,74783.11883258818
2017-01-04 00:00:00-05:00,74783.11883258818
2017-01-05 00:00:00-05:00,74783.11883258818
2017-01-06 00:00:00-05:00,74783.11883258818
2017-01-09 00:00:00-05:00,75316.06348514555
2017-01-10 00:00:00-05:00,74784.66248798369
2017-01-11 00:00:00-05:00,75359.92515659332
2017-01-12 00:00:00-05:00,75810.57931613922
2017-01-13 00:00:00-05:00,75151.19664478302
2017-01-17 00:00:00-05:00,75352.7804918289
2017-01-18 00:00:00-05:00,75338.7996263504
2017-01-19 00:00:00-05:00,75566.44616413116
2017-01-20 00:00:00-05:00,74779.12188434601
2017-01-23 00:00:00-05:00,75334.15700244904
2017-01-24 00:00:00-05:00,75173.43080615997
2017-01-25 00:00:00-05:00,77556.58722400665
2017-01-26 00:00:00-05:00,79118.20952320099
2017-01-27 00:00:00-05:00,79151.52662372589
2017-01-30 00:00:00-05:00,78744.56058979034
2017-01-31 00:00:00-05:00,78418.69434833528
2017-02-01 00:00:00-05:00,78054.25615024567
2017-02-02 00:00:00-05:00,78181.25815296173
2017-02-03 00:00:00-05:00,78062.49342060089
2017-02-06 00:00:00-05:00,78517.7429971695
2017-02-07 00:00:00-05:00,78470.5351228714
2017-02-08 00:00:00-05:00,78912.51744556426
2017-02-09 00:00:00-05:00,78566.89531421661
2017-02-10 00:00:00-05:00,79263.99868869781
2017-02-13 00:00:00-05:00,79652.73859882355
2017-02-14 00:00:00-05:00,81021.9479341507
2017-02-15 00:00:00-05:00,82089.62990283966
2017-02-16 00:00:00-05:00,83188.43259906767
2017-02-17 00:00:00-05:00,83034.7825975418
2017-02-21 00:00:00-05:00,83697.97312641142
2017-02-22 00:00:00-05:00,85021.06179523467
2017-02-23 00:00:00-05:00,85063.33903217314
2017-02-24 00:00:00-05:00,84210.03470325469
2017-02-27 00:00:00-05:00,84680.40237140654
2017-02-28 00:00:00-05:00,84766.73660755156
2017-03-01 00:00:00-05:00,84601.35159397124
2017-03-02 00:00:00-05:00,87784.69022464751
2017-03-03 00:00:00-05:00,86109.22346591948
2017-03-06 00:00:00-05:00,86515.71681690215
2017-03-07 00:00:00-05:00,85755.25742816924
2017-03-08 00:00:00-05:00,86202.15937519072
2017-03-09 00:00:00-05:00,86545.69196796416
2017-03-10 00:00:00-05:00,86537.79641437529
2017-03-13 00:00:00-04:00,86487.08261203764
2017-03-14 00:00:00-04:00,86568.59330844878
2017-03-15 00:00:00-04:00,85632.19648075102
2017-03-16 00:00:00-04:00,87264.12702274321
2017-03-17 00:00:00-04:00,86671.9650583267
2017-03-20 00:00:00-04:00,86477.82619953156
2017-03-21 00:00:00-04:00,86543.58200931548
2017-03-22 00:00:00-04:00,86613.04379749297
2017-03-23 00:00:00-04:00,86525.40181827544
2017-03-24 00:00:00-04:00,86443.97844791411
2017-03-27 00:00:00-04:00,86723.42066287993
2017-03-28 00:00:00-04:00,86762.30495929717
2017-03-29 00:00:00-04:00,88271.28080844878
2017-03-30 00:00:00-04:00,88429.8023958206
2017-03-31 00:00:00-04:00,89380.08974552153
2017-04-03 00:00:00-04:00,88747.07660770415
2017-04-04 00:00:00-04:00,88042.4123430252
2017-04-05 00:00:00-04:00,88074.00370121001
2017-04-06 00:00:00-04:00,88276.46593570708
2017-04-07 00:00:00-04:00,87833.22132587431
2017-04-10 00:00:00-04:00,87947.2274827957
2017-04-11 00:00:00-04:00,87598.82739734648
2017-04-12 00:00:00-04:00,87568.070813179
2017-04-13 00:00:00-04:00,87687.13040637969
2017-04-17 00:00:00-04:00,87465.35970020293
2017-04-18 00:00:00-04:00,87800.1909303665
2017-04-19 00:00:00-04:00,87600.78276538847
2017-04-20 00:00:00-04:00,87746.6278734207
2017-04-21 00:00:00-04:00,88586.14532947539
2017-04-24 00:00:00-04:00,88467.31161975859
2017-04-25 00:00:00-04:00,89671.6031847
2017-04-26 00:00:00-04:00,90226.42587757109
2017-04-27 00:00:00-04:00,90610.83283710478
2017-04-28 00:00:00-04:00,90985.20247364043
2017-05-01 00:00:00-04:00,90180.12450122832
2017-05-02 00:00:00-04:00,90357.24300861357
2017-05-03 00:00:00-04:00,90935.88988208771
2017-05-04 00:00:00-04:00,91112.49757099152
2017-05-05 00:00:00-04:00,91719.745926857
2017-05-08 00:00:00-04:00,91062.56836032867
2017-05-09 00:00:00-04:00,90863.44448184967
2017-05-10 00:00:00-04:00,90738.53867435455
2017-05-11 00:00:00-04:00,90786.00244808197
2017-05-12 00:00:00-04:00,89386.53547954561
2017-05-15 00:00:00-04:00,88961.11019229889
2017-05-16 00:00:00-04:00,89381.05519580843
2017-05-17 00:00:00-04:00,89339.909491539
2017-05-18 00:00:00-04:00,91428.5262708664
2017-05-19 00:00:00-04:00,91250.62592601776
2017-05-22 00:00:00-04:00,90485.39815807343
2017-05-23 00:00:00-04:00,89986.03759288788
2017-05-24 00:00:00-04:00,89979.78799343109
2017-05-25 00:00:00-04:00,90648.50272274017
2017-05-26 00:00:00-04:00,91888.40615749359
2017-05-30 00:00:00-04:00,92200.03664302826
2017-05-31 00:00:00-04:00,92431.73917293549
2017-06-01 00:00:00-04:00,92906.83994197845
2017-06-02 00:00:00-04:00,95615.33518314362
2017-06-05 00:00:00-04:00,96945.96747875214
2017-06-06 00:00:00-04:00,96459.0018453598
2017-06-07 00:00:00-04:00,95283.5386610031
2017-06-08 00:00:00-04:00,95457.53451824185
2017-06-09 00:00:00-04:00,95858.07553386685
2017-06-12 00:00:00-04:00,96859.56791210172
2017-06-13 00:00:00-04:00,96716.15899181363
2017-06-14 00:00:00-04:00,97318.22132396695
2017-06-15 00:00:00-04:00,97217.82896709439
2017-06-16 00:00:00-04:00,96968.50088024136
2017-06-19 00:00:00-04:00,97431.15539073941
2017-06-20 00:00:00-04:00,98425.26106166837
2017-06-21 00:00:00-04:00,97432.04063320157
2017-06-22 00:00:00-04:00,97407.50411891936
2017-06-23 00:00:00-04:00,97660.12325191496
2017-06-26 00:00:00-04:00,97510.04854869841
2017-06-27 00:00:00-04:00,97038.47064495085
2017-06-28 00:00:00-04:00,96228.99966716765
2017-06-29 00:00:00-04:00,96576.51198482512
2017-06-30 00:00:00-04:00,96382.48115444182
2017-07-03 00:00:00-04:00,96766.05704784392
2017-07-05 00:00:00-04:00,97427.5308446884
2017-07-06 00:00:00-04:00,97508.20492076872
2017-07-07 00:00:00-04:00,96728.58682918546
2017-07-10 00:00:00-04:00,97532.51821422575
2017-07-11 00:00:00-04:00,98457.23826503751
2017-07-12 00:00:00-04:00,98135.6953115463
2017-07-13 00:00:00-04:00,98862.83342266078
2017-07-14 00:00:00-04:00,98613.29246425624
2017-07-17 00:00:00-04:00,99914.66730403896
2017-07-18 00:00:00-04:00,99977.59300136562
2017-07-19 00:00:00-04:00,99992.0979070663
2017-07-20 00:00:00-04:00,101595.58775997157
2017-07-21 00:00:00-04:00,101497.82202816005
2017-07-24 00:00:00-04:00,101821.35329723354
2017-07-25 00:00:00-04:00,102208.94673824306
2017-07-26 00:00:00-04:00,102441.11081981653
2017-07-27 00:00:00-04:00,102083.35829448696
2017-07-28 00:00:00-04:00,101697.96840190883
2017-07-31 00:00:00-04:00,101115.07049846645
2017-08-01 00:00:00-04:00,101202.35130596155
2017-08-02 00:00:00-04:00,101579.71484661096
2017-08-03 00:00:00-04:00,101084.99072551721
2017-08-04 00:00:00-04:00,100777.22648906702
2017-08-07 00:00:00-04:00,101425.12952327722
2017-08-08 00:00:00-04:00,101879.97287654871
2017-08-09 00:00:00-04:00,101500.29862499231
2017-08-10 00:00:00-04:00,101097.38507366175
2017-08-11 00:00:00-04:00,98599.52385234828
2017-08-14 00:00:00-04:00,98566.83611583705
2017-08-15 00:00:00-04:00,98708.86571025844
2017-08-16 00:00:00-04:00,99416.01945018764
2017-08-17 00:00:00-04:00,99362.19063091274
2017-08-18 00:00:00-04:00,99839.7280759811
2017-08-21 00:00:00-04:00,100129.08613872524
2017-08-22 00:00:00-04:00,100414.03088665004
2017-08-23 00:00:00-04:00,99213.02434062953
2017-08-24 00:00:00-04:00,99399.0507612228
2017-08-25 00:00:00-04:00,99161.51233196254
2017-08-28 00:00:00-04:00,99307.03576183315
2017-08-29 00:00:00-04:00,99427.24789714809
2017-08-30 00:00:00-04:00,99309.48507213587
2017-08-31 00:00:00-04:00,100101.88907146448
2017-09-01 00:00:00-04:00,101159.59811687464
2017-09-05 00:00:00-04:00,101910.88745403285
2017-09-06 00:00:00-04:00,100701.20347881313
2017-09-07 00:00:00-04:00,101793.08244609828
2017-09-08 00:00:00-04:00,102487.30728435512
2017-09-11 00:00:00-04:00,102246.65607357021
2017-09-12 00:00:00-04:00,104283.45356655115
2017-09-13 00:00:00-04:00,105154.33751964565
2017-09-14 00:00:00-04:00,105630.36182308193
2017-09-15 00:00:00-04:00,105835.07792186733
2017-09-18 00:00:00-04:00,105920.05357646938
2017-09-19 00:00:00-04:00,106866.1735181808
2017-09-20 00:00:00-04:00,107624.00950145716
2017-09-21 00:00:00-04:00,108291.85837841028
2017-09-22 00:00:00-04:00,108228.57654857631
2017-09-25 00:00:00-04:00,108348.17467784877
2017-09-26 00:00:00-04:00,109141.11051845548
2017-09-27 00:00:00-04:00,109250.37432003018
2017-09-28 00:00:00-04:00,110141.00683879848
2017-09-29 00:00:00-04:00,110119.97769069667
2017-10-02 00:00:00-04:00,110395.5101766586
2017-10-03 00:00:00-04:00,111724.71125698085
2017-10-04 00:00:00-04:00,112277.82863140102
2017-10-05 00:00:00-04:00,111925.94588375087
2017-10-06 00:00:00-04:00,113284.15011501308
2017-10-09 00:00:00-04:00,112916.51122570033
2017-10-10 00:00:00-04:00,112835.25993633266
2017-10-11 00:00:00-04:00,113087.02168560024
2017-10-12 00:00:00-04:00,113498.8420438766
2017-10-13 00:00:00-04:00,113420.6496648788
2017-10-16 00:00:00-04:00,113867.91720485683
2017-10-17 00:00:00-04:00,114254.43239498134
2017-10-18 00:00:00-04:00,114509.8921613693
2017-10-19 00:00:00-04:00,114096.79814815518
2017-10-20 00:00:00-04:00,114439.26108455655
2017-10-23 00:00:00-04:00,115189.89058208463
2017-10-24 00:00:00-04:00,114638.65657711025
2017-10-25 00:00:00-04:00,115700.2467718124
2017-10-26 00:00:00-04:00,114184.74599361415
2017-10-27 00:00:00-04:00,115233.53491878505
2017-10-30 00:00:00-04:00,115626.38657283779
2017-10-31 00:00:00-04:00,115709.2653264999
2017-11-01 00:00:00-04:00,115931.85777950282
2017-11-02 00:00:00-04:00,116474.8114995956
2017-11-03 00:00:00-04:00,115899.40531063077
2017-11-06 00:00:00-05:00,116413.32730770108
2017-11-07 00:00:00-05:00,117150.23652553555
2017-11-08 00:00:00-05:00,117365.60284328458
2017-11-09 00:00:00-05:00,117235.29600429532
2017-11-10 00:00:00-05:00,116950.72833156583
2017-11-13 00:00:00-05:00,116484.47688198087
2017-11-14 00:00:00-05:00,116123.56522274014
2017-11-15 00:00:00-05:00,116369.29441738126
2017-11-16 00:00:00-05:00,116151.09504604337
2017-11-17 00:00:00-05:00,116725.1185712814
2017-11-20 00:00:00-05:00,117775.8429059982
2017-11-21 00:00:00-05:00,119009.38264751433
2017-11-22 00:00:00-05:00,119968.26756572722
2017-11-24 00:00:00-05:00,120139.19159221648
2017-11-27 00:00:00-05:00,120521.6661634445
2017-11-28 00:00:00-05:00,120519.98845958708
2017-11-29 00:00:00-05:00,124418.02402782439
2017-11-30 00:00:00-05:00,126642.31595134734
2017-12-01 00:00:00-05:00,128339.57243633267
2017-12-04 00:00:00-05:00,127641.11897563931
2017-12-05 00:00:00-05:00,129760.68756389615
2017-12-06 00:00:00-05:00,128597.92978954311
2017-12-07 00:00:00-05:00,128328.78411388393
2017-12-08 00:00:00-05:00,128831.67402172084
2017-12-11 00:00:00-05:00,130154.7555570602
2017-12-12 00:00:00-05:00,130014.98251628871
2017-12-13 00:00:00-05:00,129956.02328777309
2017-12-14 00:00:00-05:00,130240.49091243738
2017-12-15 00:00:00-05:00,128142.27714061733
2017-12-18 00:00:00-05:00,130526.83818721767
2017-12-19 00:00:00-05:00,133717.91757869715
2017-12-20 00:00:00-05:00,133021.60349941248
2017-12-21 00:00:00-05:00,133615.93394374842
2017-12-22 00:00:00-05:00,135191.11788463587
2017-12-26 00:00:00-05:00,135511.74090862268
2017-12-27 00:00:00-05:00,136201.4679899215
2017-12-28 00:00:00-05:00,135697.5667638778
2017-12-29 00:00:00-05:00,136251.89562892908
2018-01-02 00:00:00-05:00,135184.22172069544
2018-01-03 00:00:00-05:00,137703.67314815515
2018-01-04 00:00:00-05:00,139144.3169355392
2018-01-05 00:00:00-05:00,140866.74793529505
2018-01-08 00:00:00-05:00,143219.67131328577
2018-01-09 00:00:00-05:00,144309.0429296493
2018-01-10 00:00:00-05:00,144393.56700801844
2018-01-11 00:00:00-05:00,143788.12083339685
2018-01-12 00:00:00-05:00,148315.418059349
2018-01-16 00:00:00-05:00,151401.5175313949
2018-01-17 00:00:00-05:00,148373.81531429285
2018-01-18 00:00:00-05:00,151178.15120601648
2018-01-19 00:00:00-05:00,150471.9533681869
2018-01-22 00:00:00-05:00,152507.6550893783
2018-01-23 00:00:00-05:00,155689.72940731043
2018-01-24 00:00:00-05:00,155813.23960018152
2018-01-25 00:00:00-05:00,155755.31073665613
2018-01-26 00:00:00-05:00,155438.65373897547
2018-01-29 00:00:00-05:00,158408.4063329696
2018-01-30 00:00:00-05:00,156837.9276800155
2018-01-31 00:00:00-05:00,154152.9135961532
2018-02-01 00:00:00-05:00,154014.30423641202
2018-02-02 00:00:00-05:00,153341.72727108
2018-02-05 00:00:00-05:00,153341.72727108
2018-02-06 00:00:00-05:00,153341.72727108
2018-02-07 00:00:00-05:00,153341.72727108
2018-02-08 00:00:00-05:00,153341.72727108
2018-02-09 00:00:00-05:00,153341.72727108
2018-02-12 00:00:00-05:00,155151.94772243497
2018-02-13 00:00:00-05:00,156624.00912380216
2018-02-14 00:00:00-05:00,157413.30520915982
2018-02-15 00:00:00-05:00,160099.11910152432
2018-02-16 00:00:00-05:00,161922.79817867276
2018-02-20 00:00:00-05:00,161702.6170377731
2018-02-21 00:00:00-05:00,158897.68018245694
2018-02-22 00:00:00-05:00,157953.7035245895
2018-02-23 00:00:00-05:00,157390.95904064176
2018-02-26 00:00:00-05:00,162715.92218303678
2018-02-27 00:00:00-05:00,166495.710108757
2018-02-28 00:00:00-05:00,162571.35953807825
2018-03-01 00:00:00-05:00,158030.08035564417
2018-03-02 00:00:00-05:00,153959.8217954635
2018-03-05 00:00:00-05:00,155468.74273204798
2018-03-06 00:00:00-05:00,156228.42961406702
2018-03-07 00:00:00-05:00,157574.43169689173
2018-03-08 00:00:00-05:00,157323.2269239425
2018-03-09 00:00:00-05:00,156677.72210979456
2018-03-12 00:00:00-04:00,157754.43558025354
2018-03-13 00:00:00-04:00,157688.9762296676
2018-03-14 00:00:00-04:00,155820.73678874964
2018-03-15 00:00:00-04:00,154066.8318395614
2018-03-16 00:00:00-04:00,153395.02723598474
2018-03-19 00:00:00-04:00,153453.1168813705
2018-03-20 00:00:00-04:00,154969.77430629724
2018-03-21 00:00:00-04:00,154940.76932048792
2018-03-22 00:00:00-04:00,154471.1547994613
2018-03-23 00:00:00-04:00,157355.12031841272
2018-03-26 00:00:00-04:00,159066.0314741134
2018-03-27 00:00:00-04:00,155367.6761693954
2018-03-28 00:00:00-04:00,157466.4229269027
2018-03-29 00:00:00-04:00,157400.77879619593
2018-04-02 00:00:00-04:00,155559.5447530746
2018-04-03 00:00:00-04:00,159190.21056652063
2018-04-04 00:00:00-04:00,159190.21056652063
2018-04-05 00:00:00-04:00,159190.21056652063
2018-04-06 00:00:00-04:00,159190.21056652063
2018-04-09 00:00:00-04:00,159190.21056652063
2018-04-10 00:00:00-04:00,159190.21056652063
2018-04-11 00:00:00-04:00,159020.2979536056
2018-04-12 00:00:00-04:00,160163.99622249597
2018-04-13 00:00:00-04:00,159582.64468669886
2018-04-16 00:00:00-04:00,159587.83986949915
2018-04-17 00:00:00-04:00,158266.50320720667
2018-04-18 00:00:00-04:00,160026.46082592005
2018-04-19 00:00:00-04:00,160572.15239238733
2018-04-20 00:00:00-04:00,159964.8345060348
2018-04-23 00:00:00-04:00,159308.77585124964
2018-04-24 00:00:00-04:00,158918.4992475509
2018-04-25 00:00:00-04:00,160193.5228300094
2018-04-26 00:00:00-04:00,159728.30343532556
2018-04-27 00:00:00-04:00,158972.07230281824
2018-04-30 00:00:00-04:00,158706.81002712244
2018-05-01 00:00:00-04:00,159615.82204723352
2018-05-02 00:00:00-04:00,159865.00236797327
2018-05-03 00:00:00-04:00,161008.1868925094
2018-05-04 00:00:00-04:00,161212.9631376266
2018-05-07 00:00:00-04:00,159976.6400022506
2018-05-08 00:00:00-04:00,159697.1569166183
2018-05-09 00:00:00-04:00,160106.38729381555
2018-05-10 00:00:00-04:00,160288.2819166183
2018-05-11 00:00:00-04:00,160517.2210874557
2018-05-14 00:00:00-04:00,159958.65596294397
2018-05-15 00:00:00-04:00,159739.84041118616
2018-05-16 00:00:00-04:00,159219.3127470016
2018-05-17 00:00:00-04:00,160610.25992107386
2018-05-18 00:00:00-04:00,160941.08983135218
2018-05-21 00:00:00-04:00,159916.05098247522
2018-05-22 00:00:00-04:00,161212.47459697718
2018-05-23 00:00:00-04:00,160661.41186046595
2018-05-24 00:00:00-04:00,160845.94984340662
2018-05-25 00:00:00-04:00,160377.04252910608
2018-05-29 00:00:00-04:00,159451.04211139673
2018-05-30 00:00:00-04:00,160413.16617107386
2018-05-31 00:00:00-04:00,160302.17942333216
2018-06-01 00:00:00-04:00,160346.77445125574
2018-06-04 00:00:00-04:00,160819.27252101892
2018-06-05 00:00:00-04:00,162072.8372869491
2018-06-06 00:00:00-04:00,163349.11061382288
2018-06-07 00:00:00-04:00,167150.8979597091
2018-06-08 00:00:00-04:00,167837.3053541183
2018-06-11 00:00:00-04:00,168877.11903667444
2018-06-12 00:00:00-04:00,169909.50572490686
2018-06-13 00:00:00-04:00,170624.23694896692
2018-06-14 00:00:00-04:00,169855.7690839767
2018-06-15 00:00:00-04:00,170947.86424541468
2018-06-18 00:00:00-04:00,171283.31944561
2018-06-19 00:00:00-04:00,171343.4282560348
2018-06-20 00:00:00-04:00,171294.51716899866
2018-06-21 00:00:00-04:00,171792.43030452722
2018-06-22 00:00:00-04:00,172190.5511693954
2018-06-25 00:00:00-04:00,172068.77054882044
2018-06-26 00:00:00-04:00,171891.38829326624
2018-06-27 00:00:00-04:00,172060.48966503137
2018-06-28 00:00:00-04:00,173434.7177381515
2018-06-29 00:00:00-04:00,172976.72389888758
2018-07-02 00:00:00-04:00,173075.8827581405
2018-07-03 00:00:00-04:00,172093.8444051742
2018-07-05 00:00:00-04:00,172521.05863094324
2018-07-06 00:00:00-04:00,175547.535826683
2018-07-09 00:00:00-04:00,178946.010397911
2018-07-10 00:00:00-04:00,181265.1596746444
2018-07-11 00:00:00-04:00,182743.24397945398
2018-07-12 00:00:00-04:00,179382.34700679773
2018-07-13 00:00:00-04:00,181588.88031673426
2018-07-16 00:00:00-04:00,182485.71063899988
2018-07-17 00:00:00-04:00,180890.97823238367
2018-07-18 00:00:00-04:00,182537.95121669763
2018-07-19 00:00:00-04:00,182195.78626155847
2018-07-20 00:00:00-04:00,182551.80069637293
2018-07-23 00:00:00-04:00,182272.62152767176
2018-07-24 00:00:00-04:00,181881.48244380945
2018-07-25 00:00:00-04:00,181654.7224645614
2018-07-26 00:00:00-04:00,183759.8767614364
2018-07-27 00:00:00-04:00,184999.99069881433
2018-07-30 00:00:00-04:00,184447.24294948572
2018-07-31 00:00:00-04:00,184288.39731502527
2018-08-01 00:00:00-04:00,186043.66280269617
2018-08-02 00:00:00-04:00,183863.79316616053
2018-08-03 00:00:00-04:00,186860.37050342554
2018-08-06 00:00:00-04:00,188345.32421398157
2018-08-07 00:00:00-04:00,190085.46217823023
2018-08-08 00:00:00-04:00,190407.69262790674
2018-08-09 00:00:00-04:00,189761.0901231765
2018-08-10 00:00:00-04:00,190992.14511585227
2018-08-13 00:00:00-04:00,190034.6622362136
2018-08-14 00:00:00-04:00,189563.99019336692
2018-08-15 00:00:00-04:00,191893.2903032302
2018-08-16 00:00:00-04:00,188734.95734119407
2018-08-17 00:00:00-04:00,191801.3422098159
2018-08-20 00:00:00-04:00,193331.65072727195
2018-08-21 00:00:00-04:00,194515.07583713523
2018-08-22 00:00:00-04:00,195364.25217533103
2018-08-23 00:00:00-04:00,194201.36314487449
2018-08-24 00:00:00-04:00,194223.4783563613
2018-08-27 00:00:00-04:00,195482.77876758567
2018-08-28 00:00:00-04:00,197447.61552143088
2018-08-29 00:00:00-04:00,197873.30513477317
2018-08-30 00:00:00-04:00,199264.22002887717
2018-08-31 00:00:00-04:00,197005.39895725242
2018-09-04 00:00:00-04:00,198034.74619007102
2018-09-05 00:00:00-04:00,197131.63748264304
2018-09-06 00:00:00-04:00,195989.5983209609
2018-09-07 00:00:00-04:00,195123.3109674453
2018-09-10 00:00:00-04:00,194876.5253915786
2018-09-11 00:00:00-04:00,195309.5757379531
2018-09-12 00:00:00-04:00,194883.7654619216
2018-09-13 00:00:00-04:00,195473.9012193679
2018-09-14 00:00:00-04:00,195687.5722513198
2018-09-17 00:00:00-04:00,195620.68826389304
2018-09-18 00:00:00-04:00,194999.0832681655
2018-09-19 00:00:00-04:00,196076.24823093406
2018-09-20 00:00:00-04:00,195865.27429294577
2018-09-21 00:00:00-04:00,198736.3264474868
2018-09-24 00:00:00-04:00,197800.6201181411
2018-09-25 00:00:00-04:00,196649.57484149924
2018-09-26 00:00:00-04:00,196475.8135957717
2018-09-27 00:00:00-04:00,194973.25954532615
2018-09-28 00:00:00-04:00,195055.92875003806
2018-10-01 00:00:00-04:00,195334.67679309836
2018-10-02 00:00:00-04:00,196515.33316135398
2018-10-03 00:00:00-04:00,195859.61490726462
2018-10-04 00:00:00-04:00,196530.1492433547
2018-10-05 00:00:00-04:00,194153.8589487075
2018-10-08 00:00:00-04:00,193970.7214021682
2018-10-09 00:00:00-04:00,195047.54292011252
2018-10-10 00:00:00-04:00,195243.9293947219
2018-10-11 00:00:00-04:00,191268.7346239089
2018-10-12 00:00:00-04:00,186367.16759967795
2018-10-15 00:00:00-04:00,184061.65130329123
2018-10-16 00:00:00-04:00,184454.08628559104
2018-10-17 00:00:00-04:00,180520.63600063315
2018-10-18 00:00:00-04:00,181185.38139247886
2018-10-19 00:00:00-04:00,184151.8708600997
2018-10-22 00:00:00-04:00,185715.28942012778
2018-10-23 00:00:00-04:00,185664.5073118209
2018-10-24 00:00:00-04:00,186965.04251384726
2018-10-25 00:00:00-04:00,189807.69235134116
2018-10-26 00:00:00-04:00,188280.72568035117
2018-10-29 00:00:00-04:00,191698.88568592063
2018-10-30 00:00:00-04:00,193130.87215900412
2018-10-31 00:00:00-04:00,189005.9525308608
2018-11-01 00:00:00-04:00,186953.06676578513
2018-11-02 00:00:00-04:00,183563.13793659201
2018-11-05 00:00:00-05:00,183317.58876514426
2018-11-06 00:00:00-05:00,183901.81113910666
2018-11-07 00:00:00-05:00,184189.68809223166
2018-11-08 00:00:00-05:00,184460.63174915305
2018-11-09 00:00:00-05:00,184486.03715229026
2018-11-12 00:00:00-05:00,186529.45608615867
2018-11-13 00:00:00-05:00,189447.24485301963
2018-11-14 00:00:00-05:00,189453.44639110556
2018-11-15 00:00:00-05:00,190179.49313640586
2018-11-16 00:00:00-05:00,188707.74850177756
2018-11-19 00:00:00-05:00,188851.54535388938
2018-11-20 00:00:00-05:00,192119.8159570693
2018-11-21 00:00:00-05:00,195221.06745624534
2018-11-23 00:00:00-05:00,194015.55309009543
2018-11-26 00:00:00-05:00,194230.41932392112
2018-11-27 00:00:00-05:00,192919.1505994796
2018-11-28 00:00:00-05:00,193314.1696214675
2018-11-29 00:00:00-05:00,191459.17532443992
2018-11-30 00:00:00-05:00,191315.27429485312
2018-12-03 00:00:00-05:00,190922.60446453086
2018-12-04 00:00:00-05:00,189930.1102705001
2018-12-06 00:00:00-05:00,190920.16087818137
2018-12-07 00:00:00-05:00,191150.28503894797
2018-12-10 00:00:00-05:00,191282.99883556357
2018-12-11 00:00:00-05:00,191632.22783756247
2018-12-12 00:00:00-05:00,192064.78270435325
2018-12-13 00:00:00-05:00,190334.6485490798
2018-12-14 00:00:00-05:00,191870.5486574172
2018-12-17 00:00:00-05:00,195695.01747226706
2018-12-18 00:00:00-05:00,199886.39376926413
2018-12-19 00:00:00-05:00,200487.1436853408
2018-12-20 00:00:00-05:00,204126.10687351218
2018-12-21 00:00:00-05:00,208607.7728433608
2018-12-24 00:00:00-05:00,213385.85567188254
2018-12-26 00:00:00-05:00,219215.74623966208
2018-12-27 00:00:00-05:00,211598.73943424216
2018-12-28 00:00:00-05:00,210414.94133472434
2018-12-31 00:00:00-05:00,210544.43974399558
2019-01-02 00:00:00-05:00,209296.14917850486
2019-01-03 00:00:00-05:00,208281.38171863547
2019-01-04 00:00:00-05:00,209588.76094532004
2019-01-07 00:00:00-05:00,208498.5814409255
2019-01-08 00:00:00-05:00,208268.8507089614
2019-01-09 00:00:00-05:00,208051.65098667136
2019-01-10 00:00:00-05:00,207713.32206058493
2019-01-11 00:00:00-05:00,208116.7128839492
2019-01-14 00:00:00-05:00,208128.90407657615
2019-01-15 00:00:00-05:00,206858.22212314597
2019-01-16 00:00:00-05:00,207894.31341648093
2019-01-17 00:00:00-05:00,207879.73165988913
2019-01-18 00:00:00-05:00,208323.0758676528
2019-01-22 00:00:00-05:00,208925.57873630515
2019-01-23 00:00:00-05:00,208573.1669931411
2019-01-24 00:00:00-05:00,208630.00503635398
2019-01-25 00:00:00-05:00,208203.70803928367
2019-01-28 00:00:00-05:00,205678.89663028708
2019-01-29 00:00:00-05:00,207224.6507215499
2019-01-30 00:00:00-05:00,207467.92062854758
2019-01-31 00:00:00-05:00,204220.84747219077
2019-02-01 00:00:00-05:00,202837.70789051044
2019-02-04 00:00:00-05:00,202352.15356540668
2019-02-05 00:00:00-05:00,203050.14972782123
2019-02-06 00:00:00-05:00,203696.88822269428
2019-02-07 00:00:00-05:00,203665.2062692641
2019-02-08 00:00:00-05:00,203073.54983615864
2019-02-11 00:00:00-05:00,203812.08016300193
2019-02-12 00:00:00-05:00,203714.78325748435
2019-02-13 00:00:00-05:00,203146.50818347922
2019-02-14 00:00:00-05:00,203026.4109735488
2019-02-15 00:00:00-05:00,203223.59856128684
2019-02-19 00:00:00-05:00,205732.1790971755
2019-02-20 00:00:00-05:00,206450.80296802512
2019-02-21 00:00:00-05:00,207105.5580339431
2019-02-22 00:00:00-05:00,206259.50812244407
2019-02-25 00:00:00-05:00,208162.3156785964
2019-02-26 00:00:00-05:00,209281.75024890888
2019-02-27 00:00:00-05:00,209225.67606067646
2019-02-28 00:00:00-05:00,210006.00660419452
2019-03-01 00:00:00-05:00,208300.85437107075
2019-03-04 00:00:00-05:00,209743.5081758498
2019-03-05 00:00:00-05:00,208668.51344776142
2019-03-06 00:00:00-05:00,209045.56018543232
2019-03-07 00:00:00-05:00,207744.38947772968
2019-03-08 00:00:00-05:00,206107.48165607444
2019-03-11 00:00:00-04:00,204399.55332660663
2019-03-12 00:00:00-04:00,206818.4965944289
2019-03-13 00:00:00-04:00,207324.24348163593
2019-03-14 00:00:00-04:00,208189.8865327834
2019-03-15 00:00:00-04:00,207867.43844318378
2019-03-18 00:00:00-04:00,208836.66697406757
2019-03-19 00:00:00-04:00,211357.2846803664
2019-03-20 00:00:00-04:00,210868.22269916523
2019-03-21 00:00:00-04:00,208910.73852252946
2019-03-22 00:00:00-04:00,213381.4520998
2019-03-25 00:00:00-04:00,204861.72208881367
2019-03-26 00:00:00-04:00,205281.95606708515
2019-03-27 00:00:00-04:00,206644.76226520527
2019-03-28 00:00:00-04:00,206008.87156391132
2019-03-29 00:00:00-04:00,206752.08591938007
2019-04-01 00:00:00-04:00,207278.4352235793
2019-04-02 00:00:00-04:00,213412.6669206618
2019-04-03 00:00:00-04:00,212815.07018756855
2019-04-04 00:00:00-04:00,214462.87041187275
2019-04-05 00:00:00-04:00,216970.42693805683
2019-04-08 00:00:00-04:00,219234.94279956806
2019-04-09 00:00:00-04:00,219992.03920841202
2019-04-10 00:00:00-04:00,216607.00208759293
2019-04-11 00:00:00-04:00,219394.69989109025
2019-04-12 00:00:00-04:00,218797.2228517531
2019-04-15 00:00:00-04:00,221326.6121988295
2019-04-16 00:00:00-04:00,220236.9957666396
2019-04-17 00:00:00-04:00,223568.15615177143
2019-04-18 00:00:00-04:00,224341.68503665912
2019-04-22 00:00:00-04:00,224528.58529758442
2019-04-23 00:00:00-04:00,224060.69285678852
2019-04-24 00:00:00-04:00,226348.05474567402
2019-04-25 00:00:00-04:00,227239.98313617695
2019-04-26 00:00:00-04:00,224842.94462299335
2019-04-29 00:00:00-04:00,226553.97757434833
2019-04-30 00:00:00-04:00,227299.85261631
2019-05-01 00:00:00-04:00,228009.54648685444
2019-05-02 00:00:00-04:00,226879.26349735248
2019-05-03 00:00:00-04:00,226918.98587894428
2019-05-06 00:00:00-04:00,227820.73367786396
2019-05-07 00:00:00-04:00,227361.86060047138
2019-05-08 00:00:00-04:00,229537.979027748
2019-05-09 00:00:00-04:00,229371.68734073627
2019-05-10 00:00:00-04:00,230363.46374225605
2019-05-13 00:00:00-04:00,230061.19263172138
2019-05-14 00:00:00-04:00,233561.40555286396
2019-05-15 00:00:00-04:00,232456.76274585712
2019-05-16 00:00:00-04:00,232790.1753091811
2019-05-17 00:00:00-04:00,232396.85784244526
2019-05-20 00:00:00-04:00,233288.32606601703
2019-05-21 00:00:00-04:00,233782.83230304706
2019-05-22 00:00:00-04:00,233511.43553638444
2019-05-23 00:00:00-04:00,234210.69254016862
2019-05-24 00:00:00-04:00,234339.60572910294
2019-05-28 00:00:00-04:00,234266.85278034196
2019-05-29 00:00:00-04:00,233233.79614353165
2019-05-30 00:00:00-04:00,234762.10122585282
2019-05-31 00:00:00-04:00,234523.73616123188
2019-06-03 00:00:00-04:00,237838.35203266132
2019-06-04 00:00:00-04:00,236491.66229152668
2019-06-05 00:00:00-04:00,231034.8552904128
2019-06-06 00:00:00-04:00,233891.07918262467
2019-06-07 00:00:00-04:00,236319.52673053727
2019-06-10 00:00:00-04:00,239522.8507661818
2019-06-11 00:00:00-04:00,241226.25755023942
2019-06-12 00:00:00-04:00,241128.8327760695
2019-06-13 00:00:00-04:00,240503.8495302199
2019-06-14 00:00:00-04:00,241822.4467363356
2019-06-17 00:00:00-04:00,241361.00358676896
2019-06-18 00:00:00-04:00,240225.34664249406
2019-06-19 00:00:00-04:00,242562.5737047194
2019-06-20 00:00:00-04:00,243500.3492784499
2019-06-21 00:00:00-04:00,245716.44080066666
2019-06-24 00:00:00-04:00,245143.2428026198
2019-06-25 00:00:00-04:00,244564.3478593825
2019-06-26 00:00:00-04:00,242528.9140062331
2019-06-27 00:00:00-04:00,241876.27577304828
2019-06-28 00:00:00-04:00,241409.58934497822
2019-07-01 00:00:00-04:00,241044.6814546584
2019-07-02 00:00:00-04:00,240820.3966989516
2019-07-03 00:00:00-04:00,241283.01782321918
2019-07-05 00:00:00-04:00,244123.54753208152
2019-07-08 00:00:00-04:00,243340.47062015525
2019-07-09 00:00:00-04:00,241690.8444452285
2019-07-10 00:00:00-04:00,241221.46430301658
2019-07-11 00:00:00-04:00,242114.42369174949
2019-07-12 00:00:00-04:00,242904.98624896994
2019-07-15 00:00:00-04:00,244511.5365304946
2019-07-16 00:00:00-04:00,244696.31140995017
2019-07-17 00:00:00-04:00,243967.1181573867
2019-07-18 00:00:00-04:00,242723.17427539817
2019-07-19 00:00:00-04:00,243631.31063556662
2019-07-22 00:00:00-04:00,243342.08125782004
2019-07-23 00:00:00-04:00,243087.24239826194
2019-07-24 00:00:00-04:00,244131.74464511863
2019-07-25 00:00:00-04:00,242662.82290363303
2019-07-26 00:00:00-04:00,241037.4998369216
2019-07-29 00:00:00-04:00,243934.63062381736
2019-07-30 00:00:00-04:00,243225.90337085715
2019-07-31 00:00:00-04:00,242244.70111942283
2019-08-01 00:00:00-04:00,236749.23835849753
2019-08-02 00:00:00-04:00,238352.2107973098
2019-08-05 00:00:00-04:00,238897.4994440078
2019-08-06 00:00:00-04:00,240355.42835330954
2019-08-07 00:00:00-04:00,240039.1244134902
2019-08-08 00:00:00-04:00,240304.92848300925
2019-08-09 00:00:00-04:00,243124.42050266257
2019-08-12 00:00:00-04:00,242206.6860818862
2019-08-13 00:00:00-04:00,239902.67570590964
2019-08-14 00:00:00-04:00,242532.10408115378
2019-08-15 00:00:00-04:00,237600.81977939597
2019-08-16 00:00:00-04:00,239293.3565492629
2019-08-19 00:00:00-04:00,237003.05970668784
2019-08-20 00:00:00-04:00,235374.2535467147
2019-08-21 00:00:00-04:00,236436.1210756301
2019-08-22 00:00:00-04:00,235144.1268014907
2019-08-23 00:00:00-04:00,234912.48861408225
2019-08-26 00:00:00-04:00,238407.63659572593
2019-08-27 00:00:00-04:00,237536.8784723281
2019-08-28 00:00:00-04:00,238400.38800907126
2019-08-29 00:00:00-04:00,236977.42174625388
2019-08-30 00:00:00-04:00,238797.99359989158
2019-09-03 00:00:00-04:00,238372.28299045554
2019-09-04 00:00:00-04:00,237782.49121952048
2019-09-05 00:00:00-04:00,239787.92710971824
2019-09-06 00:00:00-04:00,241692.03588962546
2019-09-09 00:00:00-04:00,242144.38762760154
2019-09-10 00:00:00-04:00,243094.58294773093
2019-09-11 00:00:00-04:00,243651.68396091455
2019-09-12 00:00:00-04:00,246506.45664310447
2019-09-13 00:00:00-04:00,247731.00409793845
2019-09-16 00:00:00-04:00,247423.78211307517
2019-09-17 00:00:00-04:00,246477.36993503562
2019-09-18 00:00:00-04:00,245723.2282190322
2019-09-19 00:00:00-04:00,244906.0109872817
2019-09-20 00:00:00-04:00,243968.68472385398
2019-09-23 00:00:00-04:00,244381.9712381362
2019-09-24 00:00:00-04:00,243970.21072864524
2019-09-25 00:00:00-04:00,245452.81501483909
2019-09-26 00:00:00-04:00,244480.69480991358
2019-09-27 00:00:00-04:00,245635.92939472193
2019-09-30 00:00:00-04:00,246025.58128833765
2019-10-01 00:00:00-04:00,245925.41836261743
2019-10-02 00:00:00-04:00,247674.33809375757
2019-10-03 00:00:00-04:00,248559.4951372146
2019-10-04 00:00:00-04:00,248298.57359027857
2019-10-07 00:00:00-04:00,245406.93781948084
2019-10-08 00:00:00-04:00,246358.25508403772
2019-10-09 00:00:00-04:00,250636.75327205652
2019-10-10 00:00:00-04:00,248217.41446781153
2019-10-11 00:00:00-04:00,246214.93252468103
2019-10-14 00:00:00-04:00,250668.7892827987
2019-10-15 00:00:00-04:00,249985.43946743006
2019-10-16 00:00:00-04:00,253099.61381435388
2019-10-17 00:00:00-04:00,253103.10428142542
2019-10-18 00:00:00-04:00,254224.91591167444
2019-10-21 00:00:00-04:00,252234.61773204795
2019-10-22 00:00:00-04:00,255050.52882671347
2019-10-23 00:00:00-04:00,255067.03622341147
2019-10-24 00:00:00-04:00,256026.97636699668
2019-10-25 00:00:00-04:00,256667.8703031539
2019-10-28 00:00:00-04:00,259999.5469045638
2019-10-29 00:00:00-04:00,262369.9616727828
2019-10-30 00:00:00-04:00,262473.5624952315
2019-10-31 00:00:00-04:00,261946.95669460285
2019-11-01 00:00:00-04:00,259234.82792186725
2019-11-04 00:00:00-05:00,264638.4490766524
2019-11-05 00:00:00-05:00,268338.5908498763
2019-11-06 00:00:00-05:00,268461.8777647017
2019-11-07 00:00:00-05:00,267779.87748241413
2019-11-08 00:00:00-05:00,269961.46184062946
2019-11-11 00:00:00-05:00,271816.5047559737
2019-11-12 00:00:00-05:00,271186.02100276935
2019-11-13 00:00:00-05:00,272293.7203321456
2019-11-14 00:00:00-05:00,271586.9191198348
2019-11-15 00:00:00-05:00,272193.1163854598
2019-11-18 00:00:00-05:00,275717.2939748763
2019-11-19 00:00:00-05:00,275747.77644252765
2019-11-20 00:00:00-05:00,274809.06717586506
2019-11-21 00:00:00-05:00,271652.5670080184
2019-11-22 00:00:00-05:00,270502.18563747394
2019-11-25 00:00:00-05:00,271200.1502828597
2019-11-26 00:00:00-05:00,273362.28594875324
2019-11-27 00:00:00-05:00,273276.7353506087
2019-11-29 00:00:00-05:00,273857.24743556965
2019-12-02 00:00:00-05:00,273272.8222494124
2019-12-03 00:00:00-05:00,273833.9920568465
2019-12-04 00:00:00-05:00,274355.95936489094
2019-12-05 00:00:00-05:00,274305.5880079268
2019-12-06 00:00:00-05:00,274618.4601392745
2019-12-09 00:00:00-05:00,274103.72369289387
2019-12-10 00:00:00-05:00,273120.7695379256
2019-12-11 00:00:00-05:00,272665.1720495223
2019-12-12 00:00:00-05:00,273575.97204112995
2019-12-13 00:00:00-05:00,280392.6515493392
2019-12-16 00:00:00-05:00,278498.74270915973
2019-12-17 00:00:00-05:00,282239.4996099471
2019-12-18 00:00:00-05:00,283393.35539913166
2019-12-19 00:00:00-05:00,283656.1582136153
2019-12-20 00:00:00-05:00,286307.447821617
2019-12-23 00:00:00-05:00,289174.0298948287
2019-12-24 00:00:00-05:00,290364.77882671345
2019-12-26 00:00:00-05:00,290638.68448925007
2019-12-27 00:00:00-05:00,292870.71325206745
2019-12-30 00:00:00-05:00,292650.622935295
2019-12-31 00:00:00-05:00,289875.9963712691
2020-01-02 00:00:00-05:00,290998.92402553547
2020-01-03 00:00:00-05:00,295707.2233953475
2020-01-06 00:00:00-05:00,293067.19178676594
2020-01-07 00:00:00-05:00,293958.00469875324
2020-01-08 00:00:00-05:00,293170.3889265059
2020-01-09 00:00:00-05:00,295227.29011821735
2020-01-10 00:00:00-05:00,297477.01424694055
2020-01-13 00:00:00-05:00,296149.8277006148
2020-01-14 00:00:00-05:00,298794.1769971847
2020-01-15 00:00:00-05:00,299034.0726499557
2020-01-16 00:00:00-05:00,300051.851729393
2020-01-17 00:00:00-05:00,305659.89382076263
2020-01-21 00:00:00-05:00,306561.00567150116
2020-01-22 00:00:00-05:00,304088.20686244965
2020-01-23 00:00:00-05:00,303925.969157219
2020-01-24 00:00:00-05:00,304373.904452324
2020-01-27 00:00:00-05:00,304448.9419164658
2020-01-28 00:00:00-05:00,303782.270644188
2020-01-29 00:00:00-05:00,304888.6412649155
2020-01-30 00:00:00-05:00,305405.71699047094
2020-01-31 00:00:00-05:00,305540.32845973974
2020-02-03 00:00:00-05:00,308414.68333721167
2020-02-04 00:00:00-05:00,307811.40994548803
2020-02-05 00:00:00-05:00,306815.9981565476
2020-02-06 00:00:00-05:00,304133.1266355515
2020-02-07 00:00:00-05:00,304616.7730360032
2020-02-10 00:00:00-05:00,299989.82286357885
2020-02-11 00:00:00-05:00,303363.3504743577
2020-02-12 00:00:00-05:00,307942.78889751446
2020-02-13 00:00:00-05:00,312414.8913679124
2020-02-14 00:00:00-05:00,311034.9146490098
2020-02-18 00:00:00-05:00,310744.0999059678
2020-02-19 00:00:00-05:00,309564.2326231004
2020-02-20 00:00:00-05:00,312021.2680425645
2020-02-21 00:00:00-05:00,312583.00903606426
2020-02-24 00:00:00-05:00,313015.72239208233
2020-02-25 00:00:00-05:00,314679.985690117
2020-02-26 00:00:00-05:00,316197.79491710674
2020-02-27 00:00:00-05:00,317189.69627285015
2020-02-28 00:00:00-05:00,318893.90946483624
2020-03-02 00:00:00-05:00,322468.95709323895
2020-03-03 00:00:00-05:00,308889.42487049114
2020-03-04 00:00:00-05:00,317201.27464008343
2020-03-05 00:00:00-05:00,304327.59810352337
2020-03-06 00:00:00-05:00,316346.92795658123
2020-03-09 00:00:00-04:00,324504.1920385362
2020-03-10 00:00:00-04:00,357938.4050836564
2020-03-11 00:00:00-04:00,342892.7922258378
2020-03-12 00:00:00-04:00,361702.13141155255
2020-03-13 00:00:00-04:00,396552.8191175462
2020-03-16 00:00:00-04:00,360769.3434572221
2020-03-17 00:00:00-04:00,413773.60035419476
2020-03-18 00:00:00-04:00,391834.2507314683
2020-03-19 00:00:00-04:00,420796.27273464215
2020-03-20 00:00:00-04:00,412615.97513103497
2020-03-23 00:00:00-04:00,430195.24189281475
2020-03-24 00:00:00-04:00,445569.3923196794
2020-03-25 00:00:00-04:00,401052.21763515484
2020-03-26 00:00:00-04:00,391464.88411045086
2020-03-27 00:00:00-04:00,364807.72159671795
2020-03-30 00:00:00-04:00,364807.72159671795
2020-03-31 00:00:00-04:00,364807.72159671795
2020-04-01 00:00:00-04:00,364807.72159671795
2020-04-02 00:00:00-04:00,364807.72159671795
2020-04-03 00:00:00-04:00,364807.72159671795
2020-04-06 00:00:00-04:00,365543.5463380815
2020-04-07 00:00:00-04:00,362949.7429742814
2020-04-08 00:00:00-04:00,362563.42874240887
2020-04-09 00:00:00-04:00,360852.6091051103
2020-04-13 00:00:00-04:00,358663.5087900163
2020-04-14 00:00:00-04:00,358663.5087900163
2020-04-15 00:00:00-04:00,358663.5087900163
2020-04-16 00:00:00-04:00,358663.5087900163
2020-04-17 00:00:00-04:00,358663.5087900163
2020-04-20 00:00:00-04:00,358663.5087900163
2020-04-21 00:00:00-04:00,365402.1309823991
2020-04-22 00:00:00-04:00,376197.4118165971
2020-04-23 00:00:00-04:00,368811.94715595257
2020-04-24 00:00:00-04:00,367050.70944309246
2020-04-27 00:00:00-04:00,361524.66534900677
2020-04-28 00:00:00-04:00,361524.66534900677
2020-04-29 00:00:00-04:00,361524.66534900677
2020-04-30 00:00:00-04:00,361524.66534900677
2020-05-01 00:00:00-04:00,361524.66534900677
2020-05-04 00:00:00-04:00,361524.66534900677
2020-05-05 00:00:00-04:00,361717.6212549211
2020-05-06 00:00:00-04:00,360549.6028223039
2020-05-07 00:00:00-04:00,363240.5615472795
2020-05-08 00:00:00-04:00,359752.5263566972
2020-05-11 00:00:00-04:00,352616.69398593914
2020-05-12 00:00:00-04:00,354219.45986652386
2020-05-13 00:00:00-04:00,351629.93071460736
2020-05-14 00:00:00-04:00,349411.9644365312
2020-05-15 00:00:00-04:00,349627.32462596905
2020-05-18 00:00:00-04:00,351672.6525106431
2020-05-19 00:00:00-04:00,362471.42997646343
2020-05-20 00:00:00-04:00,360340.06487178814
2020-05-21 00:00:00-04:00,365039.75099086773
2020-05-22 00:00:00-04:00,362471.9114446641
2020-05-26 00:00:00-04:00,363223.32548427593
2020-05-27 00:00:00-04:00,378440.42127895367
2020-05-28 00:00:00-04:00,393525.7279119493
2020-05-29 00:00:00-04:00,388056.4651556016
2020-06-01 00:00:00-04:00,389475.282942772
2020-06-02 00:00:00-04:00,394184.84904384625
2020-06-03 00:00:00-04:00,403547.4351797105
2020-06-04 00:00:00-04:00,419955.96404171
2020-06-05 00:00:00-04:00,420362.4774847032
2020-06-08 00:00:00-04:00,445044.6544637681
2020-06-09 00:00:00-04:00,459041.74354457867
2020-06-10 00:00:00-04:00,446456.61478328716
2020-06-11 00:00:00-04:00,433970.14230251324
2020-06-12 00:00:00-04:00,378702.0498876573
2020-06-15 00:00:00-04:00,391039.70448207867
2020-06-16 00:00:00-04:00,397826.9854497911
2020-06-17 00:00:00-04:00,397826.9854497911
2020-06-18 00:00:00-04:00,397826.9854497911
2020-06-19 00:00:00-04:00,397826.9854497911
2020-06-22 00:00:00-04:00,397826.9854497911
2020-06-23 00:00:00-04:00,397826.9854497911
2020-06-24 00:00:00-04:00,397826.9854497911
2020-06-25 00:00:00-04:00,397826.9854497911
2020-06-26 00:00:00-04:00,397826.9854497911
2020-06-29 00:00:00-04:00,397826.9854497911
2020-06-30 00:00:00-04:00,397826.9854497911
2020-07-01 00:00:00-04:00,406645.1300878526
2020-07-02 00:00:00-04:00,406059.53584194195
2020-07-06 00:00:00-04:00,411359.35389614117
2020-07-07 00:00:00-04:00,421460.9516820909
2020-07-08 00:00:00-04:00,411503.3644781114
2020-07-09 00:00:00-04:00,414258.2252340318
2020-07-10 00:00:00-04:00,410842.48136806494
2020-07-13 00:00:00-04:00,415590.09165859234
2020-07-14 00:00:00-04:00,410209.67784023297
2020-07-15 00:00:00-04:00,419752.7309331895
2020-07-16 00:00:00-04:00,433057.7418584824
2020-07-17 00:00:00-04:00,433284.4747381211
2020-07-20 00:00:00-04:00,434547.2022466661
2020-07-21 00:00:00-04:00,431740.02677822125
2020-07-22 00:00:00-04:00,444363.66559505474
2020-07-23 00:00:00-04:00,449674.63058376324
2020-07-24 00:00:00-04:00,445423.81353664416
2020-07-27 00:00:00-04:00,439605.9050893785
2020-07-28 00:00:00-04:00,445916.3216543199
2020-07-29 00:00:00-04:00,438804.5328474046
2020-07-30 00:00:00-04:00,444947.73340892803
2020-07-31 00:00:00-04:00,446470.2606306077
2020-08-03 00:00:00-04:00,449017.5402402879
2020-08-04 00:00:00-04:00,453893.70523357403
2020-08-05 00:00:00-04:00,456910.40509319317
2020-08-06 00:00:00-04:00,464292.1737546922
2020-08-07 00:00:00-04:00,465158.77830028546
2020-08-10 00:00:00-04:00,470921.2679166795
2020-08-11 00:00:00-04:00,476559.1543302537
2020-08-12 00:00:00-04:00,474029.1514234544
2020-08-13 00:00:00-04:00,479438.69892787945
2020-08-14 00:00:00-04:00,478383.3248548509
2020-08-17 00:00:00-04:00,479631.4825963975
2020-08-18 00:00:00-04:00,482507.89523601544
2020-08-19 00:00:00-04:00,481174.26730632794
2020-08-20 00:00:00-04:00,481342.5548620225
2020-08-21 00:00:00-04:00,482852.9798345567
2020-08-24 00:00:00-04:00,485344.98891925823
2020-08-25 00:00:00-04:00,486916.6979894639
2020-08-26 00:00:00-04:00,487866.7235784532
2020-08-27 00:00:00-04:00,492868.994875908
2020-08-28 00:00:00-04:00,494695.4742879869
2020-08-31 00:00:00-04:00,498997.0098104478
2020-09-01 00:00:00-04:00,494708.4604063035
2020-09-02 00:00:00-04:00,503384.3217802049
2020-09-03 00:00:00-04:00,507742.4439725877
2020-09-04 00:00:00-04:00,503501.65552043926
2020-09-08 00:00:00-04:00,503492.6409940721
2020-09-09 00:00:00-04:00,501318.4566679002
2020-09-10 00:00:00-04:00,504953.79571819317
2020-09-11 00:00:00-04:00,505568.64202785504
2020-09-14 00:00:00-04:00,508280.69928455364
2020-09-15 00:00:00-04:00,510325.3993978501
2020-09-16 00:00:00-04:00,511154.397307396
2020-09-17 00:00:00-04:00,510106.99314975744
2020-09-18 00:00:00-04:00,509746.5889291764
2020-09-21 00:00:00-04:00,506363.1120615006
2020-09-22 00:00:00-04:00,495689.5300073624
2020-09-23 00:00:00-04:00,499322.92408847815
2020-09-24 00:00:00-04:00,490924.97976017004
2020-09-25 00:00:00-04:00,491611.07782077795
2020-09-28 00:00:00-04:00,493409.1658983231
2020-09-29 00:00:00-04:00,493746.20221424114
2020-09-30 00:00:00-04:00,494412.7655649186
2020-10-01 00:00:00-04:00,495034.43232440954
2020-10-02 00:00:00-04:00,500396.9921998978
2020-10-05 00:00:00-04:00,498888.04767704016
2020-10-06 00:00:00-04:00,507897.64322757727
2020-10-07 00:00:00-04:00,500135.9599695206
2020-10-08 00:00:00-04:00,512081.87123584753
2020-10-09 00:00:00-04:00,519363.19037342083
2020-10-12 00:00:00-04:00,524989.3369874955
2020-10-13 00:00:00-04:00,532562.205189705
2020-10-14 00:00:00-04:00,527879.292035103
2020-10-15 00:00:00-04:00,524104.68186664593
2020-10-16 00:00:00-04:00,525001.9057798387
2020-10-19 00:00:00-04:00,525562.753804207
2020-10-20 00:00:00-04:00,521214.3851118089
2020-10-21 00:00:00-04:00,521511.8316202165
2020-10-22 00:00:00-04:00,520769.23588466656
2020-10-23 00:00:00-04:00,523982.91556453716
2020-10-26 00:00:00-04:00,526131.0701742173
2020-10-27 00:00:00-04:00,520220.76753902447
2020-10-28 00:00:00-04:00,517873.58790493023
2020-10-29 00:00:00-04:00,511273.137038231
2020-10-30 00:00:00-04:00,507907.14235401165
2020-11-02 00:00:00-05:00,510933.87030124676
2020-11-03 00:00:00-05:00,503627.69881725323
2020-11-04 00:00:00-05:00,495328.87958812725
2020-11-05 00:00:00-05:00,492190.4207105638
2020-11-06 00:00:00-05:00,506499.43858242047
2020-11-09 00:00:00-05:00,505749.93540859234
2020-11-10 00:00:00-05:00,521017.2065610887
2020-11-11 00:00:00-05:00,527002.5389013292
2020-11-12 00:00:00-05:00,525824.737971306
2020-11-13 00:00:00-05:00,518215.87637996685
2020-11-16 00:00:00-05:00,528309.4941663743
2020-11-17 00:00:00-05:00,538287.6524305345
2020-11-18 00:00:00-05:00,536772.1775426866
2020-11-19 00:00:00-05:00,531730.5178403856
2020-11-20 00:00:00-05:00,537707.582350731
2020-11-23 00:00:00-05:00,535051.7708044053
2020-11-24 00:00:00-05:00,553412.7717008592
2020-11-25 00:00:00-05:00,572316.1944570543
2020-11-27 00:00:00-05:00,567211.2151937486
2020-11-30 00:00:00-05:00,569367.6060056688
2020-12-01 00:00:00-05:00,555530.416083336
2020-12-02 00:00:00-05:00,565143.9024686815
2020-12-03 00:00:00-05:00,568686.5595350267
2020-12-04 00:00:00-05:00,571587.5617895128
2020-12-07 00:00:00-05:00,588294.4709997178
2020-12-08 00:00:00-05:00,582799.523001671
2020-12-09 00:00:00-05:00,588382.8928289415
2020-12-10 00:00:00-05:00,583424.6378240586
2020-12-11 00:00:00-05:00,585437.189318657
2020-12-14 00:00:00-05:00,585602.5903806688
2020-12-15 00:00:00-05:00,586912.0657987596
2020-12-16 00:00:00-05:00,588235.3282346727
2020-12-17 00:00:00-05:00,587739.1142606736
2020-12-18 00:00:00-05:00,588386.9638547899
2020-12-21 00:00:00-05:00,588102.1831769944
2020-12-22 00:00:00-05:00,584403.6151151658
2020-12-23 00:00:00-05:00,585734.7622327806
2020-12-24 00:00:00-05:00,588858.0340185167
2020-12-28 00:00:00-05:00,591494.1074285508
2020-12-29 00:00:00-05:00,596718.1467580796
2020-12-30 00:00:00-05:00,592750.8480291368
2020-12-31 00:00:00-05:00,595136.213713646
2021-01-04 00:00:00-05:00,597840.8646306993
2021-01-05 00:00:00-05:00,589323.0294866563
2021-01-06 00:00:00-05:00,603488.9271001817
2021-01-07 00:00:00-05:00,627707.7817831041
2021-01-08 00:00:00-05:00,638723.7847051622
2021-01-11 00:00:00-05:00,641548.5023489
2021-01-12 00:00:00-05:00,644332.8570547105
2021-01-13 00:00:00-05:00,658243.3495931627
2021-01-14 00:00:00-05:00,654009.553557396
2021-01-15 00:00:00-05:00,664076.0180006028
2021-01-19 00:00:00-05:00,648361.7290983201
2021-01-20 00:00:00-05:00,657624.816512108
2021-01-21 00:00:00-05:00,663842.0357198716
2021-01-22 00:00:00-05:00,666625.4414663316
2021-01-25 00:00:00-05:00,669458.456053734
2021-01-26 00:00:00-05:00,676030.305373192
2021-01-27 00:00:00-05:00,686093.4842824937
2021-01-28 00:00:00-05:00,701373.8375234605
2021-01-29 00:00:00-05:00,685186.5572652818
2021-02-01 00:00:00-05:00,690988.3116903306
2021-02-02 00:00:00-05:00,685182.8677816392
2021-02-03 00:00:00-05:00,673614.8085775377
2021-02-04 00:00:00-05:00,679969.2460927964
2021-02-05 00:00:00-05:00,689640.4119558336
2021-02-08 00:00:00-05:00,696617.2632284166
2021-02-09 00:00:00-05:00,710176.0059728624
2021-02-10 00:00:00-05:00,707388.0062971116
2021-02-11 00:00:00-05:00,709272.842028618
2021-02-12 00:00:00-05:00,708701.7432622911
2021-02-16 00:00:00-05:00,717381.4717206956
2021-02-17 00:00:00-05:00,720174.6724195482
2021-02-18 00:00:00-05:00,718648.9335699083
2021-02-19 00:00:00-05:00,713278.9401540757
2021-02-22 00:00:00-05:00,722651.2482595445
2021-02-23 00:00:00-05:00,729539.2912931443
2021-02-24 00:00:00-05:00,733512.5258016587
2021-02-25 00:00:00-05:00,745122.1038885118
2021-02-26 00:00:00-05:00,738600.8146162034
2021-03-01 00:00:00-05:00,735714.9806356431
2021-03-02 00:00:00-05:00,745849.4093275071
2021-03-03 00:00:00-05:00,742643.1359357835
2021-03-04 00:00:00-05:00,744548.9264593126
2021-03-05 00:00:00-05:00,741535.6638097764
2021-03-08 00:00:00-05:00,756776.7669897081
2021-03-09 00:00:00-05:00,772389.7782278062
2021-03-10 00:00:00-05:00,769917.9299306871
2021-03-11 00:00:00-05:00,783711.6323461534
2021-03-12 00:00:00-05:00,793334.3336324693
2021-03-15 00:00:00-04:00,801028.5740880967
2021-03-16 00:00:00-04:00,804401.1583471299
2021-03-17 00:00:00-04:00,791381.1541204454
2021-03-18 00:00:00-04:00,799665.663764
2021-03-19 00:00:00-04:00,799352.9864263536
2021-03-22 00:00:00-04:00,799887.1593999864
2021-03-23 00:00:00-04:00,801191.9545354844
2021-03-24 00:00:00-04:00,799662.2801885606
2021-03-25 00:00:00-04:00,799492.3095159532
2021-03-26 00:00:00-04:00,807556.5593099595
2021-03-29 00:00:00-04:00,825357.9561376573
2021-03-30 00:00:00-04:00,822928.3986654283
2021-03-31 00:00:00-04:00,819163.919447899
2021-04-01 00:00:00-04:00,817079.293578148
2021-04-05 00:00:00-04:00,824931.6458272935
2021-04-06 00:00:00-04:00,838017.7221670152
2021-04-07 00:00:00-04:00,837037.7256765367
2021-04-08 00:00:00-04:00,832682.4480123521
2021-04-09 00:00:00-04:00,839973.8049154283
2021-04-12 00:00:00-04:00,849960.4309377671
2021-04-13 00:00:00-04:00,851959.7438497544
2021-04-14 00:00:00-04:00,852309.237013817
2021-04-15 00:00:00-04:00,849865.518187523
2021-04-16 00:00:00-04:00,859140.9376516343
2021-04-19 00:00:00-04:00,863081.306494713
2021-04-20 00:00:00-04:00,858447.014357567
2021-04-21 00:00:00-04:00,850748.4521322252
2021-04-22 00:00:00-04:00,861998.4947195054
2021-04-23 00:00:00-04:00,851866.710791588
2021-04-26 00:00:00-04:00,867798.2905263902
2021-04-27 00:00:00-04:00,868679.7029485704
2021-04-28 00:00:00-04:00,871394.8777685167
2021-04-29 00:00:00-04:00,870664.5459127427
2021-04-30 00:00:00-04:00,874697.6730031968
2021-05-03 00:00:00-04:00,865888.6423864366
2021-05-04 00:00:00-04:00,879653.187857628
2021-05-05 00:00:00-04:00,882055.2441167831
2021-05-06 00:00:00-04:00,891008.9304800035
2021-05-07 00:00:00-04:00,897502.1811971666
2021-05-10 00:00:00-04:00,908010.71719265
2021-05-11 00:00:00-04:00,907012.7349386216
2021-05-12 00:00:00-04:00,894128.1441793443
2021-05-13 00:00:00-04:00,875804.1866445543
2021-05-14 00:00:00-04:00,887563.274626732
2021-05-17 00:00:00-04:00,903607.7287588121
2021-05-18 00:00:00-04:00,910928.808699608
2021-05-19 00:00:00-04:00,901307.1204977037
2021-05-20 00:00:00-04:00,890015.4100484849
2021-05-21 00:00:00-04:00,889275.7015371324
2021-05-24 00:00:00-04:00,887302.0340223314
2021-05-25 00:00:00-04:00,890251.2268133165
2021-05-26 00:00:00-04:00,890613.2980947496
2021-05-27 00:00:00-04:00,888625.4838476182
2021-05-28 00:00:00-04:00,887966.0327520372
2021-06-01 00:00:00-04:00,886424.0531225206
2021-06-02 00:00:00-04:00,898614.5875463487
2021-06-03 00:00:00-04:00,900978.1461782458
2021-06-04 00:00:00-04:00,898054.0805730822
2021-06-07 00:00:00-04:00,902738.6296529772
2021-06-08 00:00:00-04:00,904623.3217458727
2021-06-09 00:00:00-04:00,908948.7729940417
2021-06-10 00:00:00-04:00,906744.9597921374
2021-06-11 00:00:00-04:00,910281.0185384753
2021-06-14 00:00:00-04:00,912590.7269887927
2021-06-15 00:00:00-04:00,913722.6739645007
2021-06-16 00:00:00-04:00,915887.9594717028
2021-06-17 00:00:00-04:00,913427.2146444323
2021-06-18 00:00:00-04:00,910947.7513875964
2021-06-21 00:00:00-04:00,902660.7458791735
2021-06-22 00:00:00-04:00,912733.8578329089
2021-06-23 00:00:00-04:00,920323.430953026
2021-06-24 00:00:00-04:00,920681.0091085436
2021-06-25 00:00:00-04:00,925426.9754018786
2021-06-28 00:00:00-04:00,928210.9067831042
2021-06-29 00:00:00-04:00,926299.5121450428
2021-06-30 00:00:00-04:00,923788.3378744129
2021-07-01 00:00:00-04:00,926858.576796532
2021-07-02 00:00:00-04:00,931976.7479391102
2021-07-06 00:00:00-04:00,935229.331496239
2021-07-07 00:00:00-04:00,933553.180098534
2021-07-08 00:00:00-04:00,938087.5069417957
2021-07-09 00:00:00-04:00,932038.1710653309
2021-07-12 00:00:00-04:00,939478.523055077
2021-07-13 00:00:00-04:00,941101.7838888172
2021-07-14 00:00:00-04:00,937739.4617605213
2021-07-15 00:00:00-04:00,937678.2148351672
2021-07-16 00:00:00-04:00,934791.2342214587
2021-07-19 00:00:00-04:00,929742.6309957507
2021-07-20 00:00:00-04:00,922294.5844259264
2021-07-21 00:00:00-04:00,926115.6705846789
2021-07-22 00:00:00-04:00,924512.5870428088
2021-07-23 00:00:00-04:00,924440.2443075182
2021-07-26 00:00:00-04:00,929493.10706234
2021-07-27 00:00:00-04:00,926251.7946615221
2021-07-28 00:00:00-04:00,924514.7132177355
2021-07-29 00:00:00-04:00,923158.9211683276
2021-07-30 00:00:00-04:00,925520.4358396532
2021-08-02 00:00:00-04:00,923144.9359540942
2021-08-03 00:00:00-04:00,923096.3547849657
2021-08-04 00:00:00-04:00,925049.8053388598
2021-08-05 00:00:00-04:00,927037.3526792529
2021-08-06 00:00:00-04:00,926308.3037595751
2021-08-09 00:00:00-04:00,925233.6382703783
2021-08-10 00:00:00-04:00,926561.8725919726
2021-08-11 00:00:00-04:00,934713.8152952198
2021-08-12 00:00:00-04:00,938781.2260313036
2021-08-13 00:00:00-04:00,937002.12892437
2021-08-16 00:00:00-04:00,933109.5016965868
2021-08-17 00:00:00-04:00,931171.7986173632
2021-08-18 00:00:00-04:00,939368.5788908007
2021-08-19 00:00:00-04:00,939384.6381177905
2021-08-20 00:00:00-04:00,945446.029429436
2021-08-23 00:00:00-04:00,943030.1799497607
2021-08-24 00:00:00-04:00,935942.6694974902
2021-08-25 00:00:00-04:00,942877.9653043749
2021-08-26 00:00:00-04:00,946676.4591398241
2021-08-27 00:00:00-04:00,937436.5490140917
2021-08-30 00:00:00-04:00,947545.937304497
2021-08-31 00:00:00-04:00,949143.0609159473
2021-09-01 00:00:00-04:00,947381.0141935352
2021-09-02 00:00:00-04:00,949182.0350370411
2021-09-03 00:00:00-04:00,950485.1183958057
2021-09-07 00:00:00-04:00,950400.8979520801
2021-09-08 00:00:00-04:00,947964.0591001514
2021-09-09 00:00:00-04:00,949144.9135313038
2021-09-10 00:00:00-04:00,948074.557139397
2021-09-13 00:00:00-04:00,948300.0784177784
2021-09-14 00:00:00-04:00,949050.8118543628
2021-09-15 00:00:00-04:00,949259.8429670337
2021-09-16 00:00:00-04:00,948736.2216215137
2021-09-17 00:00:00-04:00,950089.2888822559
2021-09-20 00:00:00-04:00,950822.0190610889
2021-09-21 00:00:00-04:00,949822.7059583667
2021-09-22 00:00:00-04:00,951010.8159971241
2021-09-23 00:00:00-04:00,951682.4152097706
2021-09-24 00:00:00-04:00,953089.2425870899
2021-09-27 00:00:00-04:00,953469.1200437549
2021-09-28 00:00:00-04:00,952099.980425835
2021-09-29 00:00:00-04:00,949755.972033501
2021-09-30 00:00:00-04:00,948820.4912443165
2021-10-01 00:00:00-04:00,949978.4581022266
2021-10-04 00:00:00-04:00,953724.4306516651
2021-10-05 00:00:00-04:00,958486.2946577074
2021-10-06 00:00:00-04:00,957730.442080498
2021-10-07 00:00:00-04:00,956048.9212675097
2021-10-08 00:00:00-04:00,958442.2216978075
2021-10-11 00:00:00-04:00,964733.425509453
2021-10-12 00:00:00-04:00,962288.3813352587
2021-10-13 00:00:00-04:00,961904.2305479052
2021-10-14 00:00:00-04:00,961464.6333112719
2021-10-15 00:00:00-04:00,967095.6620588305
2021-10-18 00:00:00-04:00,972868.5049772265
2021-10-19 00:00:00-04:00,975835.4770002367
2021-10-20 00:00:00-04:00,977951.4115934374
2021-10-21 00:00:00-04:00,981392.9074583057
2021-10-22 00:00:00-04:00,980827.0018110278
2021-10-25 00:00:00-04:00,984701.2728071215
2021-10-26 00:00:00-04:00,995124.3775739672
2021-10-27 00:00:00-04:00,995910.8310117724
2021-10-28 00:00:00-04:00,987423.7478666308
2021-10-29 00:00:00-04:00,994613.6699247364
2021-11-01 00:00:00-04:00,991726.9879789356
2021-11-02 00:00:00-04:00,993788.3897428515
2021-11-03 00:00:00-04:00,992196.0831022265
2021-11-04 00:00:00-04:00,1011043.3832426073
2021-11-05 00:00:00-04:00,1015655.2876462939
2021-11-08 00:00:00-05:00,1022202.1837186816
2021-11-09 00:00:00-05:00,1021529.877551079
2021-11-10 00:00:00-05:00,1021290.2326231005
2021-11-11 00:00:00-05:00,1010131.9761075976
2021-11-12 00:00:00-05:00,1014432.6856260302
2021-11-15 00:00:00-05:00,1018320.4824857714
2021-11-16 00:00:00-05:00,1021971.5714750292
2021-11-17 00:00:00-05:00,1022019.2916593555
2021-11-18 00:00:00-05:00,1017198.598406792
2021-11-19 00:00:00-05:00,1024177.2495298389
2021-11-22 00:00:00-05:00,1020694.1473875049
2021-11-23 00:00:00-05:00,1021248.0565061573
2021-11-24 00:00:00-05:00,1017020.2177457813
2021-11-26 00:00:00-05:00,1017055.4338254932
2021-11-29 00:00:00-05:00,1017400.6526212696
2021-11-30 00:00:00-05:00,1017147.0330381397
2021-12-01 00:00:00-05:00,1018978.74775219
2021-12-02 00:00:00-05:00,1019140.7736234668
2021-12-03 00:00:00-05:00,1014959.2640867237
2021-12-06 00:00:00-05:00,1017026.9170255665
2021-12-07 00:00:00-05:00,1013842.3985319141
2021-12-08 00:00:00-05:00,1008124.5492582325
2021-12-09 00:00:00-05:00,1008083.4800062183
2021-12-10 00:00:00-05:00,1000849.9687604908
2021-12-13 00:00:00-05:00,1013913.1170377735
2021-12-14 00:00:00-05:00,999416.6424589161
2021-12-15 00:00:00-05:00,992172.9519147876
2021-12-16 00:00:00-05:00,1010351.0517454151
2021-12-17 00:00:00-05:00,1012177.4661893848
2021-12-20 00:00:00-05:00,1009615.0820951465
2021-12-21 00:00:00-05:00,1008053.8645658497
2021-12-22 00:00:00-05:00,1010315.5952939991
2021-12-23 00:00:00-05:00,1014293.1784696582
2021-12-27 00:00:00-05:00,1025048.1854963306
2021-12-28 00:00:00-05:00,1042737.6720685961
2021-12-29 00:00:00-05:00,1043943.3106946949
2021-12-30 00:00:00-05:00,1047971.0883283619
2021-12-31 00:00:00-05:00,1043853.0850477222
2022-01-03 00:00:00-05:00,1043782.2996473316
2022-01-04 00:00:00-05:00,1050189.0824232104
2022-01-05 00:00:00-05:00,1049161.0685987475
2022-01-06 00:00:00-05:00,1039040.8103284838
2022-01-07 00:00:00-05:00,1037576.4373121264
2022-01-10 00:00:00-05:00,1043539.5303602221
2022-01-11 00:00:00-05:00,1041735.8012113573
2022-01-12 00:00:00-05:00,1049389.4788084032
2022-01-13 00:00:00-05:00,1051627.7721738818
2022-01-14 00:00:00-05:00,1051139.0582380297
2022-01-18 00:00:00-05:00,1058304.1135282519
2022-01-19 00:00:00-05:00,1067224.075007439
2022-01-20 00:00:00-05:00,1070058.1108961108
2022-01-21 00:00:00-05:00,1074745.797549248
2022-01-24 00:00:00-05:00,1078065.03151989
2022-01-25 00:00:00-05:00,1069746.610125542
2022-01-26 00:00:00-05:00,1086562.8784818652
2022-01-27 00:00:00-05:00,1092476.989825249
2022-01-28 00:00:00-05:00,1101023.489710808
2022-01-31 00:00:00-05:00,1086182.8950605395
2022-02-01 00:00:00-05:00,1087777.511813164
2022-02-02 00:00:00-05:00,1094398.5454130175
2022-02-03 00:00:00-05:00,1097404.684908867
2022-02-04 00:00:00-05:00,1095575.0292997363
2022-02-07 00:00:00-05:00,1096196.4407377245
2022-02-08 00:00:00-05:00,1099335.9892606738
2022-02-09 00:00:00-05:00,1092131.549754143
2022-02-10 00:00:00-05:00,1087178.424715996
2022-02-11 00:00:00-05:00,1087996.6934614184
2022-02-14 00:00:00-05:00,1097365.0476331713
2022-02-15 00:00:00-05:00,1098227.447321892
2022-02-16 00:00:00-05:00,1090902.5379743578
2022-02-17 00:00:00-05:00,1090038.837946892
2022-02-18 00:00:00-05:00,1099139.7132825854
2022-02-22 00:00:00-05:00,1102269.113764763
2022-02-23 00:00:00-05:00,1115144.1234998705
2022-02-24 00:00:00-05:00,1129871.1213788989
2022-02-25 00:00:00-05:00,1117268.0497388842
2022-02-28 00:00:00-05:00,1100573.827097893
2022-03-01 00:00:00-05:00,1101222.085894585
2022-03-02 00:00:00-05:00,1106905.1655607226
2022-03-03 00:00:00-05:00,1108855.1758146288
2022-03-04 00:00:00-05:00,1109719.7538785937
2022-03-07 00:00:00-05:00,1117378.8695859911
2022-03-08 00:00:00-05:00,1124002.153307915
2022-03-09 00:00:00-05:00,1132236.4286909106
2022-03-10 00:00:00-05:00,1102190.0635938647
2022-03-11 00:00:00-05:00,1111805.865000725
2022-03-14 00:00:00-04:00,1122453.5351667407
2022-03-15 00:00:00-04:00,1120750.6044721606
2022-03-16 00:00:00-04:00,1120750.6044721606
2022-03-17 00:00:00-04:00,1120750.6044721606
2022-03-18 00:00:00-04:00,1120750.6044721606
2022-03-21 00:00:00-04:00,1120750.6044721606
2022-03-22 00:00:00-04:00,1120750.6044721606
2022-03-23 00:00:00-04:00,1119313.9435834887
2022-03-24 00:00:00-04:00,1119037.4899396899
2022-03-25 00:00:00-04:00,1121967.9268140795
2022-03-28 00:00:00-04:00,1127396.785716057
2022-03-29 00:00:00-04:00,1123737.6999006274
2022-03-30 00:00:00-04:00,1126116.889597893
2022-03-31 00:00:00-04:00,1128172.1285505297
2022-04-01 00:00:00-04:00,1120703.6498823168
2022-04-04 00:00:00-04:00,1126049.3727064135
2022-04-05 00:00:00-04:00,1124663.077754021
2022-04-06 00:00:00-04:00,1129430.1680212023
2022-04-07 00:00:00-04:00,1138259.2031850817
2022-04-08 00:00:00-04:00,1143873.917773247
2022-04-11 00:00:00-04:00,1144309.755209923
2022-04-12 00:00:00-04:00,1139810.074351311
2022-04-13 00:00:00-04:00,1144819.0069761279
2022-04-14 00:00:00-04:00,1150377.455096245
2022-04-18 00:00:00-04:00,1153976.9007520678
2022-04-19 00:00:00-04:00,1154556.4638090136
2022-04-20 00:00:00-04:00,1154593.9264326098
2022-04-21 00:00:00-04:00,1161010.4191312792
2022-04-22 00:00:00-04:00,1165354.312457085
2022-04-25 00:00:00-04:00,1169521.7307691576
2022-04-26 00:00:00-04:00,1166486.9383420947
2022-04-27 00:00:00-04:00,1173772.976984978
2022-04-28 00:00:00-04:00,1175734.204504967
2022-04-29 00:00:00-04:00,1166635.6296033862
2022-05-02 00:00:00-04:00,1186053.8896589282
2022-05-03 00:00:00-04:00,1179786.8544225695
2022-05-04 00:00:00-04:00,1176612.830801964
2022-05-05 00:00:00-04:00,1169827.4746046069
2022-05-06 00:00:00-04:00,1189740.9308195116
2022-05-09 00:00:00-04:00,1202955.8532781603
2022-05-10 00:00:00-04:00,1202839.5308065417
2022-05-11 00:00:00-04:00,1206176.9176244738
2022-05-12 00:00:00-04:00,1222383.802412987
2022-05-13 00:00:00-04:00,1218084.4897527697
2022-05-16 00:00:00-04:00,1198503.928900719
2022-05-17 00:00:00-04:00,1205135.5317411425
2022-05-18 00:00:00-04:00,1186210.7838125231
2022-05-19 00:00:00-04:00,1205175.696642876
2022-05-20 00:00:00-04:00,1211165.8255949023
2022-05-23 00:00:00-04:00,1219251.4641103747
2022-05-24 00:00:00-04:00,1220330.1043882372
2022-05-25 00:00:00-04:00,1226865.3199834826
2022-05-26 00:00:00-04:00,1232308.1258611681
2022-05-27 00:00:00-04:00,1241036.8215246203
2022-05-31 00:00:00-04:00,1252822.6699590685
2022-06-01 00:00:00-04:00,1244416.5894994738
2022-06-02 00:00:00-04:00,1242909.2743444445
2022-06-03 00:00:00-04:00,1242380.449679375
2022-06-06 00:00:00-04:00,1247994.5138845446
2022-06-07 00:00:00-04:00,1248792.2548856738
2022-06-08 00:00:00-04:00,1254054.4175634386
2022-06-09 00:00:00-04:00,1252818.5518751147
2022-06-10 00:00:00-04:00,1274718.969878197
2022-06-13 00:00:00-04:00,1304669.1670064928
2022-06-14 00:00:00-04:00,1342077.0927305224
2022-06-15 00:00:00-04:00,1345405.2050447466
2022-06-16 00:00:00-04:00,1331834.29588604
2022-06-17 00:00:00-04:00,1369520.0266981127
2022-06-21 00:00:00-04:00,1362354.8219594958
2022-06-22 00:00:00-04:00,1338889.031760216
2022-06-23 00:00:00-04:00,1341169.71851635
2022-06-24 00:00:00-04:00,1329886.7384099963
2022-06-27 00:00:00-04:00,1329886.7384099963
2022-06-28 00:00:00-04:00,1329886.7384099963
2022-06-29 00:00:00-04:00,1329886.7384099963
2022-06-30 00:00:00-04:00,1329886.7384099963
2022-07-01 00:00:00-04:00,1329886.7384099963
2022-07-05 00:00:00-04:00,1319092.0478963854
2022-07-06 00:00:00-04:00,1320835.3367338183
2022-07-07 00:00:00-04:00,1323590.8341360094
2022-07-08 00:00:00-04:00,1302389.0652608874
2022-07-11 00:00:00-04:00,1304845.438891411
2022-07-12 00:00:00-04:00,1315903.9496717455
2022-07-13 00:00:00-04:00,1321729.7831068041
2022-07-14 00:00:00-04:00,1322723.7301054003
2022-07-15 00:00:00-04:00,1329865.6600027087
2022-07-18 00:00:00-04:00,1313960.374066353
2022-07-19 00:00:00-04:00,1313960.374066353
2022-07-20 00:00:00-04:00,1313960.374066353
2022-07-21 00:00:00-04:00,1313960.374066353
2022-07-22 00:00:00-04:00,1313960.374066353
2022-07-25 00:00:00-04:00,1313960.374066353
2022-07-26 00:00:00-04:00,1316714.3884096148
2022-07-27 00:00:00-04:00,1326663.6228723528
2022-07-28 00:00:00-04:00,1330777.133088112
2022-07-29 00:00:00-04:00,1334177.0835237505
2022-08-01 00:00:00-04:00,1333908.2460718157
2022-08-02 00:00:00-04:00,1341372.0362939837
2022-08-03 00:00:00-04:00,1329178.0035486224
2022-08-04 00:00:00-04:00,1358882.0792627337
2022-08-05 00:00:00-04:00,1357208.986931801
2022-08-08 00:00:00-04:00,1357160.9564447405
2022-08-09 00:00:00-04:00,1363717.8296594622
2022-08-10 00:00:00-04:00,1347852.1490716937
2022-08-11 00:00:00-04:00,1369688.7364892962
2022-08-12 00:00:00-04:00,1369117.7119226458
2022-08-15 00:00:00-04:00,1384311.9921960833
2022-08-16 00:00:00-04:00,1393792.129197121
2022-08-17 00:00:00-04:00,1410256.3465280535
2022-08-18 00:00:00-04:00,1389369.1459894183
2022-08-19 00:00:00-04:00,1393882.928956032
2022-08-22 00:00:00-04:00,1365518.6277704241
2022-08-23 00:00:00-04:00,1367473.238129616
2022-08-24 00:00:00-04:00,1366278.7453317645
2022-08-25 00:00:00-04:00,1366015.0256738665
2022-08-26 00:00:00-04:00,1363238.2149286272
2022-08-29 00:00:00-04:00,1367069.9043054583
2022-08-30 00:00:00-04:00,1367069.9043054583
2022-08-31 00:00:00-04:00,1367069.9043054583
2022-09-01 00:00:00-04:00,1367069.9043054583
2022-09-02 00:00:00-04:00,1367069.9043054583
2022-09-06 00:00:00-04:00,1367069.9043054583
2022-09-07 00:00:00-04:00,1368866.73921299
2022-09-08 00:00:00-04:00,1373537.6513834002
2022-09-09 00:00:00-04:00,1379830.486428261
2022-09-12 00:00:00-04:00,1381127.523903847
2022-09-13 00:00:00-04:00,1382076.211152077
2022-09-14 00:00:00-04:00,1371101.392601967
2022-09-15 00:00:00-04:00,1380999.4047708514
2022-09-16 00:00:00-04:00,1373713.889275551
2022-09-19 00:00:00-04:00,1366664.0366449358
2022-09-20 00:00:00-04:00,1370100.1907968523
2022-09-21 00:00:00-04:00,1375413.2140131
2022-09-22 00:00:00-04:00,1382627.6880731585
2022-09-23 00:00:00-04:00,1384872.2180032732
2022-09-26 00:00:00-04:00,1391643.8186655047
2022-09-27 00:00:00-04:00,1395479.2206506731
2022-09-28 00:00:00-04:00,1396175.3047513964
2022-09-29 00:00:00-04:00,1377044.7821092608
2022-09-30 00:00:00-04:00,1396765.3988676073
2022-10-03 00:00:00-04:00,1406379.9072771075
2022-10-04 00:00:00-04:00,1382946.8115644457
2022-10-05 00:00:00-04:00,1389923.4946088793
2022-10-06 00:00:00-04:00,1395966.1388959887
2022-10-07 00:00:00-04:00,1403235.884432793
2022-10-10 00:00:00-04:00,1402925.5789060595
2022-10-11 00:00:00-04:00,1395874.0347013476
2022-10-12 00:00:00-04:00,1400075.7148866656
2022-10-13 00:00:00-04:00,1403552.9269132616
2022-10-14 00:00:00-04:00,1377657.6785612109
2022-10-17 00:00:00-04:00,1405723.1315488818
2022-10-18 00:00:00-04:00,1376488.0789213183
2022-10-19 00:00:00-04:00,1376697.6580533984
2022-10-20 00:00:00-04:00,1387261.6270780566
2022-10-21 00:00:00-04:00,1389080.2631406786
2022-10-24 00:00:00-04:00,1393212.8537931445
2022-10-25 00:00:00-04:00,1392843.7666196825
2022-10-26 00:00:00-04:00,1393096.4483213427
2022-10-27 00:00:00-04:00,1396437.3744688036
2022-10-28 00:00:00-04:00,1397335.776431084
2022-10-31 00:00:00-04:00,1398206.0807828906
2022-11-01 00:00:00-04:00,1400311.6960325243
2022-11-02 00:00:00-04:00,1406237.3210096362
2022-11-03 00:00:00-04:00,1412610.977526665
2022-11-04 00:00:00-04:00,1411571.8754301073
2022-11-07 00:00:00-05:00,1405716.5558729174
2022-11-08 00:00:00-05:00,1407821.4362668993
2022-11-09 00:00:00-05:00,1416686.6655340197
2022-11-10 00:00:00-05:00,1418320.6921529772
2022-11-11 00:00:00-05:00,1426418.5100088122
2022-11-14 00:00:00-05:00,1419190.984480858
2022-11-15 00:00:00-05:00,1418829.4705762865
2022-11-16 00:00:00-05:00,1437545.3288297656
2022-11-17 00:00:00-05:00,1411027.1516599657
2022-11-18 00:00:00-05:00,1409078.4758405688
2022-11-21 00:00:00-05:00,1427040.0219907763
2022-11-22 00:00:00-05:00,1423379.4412717822
2022-11-23 00:00:00-05:00,1458858.5315809252
2022-11-25 00:00:00-05:00,1465637.5042371752
2022-11-28 00:00:00-05:00,1467753.542269707
2022-11-29 00:00:00-05:00,1429397.0039396288
2022-11-30 00:00:00-05:00,1432873.3509702685
2022-12-01 00:00:00-05:00,1479667.8860654833
2022-12-02 00:00:00-05:00,1477170.012820244
2022-12-05 00:00:00-05:00,1480569.6238279345
2022-12-06 00:00:00-05:00,1448775.2389402392
2022-12-07 00:00:00-05:00,1428702.3354825976
2022-12-08 00:00:00-05:00,1431523.8171720507
2022-12-09 00:00:00-05:00,1432582.8375272753
2022-12-12 00:00:00-05:00,1429876.8949003222
2022-12-13 00:00:00-05:00,1432236.2788419726
2022-12-14 00:00:00-05:00,1433019.470004082
