,asofdate,aic,bic,hqic,mae,mse,rsquare,forecastHorizon,diff,trainDFLength,num_models,order_p,order_q,time,product_name,ar.L1.close
0,2016-05-23 00:00:00+00:00,-731.8383875064384,-721.2501002439041,-727.5778800800982,0.03431072953434411,0.0031328672678718845,1.0302591960245528,5,True,252,2000,1,0,0 days 00:00:00.355460,ethereum,0.06301453877768186
1,2016-05-28 00:00:00+00:00,-740.4028130981718,-729.8145258356375,-736.1423056718317,0.03353878194816699,0.003028179817474249,1.0305167822923549,5,True,252,2000,1,0,0 days 00:00:00.530994,ethereum,0.06295147390125633
2,2016-06-02 00:00:00+00:00,-743.8747486271465,-733.2864613646121,-739.6142412008063,0.033003662400502204,0.002986742481993909,1.031419724862126,5,True,252,2000,1,0,0 days 00:00:00.227029,ethereum,0.06290595512961239
3,2016-06-07 00:00:00+00:00,-737.0930372959655,-726.5047500334312,-732.8325298696253,0.033611422876248145,0.0030682103380476784,1.026889458509803,5,True,252,2000,1,0,0 days 00:00:00.191970,ethereum,0.06367644532754142
4,2016-06-12 00:00:00+00:00,-741.7256857745439,-731.1373985120096,-737.4651783482037,0.03285296555272931,0.0030124521543222504,1.0268006837102581,5,True,252,2000,1,0,0 days 00:00:00.322008,ethereum,0.06362266193288701
5,2016-06-17 00:00:00+00:00,-790.9344406259794,-780.3461533634451,-786.6739331996392,0.03015086359655442,0.002485934863058499,0.9905392876131182,5,True,252,2000,1,0,0 days 00:00:00.401997,ethereum,0.06696071796316373
6,2016-06-22 00:00:00+00:00,-832.5445679878093,-821.956280725275,-828.2840605614691,0.02962130041456951,0.002100804160763906,0.9729271364785356,5,True,252,2000,1,0,0 days 00:00:00.262997,ethereum,0.06311633461437649
7,2016-06-27 00:00:00+00:00,-827.5814028163553,-816.993115553821,-823.3208953900152,0.03007954384082261,0.00214283312847843,0.9732925835295867,5,True,252,2000,1,0,0 days 00:00:00.294001,ethereum,0.0640064175829245
8,2016-07-02 00:00:00+00:00,-818.4601078705842,-807.8718206080499,-814.1996004442441,0.031083345731531462,0.002221556871825863,0.9720064617741797,5,True,252,2000,1,0,0 days 00:00:00.453741,ethereum,0.06364247504866645
9,2016-07-07 00:00:00+00:00,-764.4193867570942,-753.8310994945599,-760.1588793307541,0.034192351446777396,0.002753367417236749,0.9204638748590669,5,True,252,2000,1,0,0 days 00:00:00.420981,ethereum,0.06628754158795166
10,2016-07-12 00:00:00+00:00,-720.1351080202675,-709.5468207577331,-715.8746005939273,0.03545279605374365,0.003281790800148633,0.942654588772631,5,True,252,2000,1,0,0 days 00:00:00.607999,ethereum,0.0628729886054344
11,2016-07-17 00:00:00+00:00,-710.3604251726391,-699.7721379101048,-706.099917746299,0.03597992029205477,0.0034115850976727665,0.9358154029055193,5,True,252,2000,1,0,0 days 00:00:00.469998,ethereum,0.06289256580477331
12,2016-07-22 00:00:00+00:00,-716.8245570910614,-706.236269828527,-712.5640496647212,0.03519419479904865,0.00332518534898759,0.9372965093539082,5,True,252,2000,1,0,0 days 00:00:00.468999,ethereum,0.06293531707669651
13,2016-07-27 00:00:00+00:00,-729.9765402800325,-719.3882530174982,-725.7160328536924,0.03407969630062896,0.0031560907473331045,0.9308594541752552,5,True,252,2000,1,0,0 days 00:00:00.483009,ethereum,0.06286236513446798
14,2016-08-01 00:00:00+00:00,-732.5090012792908,-721.9207140167565,-728.2484938529507,0.03385860251427741,0.0031245692892993135,0.9302088864184341,5,True,252,2000,1,0,0 days 00:00:00.433996,ethereum,0.06501758948808904
15,2016-08-06 00:00:00+00:00,-759.6548593702558,-749.0665721077215,-755.3943519439157,0.032920162383986276,0.0028054434786128186,0.9203450798688387,5,True,252,2000,1,0,0 days 00:00:00.451693,ethereum,0.06288283982452934
16,2016-08-11 00:00:00+00:00,-760.9277886792398,-750.3395014167055,-756.6672812528997,0.03274202597514553,0.0027913119259562543,0.9206383051097106,5,True,252,2000,1,0,0 days 00:00:00.527000,ethereum,0.06288448072595378
17,2016-08-16 00:00:00+00:00,-761.2491515076257,-750.6608642450914,-756.9886440812855,0.03267730402748222,0.0027877587015875155,0.9208605764217621,5,True,252,2000,1,0,0 days 00:00:00.253000,ethereum,0.06292321612700234
18,2016-08-21 00:00:00+00:00,-739.5692841045039,-728.9809968419696,-735.3087766781638,0.03485514346786007,0.0030381924486859247,0.9146775855758972,5,True,252,2000,1,0,0 days 00:00:00.276002,ethereum,0.06353124092961263
19,2016-08-26 00:00:00+00:00,-729.8796701431896,-719.2913828806553,-725.6191627168495,0.035873932886183464,0.0031572974022398173,0.9136600087924305,5,True,252,2000,1,0,0 days 00:00:00.323000,ethereum,0.06294692371789962
20,2016-08-31 00:00:00+00:00,-728.4222245110492,-717.8339372485149,-724.161717084709,0.03608194959167588,0.0031756124942981354,0.9141346175352653,5,True,252,2000,1,0,0 days 00:00:00.454002,ethereum,0.06285803059435727
21,2016-09-05 00:00:00+00:00,-728.0029967915387,-717.4147095290044,-723.7424893651986,0.036166171961120874,0.0031809001780153225,0.9144824891921152,5,True,252,2000,1,0,0 days 00:00:00.842741,ethereum,0.06284807497124019
22,2016-09-10 00:00:00+00:00,-706.3802763604527,-695.7919890979184,-702.1197689341126,0.037794124574653504,0.0034658969415285244,0.900243763142716,5,True,252,2000,1,0,0 days 00:00:00.329964,ethereum,0.06292174783125348
23,2016-09-15 00:00:00+00:00,-690.0466219830865,-679.4583347205522,-685.7861145567464,0.039829260666333216,0.0036979627461108905,0.8983640959616068,5,True,252,2000,1,0,0 days 00:00:00.342883,ethereum,0.06309479798560938
24,2016-09-20 00:00:00+00:00,-680.5551639069719,-669.9668766444375,-676.2946564806317,0.0410234525242948,0.00383994796109155,0.8944878045900169,5,True,252,2000,1,0,0 days 00:00:00.234002,ethereum,0.06349397219413407
25,2016-09-25 00:00:00+00:00,-680.6695093095528,-670.0812220470185,-676.4090018832127,0.041103225560321484,0.0038381055757251386,0.8949402694459706,5,True,252,2000,1,0,0 days 00:00:00.196994,ethereum,0.06286318023329625
26,2016-09-30 00:00:00+00:00,-678.75607933302,-668.1677920704857,-674.4955719066799,0.041608955806640244,0.00386733997735116,0.8959521965140796,5,True,252,2000,1,0,0 days 00:00:00.165001,ethereum,0.06279902031350539
27,2016-10-05 00:00:00+00:00,-661.2853671701399,-650.6970799076056,-657.0248597437998,0.04355853547898376,0.0041449788791549135,0.8951343213146414,5,True,252,2000,1,0,0 days 00:00:00.191003,ethereum,0.06326020764104864
28,2016-10-10 00:00:00+00:00,-661.3788129423946,-650.7905256798603,-657.1183055160544,0.04354265502140418,0.004143438754589565,0.8964238631417477,5,True,252,2000,1,0,0 days 00:00:00.156002,ethereum,0.06267769116816872
29,2016-10-15 00:00:00+00:00,-657.5731904852945,-646.9849032227602,-653.3126830589543,0.04415629699764269,0.004206476857949932,0.8974496893537302,5,True,252,2000,1,0,0 days 00:00:00.198995,ethereum,0.06286892002178048
30,2016-10-20 00:00:00+00:00,-647.5655019324466,-636.9772146699123,-643.3049945061065,0.04558781228218709,0.004376871232837463,0.8993689145512415,5,True,252,2000,1,0,0 days 00:00:00.204999,ethereum,0.06283436958012378
31,2016-10-25 00:00:00+00:00,-644.8984263287988,-634.3101390662645,-640.6379189024586,0.046179348548387865,0.004423435204793683,0.9000729676321844,5,True,252,2000,1,0,0 days 00:00:00.198006,ethereum,0.06265998749930458
32,2016-10-30 00:00:00+00:00,-644.007059446072,-633.4187721835377,-639.7465520197319,0.04615456649108139,0.004439134812839406,0.9003362200540304,5,True,252,2000,1,0,0 days 00:00:00.185997,ethereum,0.06268678825956428
33,2016-11-04 00:00:00+00:00,-628.6947733106575,-618.1064860481232,-624.4342658843174,0.0477872848917686,0.004717222181704797,0.9063643859906778,5,True,252,2000,1,0,0 days 00:00:00.301002,ethereum,0.06270786424649305
34,2016-11-09 00:00:00+00:00,-603.5845234154398,-592.9962361529055,-599.3240159890996,0.05045540952401272,0.005211489272151019,0.9103048951337253,5,True,252,2000,1,0,0 days 00:00:00.519992,ethereum,0.063307480140087
35,2016-11-14 00:00:00+00:00,-598.5816927803877,-587.9934055178534,-594.3211853540475,0.05119268431341327,0.005316059386294033,0.9137414036771343,5,True,252,2000,1,0,0 days 00:00:00.190005,ethereum,0.06278408663308303
36,2016-11-19 00:00:00+00:00,-595.1242565987853,-584.535969336251,-590.8637491724452,0.05172312941132522,0.00538950342395077,0.9152694860957739,5,True,252,2000,1,0,0 days 00:00:00.846298,ethereum,0.0628771285261851
37,2016-11-24 00:00:00+00:00,-593.272278207978,-582.6839909454437,-589.0117707816379,0.0521236974868895,0.0054292695600619365,0.9159202733498156,5,True,252,2000,1,0,0 days 00:00:00.216003,ethereum,0.06280321077300602
38,2016-11-29 00:00:00+00:00,-591.2495467344744,-580.6612594719401,-586.9890393081342,0.05267368212461838,0.005473041814487638,0.9160432656831768,5,True,252,2000,1,0,0 days 00:00:00.394003,ethereum,0.06298052939554258
39,2016-12-04 00:00:00+00:00,-594.0475671320825,-583.4592798695481,-589.7870597057423,0.052138487474576854,0.005412671928696798,0.9154979661670329,5,True,252,2000,1,0,0 days 00:00:00.418139,ethereum,0.06313081510287241
40,2016-12-09 00:00:00+00:00,-599.0786436966847,-588.4903564341504,-594.8181362703446,0.05127216581261741,0.0053056300638221095,0.9145430446705308,5,True,252,2000,1,0,0 days 00:00:00.691009,ethereum,0.06290657045920198
41,2016-12-14 00:00:00+00:00,-598.8732112304318,-588.2849239678975,-594.6127038040917,0.05131125671495344,0.0053099704237993105,0.9149733040066866,5,True,252,2000,1,0,0 days 00:00:00.793997,ethereum,0.06291127820470437
42,2016-12-19 00:00:00+00:00,-599.9698997103036,-589.3816124477693,-595.7093922839634,0.051131420984285615,0.005286885632890118,0.9151893736981447,5,True,252,2000,1,0,0 days 00:00:00.294993,ethereum,0.06282789538549208
43,2016-12-24 00:00:00+00:00,-598.5769937535423,-587.988706491008,-594.3164863272021,0.05128777911770379,0.005316193195902361,0.9163681728675364,5,True,252,2000,1,0,0 days 00:00:00.437004,ethereum,0.06315430419372586
44,2016-12-29 00:00:00+00:00,-596.7601674584629,-586.1718801959286,-592.4996600321227,0.05129019499821597,0.0053546575630291715,0.9172585114718891,5,True,252,2000,1,0,0 days 00:00:00.583004,ethereum,0.06284461616359752
45,2017-01-03 00:00:00+00:00,-597.1975847726911,-586.6092975101568,-592.937077346351,0.05109750119351255,0.005345464314142136,0.918606513503514,5,True,252,2000,1,0,0 days 00:00:00.695011,ethereum,0.06330592436725527
46,2017-01-08 00:00:00+00:00,-589.2901171226735,-578.7018298601391,-585.0296096963333,0.051460993226930735,0.005515777492203259,0.925396739092013,5,True,252,2000,1,0,0 days 00:00:00.452620,ethereum,0.06285304423323312
47,2017-01-13 00:00:00+00:00,-584.943921862559,-574.3556346000247,-580.6834144362189,0.052184213838683,0.005611738285020925,0.9260856776753058,5,True,252,2000,1,0,0 days 00:00:00.614997,ethereum,0.06285650509512207
48,2017-01-18 00:00:00+00:00,-584.0736508402341,-573.4853635776998,-579.813143413894,0.052556568432464194,0.005631152353189986,0.9264804273187152,5,True,252,2000,1,0,0 days 00:00:00.822005,ethereum,0.06292572656504934
49,2017-01-23 00:00:00+00:00,-583.3028100036955,-572.7145227411612,-579.0423025773554,0.052812895601125176,0.005648407074429037,0.9264347405089166,5,True,252,2000,1,0,0 days 00:00:00.767596,ethereum,0.06290862516682183
50,2017-01-28 00:00:00+00:00,-583.3155115290552,-572.7272242665209,-579.0550041027151,0.05283595033602835,0.005648121086820883,0.9266401755440776,5,True,252,2000,1,0,0 days 00:00:00.985599,ethereum,0.06286568416852212
51,2017-02-02 00:00:00+00:00,-582.8193168341567,-572.2310295716223,-578.5588094078165,0.0530027401209563,0.005659251517688924,0.9266017540544115,5,True,252,2000,1,0,0 days 00:00:01.032283,ethereum,0.06285726013837935
52,2017-02-07 00:00:00+00:00,-580.5833529059593,-569.9950656434249,-576.3228454796191,0.053568906107440785,0.005709689404850836,0.9266310021573044,5,True,252,2000,1,0,0 days 00:00:00.722007,ethereum,0.06296643191076569
53,2017-02-12 00:00:00+00:00,-580.5965471443564,-570.008259881822,-576.3360397180162,0.05359502752725548,0.005709387241189026,0.9262560539471719,5,True,252,2000,1,0,0 days 00:00:00.339996,ethereum,0.06287519674882923
54,2017-02-17 00:00:00+00:00,-583.3009134393825,-572.7126261768482,-579.0404060130423,0.053102572191972244,0.005648438562744522,0.9266230991220189,5,True,252,2000,1,0,0 days 00:00:00.585003,ethereum,0.06284343691585716
55,2017-02-22 00:00:00+00:00,-582.8720631583179,-572.2837758957836,-578.6115557319778,0.05325858949393216,0.005658059763180911,0.9266533659542787,5,True,252,2000,1,0,0 days 00:00:00.432995,ethereum,0.06291894852729354
56,2017-02-27 00:00:00+00:00,-583.1458505338143,-572.55756327128,-578.8853431074741,0.053029352042259205,0.00565192066653468,0.9263299842083289,5,True,252,2000,1,0,0 days 00:00:00.565997,ethereum,0.06286285667697418
57,2017-03-04 00:00:00+00:00,-583.7601402175359,-573.1718529550016,-579.4996327911957,0.05283387666914158,0.005638167101489716,0.9268305864853058,5,True,252,2000,1,0,0 days 00:00:00.967003,ethereum,0.06292390455235154
58,2017-03-09 00:00:00+00:00,-587.4803374684637,-576.8920502059294,-583.2198300421236,0.052369219393587255,0.005555548954107114,0.9249358793146925,5,True,252,2000,1,0,0 days 00:00:00.385005,ethereum,0.06295709990787485
59,2017-03-14 00:00:00+00:00,-597.4295179157567,-586.8412306532224,-593.1690104894166,0.05060063841338777,0.005340486252988775,0.9280169841131133,5,True,252,2000,1,0,0 days 00:00:00.470999,ethereum,0.06391504079398286
60,2017-03-19 00:00:00+00:00,-643.3518025194275,-632.7635152568931,-639.0912950930873,0.04760569328464704,0.004450797513362653,0.9312366825077747,5,True,252,2000,1,0,0 days 00:00:00.816677,ethereum,0.06287537630617172
61,2017-03-24 00:00:00+00:00,-650.5556900723321,-639.9674028097978,-646.295182645992,0.04701988902776371,0.004325367745239467,0.9360808001234504,5,True,252,2000,1,0,0 days 00:00:00.544957,ethereum,0.06301774331055718
62,2017-03-29 00:00:00+00:00,-651.0434029827937,-640.4551157202594,-646.7828955564536,0.0467769254814259,0.004316993272891411,0.9357303834930824,5,True,252,2000,1,0,0 days 00:00:00.367994,ethereum,0.06297685269496751
63,2017-04-03 00:00:00+00:00,-647.2763650476883,-636.688077785154,-643.0158576213481,0.047325411170837405,0.0043820229013668555,0.9356006069821405,5,True,252,2000,1,0,0 days 00:00:00.343206,ethereum,0.0633974244854627
64,2017-04-08 00:00:00+00:00,-632.2245479610402,-621.6362606985059,-627.9640405347001,0.04855429822853794,0.004651691401399866,0.9190919774176519,5,True,252,2000,1,0,0 days 00:00:00.225991,ethereum,0.06279121372034145
65,2017-04-13 00:00:00+00:00,-631.5862414031106,-620.9979541405763,-627.3257339767705,0.04880363348950043,0.0046635284345749465,0.9188186793650764,5,True,252,2000,1,0,0 days 00:00:00.202009,ethereum,0.06293420471209177
66,2017-04-18 00:00:00+00:00,-626.8290565227193,-616.240769260185,-622.5685490963791,0.04940353325691,0.004752385789810329,0.9216047146829991,5,True,252,2000,1,0,0 days 00:00:00.228995,ethereum,0.06284866089735819
67,2017-04-23 00:00:00+00:00,-625.913470141529,-615.3251828789947,-621.6529627151889,0.04972184870090438,0.004769658537990719,0.9220734433306571,5,True,252,2000,1,0,0 days 00:00:00.255002,ethereum,0.06281346429721528
68,2017-04-28 00:00:00+00:00,-631.3129125084703,-620.724625245936,-627.0524050821301,0.049000409748365066,0.0046685805293587065,0.9249773109770034,5,True,252,2000,1,0,0 days 00:00:00.292010,ethereum,0.06287632748568144
69,2017-05-03 00:00:00+00:00,-630.7517459912257,-620.1634587286914,-626.4912385648855,0.04912417854570161,0.004679173984884827,0.9251232058897019,5,True,252,2000,1,0,0 days 00:00:00.308797,ethereum,0.06350436089230799
70,2017-05-08 00:00:00+00:00,-630.9276033056061,-620.3393160430718,-626.667095879266,0.049276981297611044,0.0046757066104512485,0.9269371422656095,5,True,252,2000,1,0,0 days 00:00:00.280763,ethereum,0.06297774485443716
71,2017-05-13 00:00:00+00:00,-623.2564920606584,-612.6682047981241,-618.9959846343182,0.050038969562234095,0.004820159003201526,0.9290139174958407,5,True,252,2000,1,0,0 days 00:00:00.200530,ethereum,0.06291847001576822
72,2017-05-18 00:00:00+00:00,-620.9042122113736,-610.3159249488393,-616.6437047850335,0.05034635668833389,0.0048661398976125505,0.9326208314897163,5,True,252,2000,1,0,0 days 00:00:00.278167,ethereum,0.06450886385208489
73,2017-05-23 00:00:00+00:00,-637.5938528816388,-627.0055656191045,-633.3333454552986,0.04898097904517353,0.0045537993751650786,0.9480308542085051,5,True,252,2000,1,0,0 days 00:00:00.248005,ethereum,0.06361236640792486
74,2017-05-28 00:00:00+00:00,-635.5260721841126,-624.9377849215783,-631.2655647577725,0.04896753949857229,0.004591211240663594,0.9546526976910836,5,True,252,2000,1,0,0 days 00:00:00.449452,ethereum,0.06387497279620742
75,2017-06-02 00:00:00+00:00,-630.251315354861,-619.6630280923267,-625.9908079285209,0.04964629601750213,0.004688298980845582,0.96142269596742,5,True,252,2000,1,0,0 days 00:00:00.210996,ethereum,0.06299052969459207
76,2017-06-07 00:00:00+00:00,-629.3398167723093,-618.751529509775,-625.0793093459691,0.04990791455221672,0.004705291425986084,0.9614513447568376,5,True,252,2000,1,0,0 days 00:00:00.245999,ethereum,0.0630596617295171
77,2017-06-12 00:00:00+00:00,-641.4749339896065,-630.8866467270722,-637.2144265632663,0.04867334187241516,0.004484079501938272,0.9683321199388569,5,True,252,2000,1,0,0 days 00:00:00.203000,ethereum,0.06290786821703998
78,2017-06-17 00:00:00+00:00,-643.0700931133357,-632.4818058508014,-638.8095856869955,0.04873915213766134,0.004455784935703946,0.9665978263563939,5,True,252,2000,1,0,0 days 00:00:00.208997,ethereum,0.06296389502012362
79,2017-06-22 00:00:00+00:00,-644.9536732602197,-634.3653859976854,-640.6931658338796,0.04833878491637629,0.004422604028629664,0.9665469848852727,5,True,252,2000,1,0,0 days 00:00:00.202008,ethereum,0.06288685295765652
80,2017-06-27 00:00:00+00:00,-653.5272685207966,-642.9389812582623,-649.2667610944565,0.04705428238002468,0.004274672077153337,0.9655423568157622,5,True,252,2000,1,0,0 days 00:00:00.289002,ethereum,0.06315149817145907
81,2017-07-02 00:00:00+00:00,-654.6543464789764,-644.0660592164421,-650.3938390526363,0.04688426986349279,0.0042555917227010895,0.9665071497698898,5,True,252,2000,1,0,0 days 00:00:00.276993,ethereum,0.06296956605999302
82,2017-07-07 00:00:00+00:00,-653.7538209148789,-643.1655336523446,-649.4933134885388,0.04694454939383923,0.004270826439037552,0.9671113199507098,5,True,252,2000,1,0,0 days 00:00:00.446968,ethereum,0.06289025398422801
83,2017-07-12 00:00:00+00:00,-665.4594945384655,-654.8712072759312,-661.1989871121253,0.04578372179093757,0.004076980077057146,0.9663604379441997,5,True,252,2000,1,0,0 days 00:00:00.317003,ethereum,0.06313166770391872
84,2017-07-17 00:00:00+00:00,-684.8122381291004,-674.223950866566,-680.5517307027602,0.0439984250787883,0.0037757623846993234,0.9669762923935418,5,True,252,2000,1,0,0 days 00:00:00.454995,ethereum,0.06398065403601264
85,2017-07-22 00:00:00+00:00,-698.0265482658657,-687.4382610033314,-693.7660408395255,0.04296605885040302,0.0035827069128133485,0.9743874838076931,5,True,252,2000,1,0,0 days 00:00:00.365006,ethereum,0.06284615906217651
86,2017-07-27 00:00:00+00:00,-696.1244822484008,-685.5361949858665,-691.8639748220606,0.04335430841437107,0.0036098642755535604,0.9747419540124201,5,True,252,2000,1,0,0 days 00:00:00.295014,ethereum,0.06300330926572607
87,2017-08-01 00:00:00+00:00,-701.9365729673583,-691.348285704824,-697.6760655410181,0.04270711019769091,0.0035275503533396856,0.9752067977714385,5,True,252,2000,1,0,0 days 00:00:00.235984,ethereum,0.06293920116880118
88,2017-08-06 00:00:00+00:00,-701.6411691969344,-691.0528819344,-697.3806617705942,0.04266666159385633,0.003531680250886415,0.9748855849404925,5,True,252,2000,1,0,0 days 00:00:00.231998,ethereum,0.06295983430226251
89,2017-08-11 00:00:00+00:00,-699.7856475319094,-689.197360269375,-695.5251401055692,0.04309116377082273,0.0035577729754420555,0.9743897282468034,5,True,252,2000,1,0,0 days 00:00:00.271000,ethereum,0.06305028034479288
90,2017-08-16 00:00:00+00:00,-693.6330552155854,-683.0447679530511,-689.3725477892452,0.0436673292603005,0.0036457148651746975,0.9770815782115041,5,True,252,2000,1,0,0 days 00:00:00.285000,ethereum,0.06345070167271784
91,2017-08-21 00:00:00+00:00,-692.7770572078219,-682.1887699452876,-688.5165497814818,0.04390189013615614,0.0036581303742610517,0.9778075548536869,5,True,252,2000,1,0,0 days 00:00:00.467000,ethereum,0.06291202390740903
92,2017-08-26 00:00:00+00:00,-688.8271089892093,-678.2388217266749,-684.5666015628691,0.04432562886172768,0.0037159216297315677,0.9765719104153421,5,True,252,2000,1,0,0 days 00:00:00.356979,ethereum,0.06294745014629853
93,2017-08-31 00:00:00+00:00,-689.3568151964479,-678.7685279339136,-685.0963077701077,0.04423968150001043,0.0037081163380520985,0.9761426615648084,5,True,252,2000,1,0,0 days 00:00:00.235989,ethereum,0.0629064501426404
94,2017-09-05 00:00:00+00:00,-693.2061044612673,-682.617817198733,-688.9455970349271,0.044010461904050106,0.0036519105374103666,0.9740660376580086,5,True,252,2000,1,0,0 days 00:00:00.290270,ethereum,0.06299213229637779
95,2017-09-10 00:00:00+00:00,-694.9274358232511,-684.3391485607168,-690.666928396911,0.04373354109410589,0.0036270466706209217,0.9740160442903517,5,True,252,2000,1,0,0 days 00:00:00.244196,ethereum,0.06287787929733409
96,2017-09-15 00:00:00+00:00,-709.5070731079696,-698.9187858454353,-705.2465656816295,0.043185493733493535,0.003423133713472333,0.9670738812051678,5,True,252,2000,1,0,0 days 00:00:00.253989,ethereum,0.06285627983233584
97,2017-09-20 00:00:00+00:00,-708.824947265785,-698.2366600032507,-704.5644398394448,0.043302354711775765,0.0034324860546774754,0.9701171874553752,5,True,252,2000,1,0,0 days 00:00:00.291687,ethereum,0.06316292891360131
98,2017-09-25 00:00:00+00:00,-712.286095603309,-701.6978083407747,-708.0255881769689,0.042878864576433244,0.0033855945360918276,0.9693897089580742,5,True,252,2000,1,0,0 days 00:00:00.226995,ethereum,0.06290535652191592
99,2017-09-30 00:00:00+00:00,-714.5028404705189,-703.9145532079846,-710.2423330441787,0.04238718044401586,0.0033559357558128693,0.9691075410545579,5,True,252,2000,1,0,0 days 00:00:00.175003,ethereum,0.06279951235434333
100,2017-10-05 00:00:00+00:00,-705.8818043362616,-695.2935170737272,-701.6212969099214,0.04350515413821318,0.003472747454643192,0.9715501040107685,5,True,252,2000,1,0,0 days 00:00:00.243395,ethereum,0.06312858602560541
101,2017-10-10 00:00:00+00:00,-704.5507010749026,-693.9624138123683,-700.2901936485624,0.043744565488174667,0.0034911356803609427,0.9725201242641088,5,True,252,2000,1,0,0 days 00:00:00.333998,ethereum,0.06287849371468685
102,2017-10-15 00:00:00+00:00,-701.8625267678966,-691.2742395053623,-697.6020193415565,0.04416526163949967,0.0035285789688667625,0.9754662103529911,5,True,252,2000,1,0,0 days 00:00:00.281002,ethereum,0.06290538301762535
103,2017-10-20 00:00:00+00:00,-700.3339676557124,-689.7456803931781,-696.0734602293722,0.04443783804053563,0.003550054695962507,0.9765158725260954,5,True,252,2000,1,0,0 days 00:00:00.343021,ethereum,0.06288995533342444
104,2017-10-25 00:00:00+00:00,-699.5879980736987,-688.9997108111644,-695.3274906473586,0.044580397335113035,0.0035605794733762535,0.9767926203464894,5,True,252,2000,1,0,0 days 00:00:00.265977,ethereum,0.06285278863156997
105,2017-10-30 00:00:00+00:00,-699.2997766604395,-688.7114893979052,-695.0392692340994,0.044636718778199615,0.003564654332043981,0.9767365692616298,5,True,252,2000,1,0,0 days 00:00:00.617001,ethereum,0.06289001174072642
106,2017-11-04 00:00:00+00:00,-698.6180807923334,-688.0297935297991,-694.3575733659933,0.04463331340669768,0.003574310931849936,0.9775042879400275,5,True,252,2000,1,0,0 days 00:00:00.544000,ethereum,0.06286093184534529
107,2017-11-09 00:00:00+00:00,-697.5603566790936,-686.9720694165593,-693.2998492527535,0.04495683544566973,0.003589361272455431,0.9772325715583211,5,True,252,2000,1,0,0 days 00:00:00.629002,ethereum,0.06305269046739022
108,2017-11-14 00:00:00+00:00,-699.4291614639595,-688.8408742014252,-695.1686540376194,0.04466552918033474,0.0035628151844691626,0.976461084099096,5,True,252,2000,1,0,0 days 00:00:00.390020,ethereum,0.06296941490624408
109,2017-11-19 00:00:00+00:00,-699.7167130901086,-689.1284258275742,-695.4562056637684,0.04459497446148897,0.0035587606570092567,0.9764423148594059,5,True,252,2000,1,0,0 days 00:00:00.364979,ethereum,0.06288265266519766
110,2017-11-24 00:00:00+00:00,-706.7524602813618,-696.1641730188275,-702.4919528550216,0.04388456799699344,0.0034607753376921795,0.9791351184132357,5,True,252,2000,1,0,0 days 00:00:00.265999,ethereum,0.06286030507961893
111,2017-11-29 00:00:00+00:00,-706.062195566161,-695.4739083036267,-701.8016881398208,0.044064342799271544,0.003470265088801821,0.9788394324308208,5,True,252,2000,1,0,0 days 00:00:00.179000,ethereum,0.0629712893971083
112,2017-12-04 00:00:00+00:00,-700.7838426248721,-690.1955553623378,-696.523335198532,0.044791053517374356,0.003543721054942254,0.9808496986225783,5,True,252,2000,1,0,0 days 00:00:00.324001,ethereum,0.06329765207699009
113,2017-12-09 00:00:00+00:00,-699.1607800437054,-688.572492781171,-694.9002726173652,0.044841675960482434,0.0035666366376367366,0.9805915833868528,5,True,252,2000,1,0,0 days 00:00:00.343006,ethereum,0.06322271564812905
114,2017-12-14 00:00:00+00:00,-728.1275875680045,-717.5393003054702,-723.8670801416644,0.043296626621307836,0.003179325282187709,1.0139797486629063,5,True,252,2000,1,0,0 days 00:00:00.277996,ethereum,0.06285923454151061
115,2017-12-19 00:00:00+00:00,-730.3309577115591,-719.7426704490248,-726.070450285219,0.04297246591635666,0.0031516451157749957,1.0137909115972625,5,True,252,2000,1,0,0 days 00:00:00.303997,ethereum,0.06287435595237924
116,2017-12-24 00:00:00+00:00,-737.009207412745,-726.4209201502107,-732.7486999864049,0.04215222285995716,0.0030692403672499227,1.013614439297542,5,True,252,2000,1,0,0 days 00:00:00.353371,ethereum,0.06300979105723356
117,2017-12-29 00:00:00+00:00,-722.4987945991717,-711.9105073366374,-718.2382871728315,0.042826174824213775,0.00325115097729508,1.0248286302869145,5,True,252,2000,1,0,0 days 00:00:00.307999,ethereum,0.06306023216217618
118,2018-01-03 00:00:00+00:00,-729.4410457263481,-718.8527584638138,-725.1805383000079,0.04209789762493151,0.0031627908038292245,1.0278881728962141,5,True,252,2000,1,0,0 days 00:00:00.241998,ethereum,0.06282487245593514
119,2018-01-08 00:00:00+00:00,-722.7782917098933,-712.190004447359,-718.5177842835532,0.042427815500681317,0.0032477571163744357,1.023827166760363,5,True,252,2000,1,0,0 days 00:00:00.353001,ethereum,0.06392239100633064
120,2018-01-13 00:00:00+00:00,-730.9382021752689,-720.3499149127346,-726.6776947489287,0.041769423257561056,0.003144033182862211,1.0273104383018683,5,True,252,2000,1,0,0 days 00:00:00.350002,ethereum,0.0627775249019342
121,2018-01-18 00:00:00+00:00,-738.4465047795367,-727.8582175170023,-734.1859973531965,0.04132729533084446,0.0030517035789530337,1.0193905821155167,5,True,252,2000,1,0,0 days 00:00:00.249999,ethereum,0.06287389846520991
122,2018-01-23 00:00:00+00:00,-744.217755356735,-733.6294680942007,-739.9572479303948,0.04069728429942491,0.0029827691768654265,1.0205608884381696,5,True,252,2000,1,0,0 days 00:00:00.239997,ethereum,0.06290588326934946
123,2018-01-28 00:00:00+00:00,-750.7471518881231,-740.1588646255888,-746.4866444617829,0.04006496589788163,0.002906348288966271,1.021974231528443,5,True,252,2000,1,0,0 days 00:00:00.214002,ethereum,0.06268622358179973
124,2018-02-02 00:00:00+00:00,-750.7540495423101,-740.1657622797758,-746.49354211597,0.039492883996752506,0.002906365740373946,1.025229977960436,5,True,252,2000,1,0,0 days 00:00:00.189996,ethereum,0.06286568240568324
125,2018-02-07 00:00:00+00:00,-775.0291802483604,-764.440892985826,-770.7686728220202,0.03783137049017409,0.002639521159854114,1.0216630408841703,5,True,252,2000,1,0,0 days 00:00:00.178003,ethereum,0.06301470563008106
126,2018-02-12 00:00:00+00:00,-782.9066391062487,-772.3183518437144,-778.6461316799085,0.03689531106780017,0.0025581254166112677,1.0231148308978304,5,True,252,2000,1,0,0 days 00:00:00.228000,ethereum,0.06267876799688674
127,2018-02-17 00:00:00+00:00,-787.5765745302396,-776.9882872677052,-783.3160671038994,0.03628129571742371,0.0025112377490268197,1.0251321442839174,5,True,252,2000,1,0,0 days 00:00:00.230998,ethereum,0.0628510749824343
128,2018-02-22 00:00:00+00:00,-791.2154153382131,-780.6271280756788,-786.954907911873,0.035633557633649705,0.0024752465596397347,1.0257015655652704,5,True,252,2000,1,0,0 days 00:00:00.261017,ethereum,0.06288433072494373
129,2018-02-27 00:00:00+00:00,-790.7636130483667,-780.1753257858323,-786.5031056220265,0.035599703792575314,0.00247960143840584,1.0257349529971196,5,True,252,2000,1,0,0 days 00:00:00.285986,ethereum,0.06283994608356483
130,2018-03-04 00:00:00+00:00,-790.9096260772852,-780.3213388147509,-786.6491186509451,0.035544312252108426,0.0024781614819225617,1.0259303015134593,5,True,252,2000,1,0,0 days 00:00:00.229282,ethereum,0.06269555113865607
131,2018-03-09 00:00:00+00:00,-789.3252766209213,-778.736989358387,-785.0647691945811,0.03535224900509751,0.0024938657448220136,1.0276775531194857,5,True,252,2000,1,0,0 days 00:00:00.222002,ethereum,0.06290109631814365
132,2018-03-14 00:00:00+00:00,-775.0534551498939,-764.4651678873596,-770.7929477235538,0.03600996091876544,0.002639131489207423,1.0393283125226975,5,True,252,2000,1,0,0 days 00:00:00.236995,ethereum,0.06296534320220819
133,2018-03-19 00:00:00+00:00,-771.0119847842531,-760.4236975217187,-766.7514773579129,0.0365523582231238,0.002681779058245467,1.0376495814815205,5,True,252,2000,1,0,0 days 00:00:00.298999,ethereum,0.0628998313213581
134,2018-03-24 00:00:00+00:00,-764.475157095395,-753.8868698328607,-760.2146496690549,0.037115597967109205,0.0027522518006151643,1.0341912120601888,5,True,252,2000,1,0,0 days 00:00:00.180997,ethereum,0.06284501048189083
135,2018-03-29 00:00:00+00:00,-767.1215975472202,-756.5333102846859,-762.86109012088,0.037023210726894816,0.002723524846296331,1.0335305821087504,5,True,252,2000,1,0,0 days 00:00:00.411805,ethereum,0.06344267527684917
136,2018-04-03 00:00:00+00:00,-769.1416558747143,-758.55336861218,-764.8811484483741,0.03692569053230491,0.00270188271665347,1.0341412914004717,5,True,252,2000,1,0,0 days 00:00:00.232000,ethereum,0.0631343454705523
137,2018-04-08 00:00:00+00:00,-772.7628546500854,-762.1745673875511,-768.5023472237452,0.036511818192707185,0.002663214162818868,1.0335394116483505,5,True,252,2000,1,0,0 days 00:00:00.126001,ethereum,0.062753399287954
138,2018-04-13 00:00:00+00:00,-765.196083801114,-754.6077965385797,-760.9355763747739,0.03703042052045758,0.002744386928476819,1.0275959197965816,5,True,252,2000,1,0,0 days 00:00:00.231003,ethereum,0.06284951269478019
139,2018-04-18 00:00:00+00:00,-757.0140235648215,-746.4257363022872,-752.7535161384814,0.037691049878337574,0.002835074252687459,1.0258433893269596,5,True,252,2000,1,0,0 days 00:00:00.267008,ethereum,0.06303584259385726
140,2018-04-23 00:00:00+00:00,-747.1734046017854,-736.585117339251,-742.9128971754452,0.038104592276142636,0.002948260060247921,1.0096254728136251,5,True,252,2000,1,0,0 days 00:00:00.261386,ethereum,0.06293511392694338
141,2018-04-28 00:00:00+00:00,-750.9984087005554,-740.4101214380211,-746.7379012742152,0.03774635137881372,0.0029034104567192062,1.0137964737446479,5,True,252,2000,1,0,0 days 00:00:00.211002,ethereum,0.06262427829516122
142,2018-05-03 00:00:00+00:00,-748.5386792427188,-737.9503919801845,-744.2781718163786,0.03791017469046217,0.0029318668457866074,1.0189784039605714,5,True,252,2000,1,0,0 days 00:00:00.165995,ethereum,0.06366666139131671
143,2018-05-08 00:00:00+00:00,-743.8505956514276,-733.2623083888933,-739.5900882250875,0.03833941710867663,0.002986877131178551,1.0137104982800484,5,True,252,2000,1,0,0 days 00:00:00.196020,ethereum,0.06258811927015726
144,2018-05-13 00:00:00+00:00,-746.1385318778811,-735.5502446153467,-741.8780244515409,0.03804180458327612,0.002959853852805106,1.0120763721774095,5,True,252,2000,1,0,0 days 00:00:00.147994,ethereum,0.06244225735897381
145,2018-05-18 00:00:00+00:00,-747.3863753488018,-736.7980880862675,-743.1258679224617,0.037734765843924246,0.0029452456922133734,1.0128597601980205,5,True,252,2000,1,0,0 days 00:00:00.253876,ethereum,0.06239963381065714
146,2018-05-23 00:00:00+00:00,-751.8821855944549,-741.2938983319206,-747.6216781681147,0.037291367971640316,0.0028933051019025555,1.0103708875528694,5,True,252,2000,1,0,0 days 00:00:00.267999,ethereum,0.06252201765018958
147,2018-05-28 00:00:00+00:00,-755.2920636301782,-744.7037763676439,-751.031556203838,0.03683199589832854,0.002854945150659376,1.0124812476675553,5,True,252,2000,1,0,0 days 00:00:00.302020,ethereum,0.06294736838934788
148,2018-06-02 00:00:00+00:00,-753.2000382912134,-742.6117510286791,-748.9395308648733,0.0368346814171623,0.0028782374092590304,1.0107109147718765,5,True,252,2000,1,0,0 days 00:00:00.322980,ethereum,0.06257494384713924
149,2018-06-07 00:00:00+00:00,-753.4788233713542,-742.8905361088199,-749.2183159450141,0.03676268385891963,0.0028749157847641196,1.0110974886681292,5,True,252,2000,1,0,0 days 00:00:00.172003,ethereum,0.06246924763365997
150,2018-06-12 00:00:00+00:00,-753.028136685023,-742.4398494224887,-748.7676292586829,0.0367436032373699,0.002880135016920449,1.0107777257229242,5,True,252,2000,1,0,0 days 00:00:00.191998,ethereum,0.0626074094681133
151,2018-06-17 00:00:00+00:00,-744.972011698086,-734.3837244355517,-740.7115042717459,0.03722580192138298,0.0029737351733095875,1.0161339615678733,5,True,252,2000,1,0,0 days 00:00:00.404003,ethereum,0.06391500706133094
152,2018-06-22 00:00:00+00:00,-751.3942562490494,-740.805968986515,-747.1337488227092,0.03647006413568103,0.002898847473214615,1.0118649671420668,5,True,252,2000,1,0,0 days 00:00:00.206996,ethereum,0.06250581345444194
153,2018-06-27 00:00:00+00:00,-750.4094133566108,-739.8211260940765,-746.1489059302706,0.036487017617823775,0.0029102518697630827,1.0123150691511944,5,True,252,2000,1,0,0 days 00:00:00.277004,ethereum,0.0625942500859014
154,2018-07-02 00:00:00+00:00,-752.9483387668662,-742.3600515043319,-748.687831340526,0.03606194875989758,0.0028810177162899293,1.012292623034035,5,True,252,2000,1,0,0 days 00:00:00.199997,ethereum,0.06254154433422074
155,2018-07-07 00:00:00+00:00,-752.6132089134866,-742.0249216509523,-748.3527014871464,0.03606817400801989,0.0028848270595772814,1.0126798113398612,5,True,252,2000,1,0,0 days 00:00:00.207999,ethereum,0.0625762429195748
156,2018-07-12 00:00:00+00:00,-755.4276711258323,-744.8393838632979,-751.1671636994921,0.03563548233810868,0.002852789753471669,1.0126891231136148,5,True,252,2000,1,0,0 days 00:00:00.155002,ethereum,0.0625557636974754
157,2018-07-17 00:00:00+00:00,-758.6105574093311,-748.0222701467968,-754.350049982991,0.035137559814083764,0.002817027411419362,1.0111757853490133,5,True,252,2000,1,0,0 days 00:00:00.195686,ethereum,0.06252658674138441
158,2018-07-22 00:00:00+00:00,-758.6715384369483,-748.0832511744139,-754.4110310106081,0.03497239502804533,0.0028162889454067695,1.01134455616622,5,True,252,2000,1,0,0 days 00:00:00.192991,ethereum,0.062474120293641904
159,2018-07-27 00:00:00+00:00,-750.4261132712539,-739.8378260087196,-746.1656058449138,0.03539735088752591,0.002909958147214503,1.0059521242063327,5,True,252,2000,1,0,0 days 00:00:00.185007,ethereum,0.06261449233903603
160,2018-08-01 00:00:00+00:00,-749.892081492581,-739.3037942300467,-745.6315740662409,0.035485628695755035,0.002916143825930722,1.0057834019589225,5,True,252,2000,1,0,0 days 00:00:00.268003,ethereum,0.062490799716396914
161,2018-08-06 00:00:00+00:00,-747.764279294338,-737.1759920318037,-743.5037718679979,0.03582475650370159,0.002941067080640252,1.0056561962122685,5,True,252,2000,1,0,0 days 00:00:00.286994,ethereum,0.06272240999143379
162,2018-08-11 00:00:00+00:00,-753.0722461888462,-742.4839589263119,-748.811738762506,0.03501202280618086,0.002879532956046266,1.00321974724659,5,True,252,2000,1,0,0 days 00:00:00.223151,ethereum,0.06239847874725057
163,2018-08-16 00:00:00+00:00,-755.045499727382,-744.4572124648477,-750.7849923010418,0.03490388175804558,0.0028577650773699646,1.0012475526458868,5,True,252,2000,1,0,0 days 00:00:00.250999,ethereum,0.06313729574643882
164,2018-08-21 00:00:00+00:00,-762.3587094252049,-751.7704221626706,-758.0982019988647,0.03412581336527129,0.002775447429779021,1.005520103517057,5,True,252,2000,1,0,0 days 00:00:00.154995,ethereum,0.06267378551160703
165,2018-08-26 00:00:00+00:00,-762.5936754902142,-752.0053882276799,-758.333168063874,0.03398267466088722,0.0027729176505161225,1.0055483052192387,5,True,252,2000,1,0,0 days 00:00:00.169003,ethereum,0.0625992223110256
166,2018-08-31 00:00:00+00:00,-762.4438508315633,-751.855563569029,-758.1833434052231,0.033948225342949986,0.00277454122372182,1.0046773280743773,5,True,252,2000,1,0,0 days 00:00:00.565377,ethereum,0.06255930671729568
167,2018-09-05 00:00:00+00:00,-764.8172812838201,-754.2289940212858,-760.5567738574799,0.03446876038295175,0.0027484690032046565,0.989085705124859,5,True,252,2000,1,0,0 days 00:00:00.215008,ethereum,0.06342503858814025
168,2018-09-10 00:00:00+00:00,-760.5953590448286,-750.0070717822942,-756.3348516184884,0.03507378854624607,0.0027950492179057915,0.9856521867764598,5,True,252,2000,1,0,0 days 00:00:00.324993,ethereum,0.06277082637889943
169,2018-09-15 00:00:00+00:00,-769.7275344080509,-759.1392471455166,-765.4670269817108,0.034232414342290345,0.0026954195880120103,0.9896541042666234,5,True,252,2000,1,0,0 days 00:00:00.171017,ethereum,0.06254250431557876
170,2018-09-20 00:00:00+00:00,-775.2409172767615,-764.6526300142272,-770.9804098504213,0.03375619308620706,0.002637504632444538,0.9877533414726049,5,True,252,2000,1,0,0 days 00:00:00.217524,ethereum,0.06313027078287506
171,2018-09-25 00:00:00+00:00,-778.1121376555715,-767.5238503930372,-773.8516302292313,0.03348078731140861,0.002607224543956854,0.9883274295776141,5,True,252,2000,1,0,0 days 00:00:00.253000,ethereum,0.06259084638310289
172,2018-09-30 00:00:00+00:00,-779.3439621849756,-768.7556749224412,-775.0834547586354,0.03328345899609161,0.0025945065150971254,0.990453604036511,5,True,252,2000,1,0,0 days 00:00:00.194997,ethereum,0.06270670659829099
173,2018-10-05 00:00:00+00:00,-776.3688087030258,-765.7805214404915,-772.1083012766857,0.03361973873002662,0.002625300892522345,0.9875666114765794,5,True,252,2000,1,0,0 days 00:00:00.248796,ethereum,0.06253981238791721
174,2018-10-10 00:00:00+00:00,-776.0569103770305,-765.4686231144962,-771.7964029506903,0.0337485215054355,0.0026301936262907804,0.9868629988607992,5,True,252,2000,1,0,0 days 00:00:00.306036,ethereum,0.06387784411761553
175,2018-10-15 00:00:00+00:00,-785.4558272343896,-774.8675399718553,-781.1953198080495,0.03340654388134927,0.002532327556845419,0.9824944106308822,5,True,252,2000,1,0,0 days 00:00:00.231070,ethereum,0.06254111154763028
176,2018-10-20 00:00:00+00:00,-777.2727778819664,-766.684490619432,-773.0122704556262,0.03419637447736564,0.0026158756525673918,0.9823720014544007,5,True,252,2000,1,0,0 days 00:00:00.172328,ethereum,0.06245802787665426
177,2018-10-25 00:00:00+00:00,-772.5007965303865,-761.9125092678522,-768.2402891040464,0.03479522160691469,0.002665865222382707,0.9818398475456995,5,True,252,2000,1,0,0 days 00:00:00.193997,ethereum,0.06258653321725023
178,2018-10-30 00:00:00+00:00,-771.3540697014417,-760.7657824389074,-767.0935622751016,0.03507172620848384,0.002678027913379751,0.9819388430858088,5,True,252,2000,1,0,0 days 00:00:00.157000,ethereum,0.06240632668846141
179,2018-11-04 00:00:00+00:00,-756.5707878624347,-745.9825005999004,-752.3102804360946,0.03621343095076913,0.002839869185379041,0.9923785626882623,5,True,252,2000,1,0,0 days 00:00:00.166002,ethereum,0.06389100406373449
180,2018-11-09 00:00:00+00:00,-748.5020250123763,-737.913737749842,-744.2415175860361,0.03689147361743777,0.0029322625444123665,0.9934809084383439,5,True,252,2000,1,0,0 days 00:00:00.198009,ethereum,0.06249424683087403
181,2018-11-14 00:00:00+00:00,-753.9940156788779,-743.4057284163435,-749.7335082525377,0.03664300847291033,0.0028690272195064587,0.9895173042522974,5,True,252,2000,1,0,0 days 00:00:00.185416,ethereum,0.062436782984945004
182,2018-11-19 00:00:00+00:00,-769.1733397229528,-758.5850524604185,-764.9128322966127,0.03569292625150573,0.0027029502367998223,0.9710591083872748,5,True,252,2000,1,0,0 days 00:00:00.588987,ethereum,0.06283791575824127
183,2018-11-24 00:00:00+00:00,-781.9643492742099,-771.3760620116756,-777.7038418478697,0.0346690215760155,0.002567638504856832,0.9694454480456283,5,True,252,2000,1,0,0 days 00:00:00.274083,ethereum,0.06222881158905018
184,2018-11-29 00:00:00+00:00,-788.623394827351,-778.0351075648167,-784.3628874010109,0.03405756008741949,0.0025007499299373463,0.9713071030517859,5,True,252,2000,1,0,0 days 00:00:00.349994,ethereum,0.062302066256905944
185,2018-12-04 00:00:00+00:00,-789.579199488748,-778.9909122262137,-785.3186920624079,0.0340675339384254,0.0024916185051218048,0.9723052341401088,5,True,252,2000,1,0,0 days 00:00:00.535002,ethereum,0.06252499906755292
186,2018-12-09 00:00:00+00:00,-793.4241089363098,-782.8358216737755,-789.1636015099697,0.03377429579079175,0.0024535485723175886,0.9698066297857227,5,True,252,2000,1,0,0 days 00:00:00.360000,ethereum,0.06236487691164403
187,2018-12-14 00:00:00+00:00,-793.6593898627465,-783.0711026002122,-789.3988824364063,0.033715495486546614,0.00245111169280352,0.9703077118574872,5,True,252,2000,1,0,0 days 00:00:00.212002,ethereum,0.06220403823772906
188,2018-12-19 00:00:00+00:00,-798.5084278048527,-787.9201405423183,-794.2479203785125,0.033262369678981205,0.0024063634680510527,0.9700590054950902,5,True,252,2000,1,0,0 days 00:00:00.300999,ethereum,0.06341683344189672
189,2018-12-24 00:00:00+00:00,-816.5457189439616,-805.9574316814272,-812.2852115176214,0.031840277420165236,0.002238882223820491,0.9760068102617744,5,True,252,2000,1,0,0 days 00:00:00.210998,ethereum,0.06248989753541254
190,2018-12-29 00:00:00+00:00,-836.7913230726366,-826.2030358101023,-832.5308156462964,0.030931307169009624,0.002065642057354559,0.993581332295099,5,True,252,2000,1,0,0 days 00:00:00.214995,ethereum,0.06263463582997977
191,2019-01-03 00:00:00+00:00,-845.6608089479936,-835.0725216854593,-841.4003015216534,0.030051488890243463,0.0019942349495814197,0.9972681079178912,5,True,252,2000,1,0,0 days 00:00:00.217000,ethereum,0.06258994398821834
192,2019-01-08 00:00:00+00:00,-844.1193691330869,-833.5310818705526,-839.8588617067468,0.030245420739484215,0.002006404012132523,0.9981728082775215,5,True,252,2000,1,0,0 days 00:00:00.150005,ethereum,0.06266491747648825
193,2019-01-13 00:00:00+00:00,-859.9043157425566,-849.3160284800223,-855.6438083162165,0.029699843150265078,0.0018850074276275791,0.9913084275078825,5,True,252,2000,1,0,0 days 00:00:00.231000,ethereum,0.0632790861441129
194,2019-01-18 00:00:00+00:00,-845.1111348181224,-834.5228475555881,-840.8506273917823,0.030220866048481353,0.001998592155104096,1.0098032788467795,5,True,252,2000,1,0,0 days 00:00:00.217004,ethereum,0.0629350054172766
195,2019-01-23 00:00:00+00:00,-844.028752531936,-833.4404652694017,-839.7682451055958,0.030276489567875715,0.00200717456423973,1.0083587884745104,5,True,252,2000,1,0,0 days 00:00:00.156002,ethereum,0.06274393533311506
196,2019-01-28 00:00:00+00:00,-843.8549552011208,-833.2666679385865,-839.5944477747806,0.030294743629692675,0.0020085509211088103,1.0062149916703638,5,True,252,2000,1,0,0 days 00:00:00.415992,ethereum,0.06285163183603974
197,2019-02-02 00:00:00+00:00,-840.8708083682164,-830.2825211056821,-836.6103009418763,0.03053068148272799,0.002032504571441561,1.0068583989494233,5,True,252,2000,1,0,0 days 00:00:00.359002,ethereum,0.06274870773993543
198,2019-02-07 00:00:00+00:00,-840.0174327458875,-829.4291454833532,-835.7569253195473,0.03071188985732679,0.0020398026379310915,1.00708666352426,5,True,252,2000,1,0,0 days 00:00:00.348000,ethereum,0.06376152921415058
199,2019-02-12 00:00:00+00:00,-849.6491748335728,-839.0608875710385,-845.3886674072327,0.030095259147807318,0.0019628982971129374,1.0123201433506164,5,True,252,2000,1,0,0 days 00:00:00.171004,ethereum,0.06270879239007174
200,2019-02-17 00:00:00+00:00,-844.7874776057726,-834.1991903432382,-840.5269701794324,0.03038537799158119,0.0020013779571821364,1.0065992861983186,5,True,252,2000,1,0,0 days 00:00:00.175995,ethereum,0.06310096961487631
201,2019-02-22 00:00:00+00:00,-847.5232400226281,-836.9349527600938,-843.262732596288,0.030171508333879767,0.001979684727592772,1.007099139531335,5,True,252,2000,1,0,0 days 00:00:00.159007,ethereum,0.06288681665747824
202,2019-02-27 00:00:00+00:00,-866.1261310178976,-855.5378437553633,-861.8656235915574,0.029425859370118844,0.001838677608971782,1.0043602320239466,5,True,252,2000,1,0,0 days 00:00:00.168981,ethereum,0.06276743896422524
203,2019-03-04 00:00:00+00:00,-866.1428543980634,-855.554567135529,-861.8823469717232,0.02949820157263407,0.001838643656123917,1.0048182226586766,5,True,252,2000,1,0,0 days 00:00:00.217011,ethereum,0.06328157499603865
204,2019-03-09 00:00:00+00:00,-869.985142780623,-859.3968555180887,-865.7246353542829,0.029171992190999814,0.0018107407295063576,1.005986640079199,5,True,252,2000,1,0,0 days 00:00:00.204999,ethereum,0.06279687637673358
205,2019-03-14 00:00:00+00:00,-865.8993221944216,-855.3110349318873,-861.6388147680815,0.02956272894351978,0.0018403503129167322,1.0069617706485603,5,True,252,2000,1,0,0 days 00:00:00.144996,ethereum,0.06331208259686259
206,2019-03-19 00:00:00+00:00,-859.8434898469187,-849.2552025843844,-855.5829824205786,0.030047538885787716,0.001885101030876473,1.008275444454336,5,True,252,2000,1,0,0 days 00:00:00.134001,ethereum,0.0628008210504691
207,2019-03-24 00:00:00+00:00,-859.2779474718853,-848.689660209351,-855.0174400455452,0.03018537248092427,0.0018893388937879234,1.0081661774396595,5,True,252,2000,1,0,0 days 00:00:00.166997,ethereum,0.0628097704383042
208,2019-03-29 00:00:00+00:00,-860.7415347007801,-850.1532474382458,-856.48102727444,0.030024803624853953,0.0018783964343163863,1.0084831401858172,5,True,252,2000,1,0,0 days 00:00:00.161997,ethereum,0.06279709578839933
209,2019-04-03 00:00:00+00:00,-873.2970182783778,-862.7087310158435,-869.0365108520376,0.02964613965822773,0.0017871076766911391,1.018019692811708,5,True,252,2000,1,0,0 days 00:00:00.164009,ethereum,0.06285549099652608
210,2019-04-08 00:00:00+00:00,-874.2349588195606,-863.6466715570263,-869.9744513932204,0.02942953223546649,0.001780469433198414,1.0188391946967545,5,True,252,2000,1,0,0 days 00:00:00.156989,ethereum,0.06321355402839747
211,2019-04-13 00:00:00+00:00,-869.0588107791822,-858.4705235166479,-864.798303352842,0.029755084176455993,0.0018174171452902104,1.0168063494009114,5,True,252,2000,1,0,0 days 00:00:00.167003,ethereum,0.06283985470578063
212,2019-04-18 00:00:00+00:00,-870.8141240143149,-860.2258367517805,-866.5536165879747,0.0295277156220209,0.0018047946027732454,1.0169448952138702,5,True,252,2000,1,0,0 days 00:00:00.111001,ethereum,0.06278880364591737
213,2019-04-23 00:00:00+00:00,-869.1376095325014,-858.5493222699671,-864.8771021061613,0.02982254267937109,0.001816848479942048,1.016851129037893,5,True,252,2000,1,0,0 days 00:00:00.364000,ethereum,0.06285645673905414
214,2019-04-28 00:00:00+00:00,-871.7274941294526,-861.1392068669182,-867.4669867031124,0.029593360519036393,0.0017982599541974526,1.0149933003978096,5,True,252,2000,1,0,0 days 00:00:00.190998,ethereum,0.06277022547334593
215,2019-05-03 00:00:00+00:00,-869.9712855630183,-859.382998300484,-865.7107781366782,0.029811222858745056,0.001810841154082517,1.014723621549987,5,True,252,2000,1,0,0 days 00:00:00.209001,ethereum,0.06296513740310315
216,2019-05-08 00:00:00+00:00,-860.6383274072963,-850.050040144762,-856.3778199809561,0.03015305896730206,0.001879158791770438,1.0076414072815651,5,True,252,2000,1,0,0 days 00:00:00.126004,ethereum,0.06276571903800605
217,2019-05-13 00:00:00+00:00,-866.922619949771,-856.3343326872367,-862.6621125234309,0.02983354743581677,0.0018330529513024202,1.009735884714158,5,True,252,2000,1,0,0 days 00:00:00.196996,ethereum,0.06344213539683083
218,2019-05-18 00:00:00+00:00,-891.2526289142658,-880.6643416517314,-886.9921214879256,0.028290763717173862,0.0016647504079400632,1.0107811399117428,5,True,252,2000,1,0,0 days 00:00:00.192008,ethereum,0.06340826838512462
219,2019-05-23 00:00:00+00:00,-895.3557851615236,-884.7674978989893,-891.0952777351835,0.02821404250575182,0.001637279443346504,1.0154906790384328,5,True,252,2000,1,0,0 days 00:00:00.164997,ethereum,0.0628637334533813
220,2019-05-28 00:00:00+00:00,-897.5451020195729,-886.9568147570386,-893.2845945932328,0.02808527108409101,0.0016230953729018355,1.0145012663743727,5,True,252,2000,1,0,0 days 00:00:00.184997,ethereum,0.06249232891036302
221,2019-06-02 00:00:00+00:00,-893.085633602045,-882.4973463395107,-888.8251261757049,0.028459993624553884,0.0016522667802686788,1.0179966105742868,5,True,252,2000,1,0,0 days 00:00:00.277009,ethereum,0.06311269320854289
222,2019-06-07 00:00:00+00:00,-884.0722234578099,-873.4839361952755,-879.8117160314697,0.029017538986966594,0.001712287837441766,1.0142274607262074,5,True,252,2000,1,0,0 days 00:00:00.262988,ethereum,0.0630338057866838
223,2019-06-12 00:00:00+00:00,-880.5884842756947,-870.0001970131603,-876.3279768493545,0.029292084148542674,0.001736130384280214,1.0166824016007636,5,True,252,2000,1,0,0 days 00:00:00.219005,ethereum,0.06335994671700919
224,2019-06-17 00:00:00+00:00,-879.3210545572819,-868.7327672947475,-875.0605471309417,0.029426849446288775,0.0017448926956247777,1.015919181803084,5,True,252,2000,1,0,0 days 00:00:00.190000,ethereum,0.06287691469757332
225,2019-06-22 00:00:00+00:00,-875.4129929090883,-864.824705646554,-871.1524854827481,0.02960866119320672,0.0017721444849625025,1.020465276201618,5,True,252,2000,1,0,0 days 00:00:00.105991,ethereum,0.0628665986040662
226,2019-06-27 00:00:00+00:00,-883.2219361127621,-872.6336488502278,-878.961428686422,0.029309481333252615,0.0017181100170306825,1.019026859478488,5,True,252,2000,1,0,0 days 00:00:00.123003,ethereum,0.06304662219850225
227,2019-07-02 00:00:00+00:00,-868.5764821816791,-857.9881949191448,-864.315974755339,0.029794475185632167,0.0018209085038495506,1.027381522042049,5,True,252,2000,1,0,0 days 00:00:00.226020,ethereum,0.06293537081558587
228,2019-07-07 00:00:00+00:00,-728.3947304297106,-717.8064431671763,-724.1342230033705,0.03225689653605523,0.003175689894342414,1.166027847644252,5,True,252,2000,1,0,0 days 00:00:00.103991,ethereum,0.062008383855037076
229,2019-07-12 00:00:00+00:00,-721.4752224376804,-710.886935175146,-717.2147150113402,0.032734166249333466,0.0032640593853507077,1.1547729276272225,5,True,252,2000,1,0,0 days 00:00:00.119989,ethereum,0.06198147821879755
230,2019-07-17 00:00:00+00:00,-732.453663967906,-721.8653767053717,-728.1931565415658,0.03212073650193759,0.0031254476425434372,1.147254340790668,5,True,252,2000,1,0,0 days 00:00:00.135005,ethereum,0.062023605281102775
231,2019-07-22 00:00:00+00:00,-732.1830502595652,-721.5947629970309,-727.9225428332251,0.03222097564311679,0.0031282206907226853,1.145151261599703,5,True,252,2000,1,0,0 days 00:00:00.108992,ethereum,0.061953941135165336
232,2019-07-27 00:00:00+00:00,-732.2762076934238,-721.6879204308894,-728.0157002670836,0.032247503787548426,0.003127083511998872,1.1475955244507365,5,True,252,2000,1,0,0 days 00:00:00.118002,ethereum,0.0618658008312753
233,2019-08-01 00:00:00+00:00,-721.8389921340712,-711.2507048715369,-717.578484707731,0.032975259599414955,0.0032592198132192045,1.125452307121723,5,True,252,2000,1,0,0 days 00:00:00.112036,ethereum,0.06176329931513152
234,2019-08-06 00:00:00+00:00,-721.0518733732787,-710.4635861107444,-716.7913659469385,0.03298560742349094,0.0032694293186247034,1.1263911457740678,5,True,252,2000,1,0,0 days 00:00:00.105963,ethereum,0.061788272079699884
235,2019-08-11 00:00:00+00:00,-715.4424385135904,-704.8541512510561,-711.1819310872503,0.03358469412976466,0.003343049760748434,1.1151488760872448,5,True,252,2000,1,0,0 days 00:00:00.103003,ethereum,0.06176070553143375
236,2019-08-16 00:00:00+00:00,-716.7761575854714,-706.1878703229371,-712.5156501591313,0.033604698983610834,0.003325349378561573,1.1160547314483953,5,True,252,2000,1,0,0 days 00:00:00.100997,ethereum,0.06172423708147551
237,2019-08-21 00:00:00+00:00,-715.9932659681723,-705.404978705638,-711.7327585418321,0.03359337496010322,0.0033357212977982195,1.1144253954576124,5,True,252,2000,1,0,0 days 00:00:00.136007,ethereum,0.0620155125217801
238,2019-08-26 00:00:00+00:00,-715.9143990456054,-705.326111783071,-711.6538916192652,0.03366059280999073,0.0033367199522433126,1.1119198328019686,5,True,252,2000,1,0,0 days 00:00:00.094995,ethereum,0.06166313228831823
239,2019-08-31 00:00:00+00:00,-717.1023553026245,-706.5140680400901,-712.8418478762843,0.033564458163603136,0.003320992828145745,1.1093241951978716,5,True,252,2000,1,0,0 days 00:00:00.098024,ethereum,0.06158526922599196
240,2019-09-05 00:00:00+00:00,-712.4639119320256,-701.8756246694912,-708.2034045056854,0.034153002805605716,0.0033828423844999515,1.1115747185916958,5,True,252,2000,1,0,0 days 00:00:00.099981,ethereum,0.061710634125111644
241,2019-09-10 00:00:00+00:00,-711.9809165330436,-701.3926292705092,-707.7204091067034,0.03428388634382345,0.003389227014647229,1.1119503237040065,5,True,252,2000,1,0,0 days 00:00:00.083996,ethereum,0.0616871843942749
242,2019-09-15 00:00:00+00:00,-710.6540886058632,-700.0658013433289,-706.393581179523,0.034598074941495444,0.0034073719424843637,1.1104889095855461,5,True,252,2000,1,0,0 days 00:00:00.232998,ethereum,0.06178095006433274
243,2019-09-20 00:00:00+00:00,-711.4805959366041,-700.8923086740698,-707.220088510264,0.03442799130123012,0.00339596833737646,1.1094372152340417,5,True,252,2000,1,0,0 days 00:00:00.175011,ethereum,0.06164851167969776
244,2019-09-25 00:00:00+00:00,-719.9493242786633,-709.361037016129,-715.6888168523232,0.03426334224552905,0.0032836873213699497,1.0911731904571895,5,True,252,2000,1,0,0 days 00:00:00.111993,ethereum,0.06132655144569752
245,2019-09-30 00:00:00+00:00,-721.7527928410267,-711.1645055784924,-717.4922854146865,0.03381876866701913,0.003260324581900648,1.094960565231855,5,True,252,2000,1,0,0 days 00:00:00.138005,ethereum,0.06136524037656731
246,2019-10-05 00:00:00+00:00,-720.567550369845,-709.9792631073107,-716.3070429435048,0.033961783291126604,0.0032758146132511553,1.0940374341309473,5,True,252,2000,1,0,0 days 00:00:00.115994,ethereum,0.06137109180097083
247,2019-10-10 00:00:00+00:00,-722.8069552018086,-712.2186679392743,-718.5464477754684,0.033559626779524974,0.003247223056097216,1.095819808677792,5,True,252,2000,1,0,0 days 00:00:00.225000,ethereum,0.061450814225171915
248,2019-10-15 00:00:00+00:00,-723.3582555746572,-712.7699683121228,-719.097748148317,0.0333634894286939,0.003239686453429987,1.095067776067649,5,True,252,2000,1,0,0 days 00:00:00.219996,ethereum,0.061345189219362016
249,2019-10-20 00:00:00+00:00,-722.8190704866109,-712.2307832240766,-718.5585630602708,0.033482501126443506,0.0032464058405983604,1.095692569619567,5,True,252,2000,1,0,0 days 00:00:00.112010,ethereum,0.06134203670707604
250,2019-10-25 00:00:00+00:00,-728.3062794994815,-717.7179922369472,-724.0457720731414,0.03284096229019388,0.003176466835633085,1.0995603753576426,5,True,252,2000,1,0,0 days 00:00:00.175998,ethereum,0.06127859801132024
251,2019-10-30 00:00:00+00:00,-728.1437979441615,-717.5555106816272,-723.8832905178214,0.03277835381177424,0.0031785124510104066,1.1003751332173517,5,True,252,2000,1,0,0 days 00:00:00.158998,ethereum,0.061329175433360264
252,2019-11-04 00:00:00+00:00,-728.159349945064,-717.5710626825297,-723.8988425187239,0.03283222940789753,0.0031783356791190544,1.0996296937336991,5,True,252,2000,1,0,0 days 00:00:00.144001,ethereum,0.061293478903344766
253,2019-11-09 00:00:00+00:00,-728.344703063561,-717.7564158010267,-724.0841956372209,0.03274544816751624,0.0031760505523108122,1.099541963600973,5,True,252,2000,1,0,0 days 00:00:00.124003,ethereum,0.06129634041814507
254,2019-11-14 00:00:00+00:00,-725.2660906290354,-714.677803366501,-721.0055832026952,0.03326131888558412,0.0032151854649295555,1.102121772504012,5,True,252,2000,1,0,0 days 00:00:00.145997,ethereum,0.06147608690523039
255,2019-11-19 00:00:00+00:00,-722.6246266152783,-712.036339352744,-718.3641191889382,0.033637125837580786,0.003248974257529054,1.1029808904429916,5,True,252,2000,1,0,0 days 00:00:00.096999,ethereum,0.061476140569289524
256,2019-11-24 00:00:00+00:00,-723.9264967525088,-713.3382094899745,-719.6659893261686,0.03359463775677006,0.0032324458386664913,1.0994704589984186,5,True,252,2000,1,0,0 days 00:00:00.142995,ethereum,0.06153407810488137
257,2019-11-29 00:00:00+00:00,-723.6421653879253,-713.053878125391,-719.3816579615851,0.033636968209427985,0.0032359385385429032,1.099165683793672,5,True,252,2000,1,0,0 days 00:00:00.263012,ethereum,0.061505582551608325
258,2019-12-04 00:00:00+00:00,-723.1310882935664,-712.5428010310321,-718.8705808672263,0.033700183478329065,0.003242426485361889,1.096533648312219,5,True,252,2000,1,0,0 days 00:00:00.148007,ethereum,0.06137214057813934
259,2019-12-09 00:00:00+00:00,-720.1587323833243,-709.5704451207899,-715.8982249569841,0.03407419416907053,0.0032809426081960354,1.0974962547188818,5,True,252,2000,1,0,0 days 00:00:00.128402,ethereum,0.06145509853294342
260,2019-12-14 00:00:00+00:00,-718.2486973401184,-707.6604100775841,-713.9881899137782,0.03437355497500868,0.0033058548375950706,1.0962504024869935,5,True,252,2000,1,0,0 days 00:00:00.103997,ethereum,0.0614428104873108
261,2019-12-19 00:00:00+00:00,-723.27616873517,-712.6878814726357,-719.0156613088299,0.03379213420560413,0.0032405357836441852,1.0974303090471018,5,True,252,2000,1,0,0 days 00:00:00.136994,ethereum,0.06138801262743646
262,2019-12-24 00:00:00+00:00,-719.8942294990333,-709.3059422364989,-715.6337220726931,0.034259177305120764,0.003284465193012149,1.0971475502982626,5,True,252,2000,1,0,0 days 00:00:00.149001,ethereum,0.06173707152549241
263,2019-12-29 00:00:00+00:00,-704.9070413364312,-694.3187540738969,-700.6465339100911,0.0355512971364227,0.0034857641761048054,1.0983274668951373,5,True,252,2000,1,0,0 days 00:00:00.135004,ethereum,0.0616359982258888
264,2020-01-03 00:00:00+00:00,-704.4252816416187,-693.8369943790843,-700.1647742152785,0.035618346751118864,0.0034923252347702203,1.0997176455054551,5,True,252,2000,1,0,0 days 00:00:00.086001,ethereum,0.061573827515789374
265,2020-01-08 00:00:00+00:00,-704.1454329943339,-693.5571457317996,-699.8849255679937,0.0358063306426259,0.003496278647645625,1.0975614516358563,5,True,252,2000,1,0,0 days 00:00:00.127995,ethereum,0.06153352474741898
266,2020-01-13 00:00:00+00:00,-700.5740393463051,-689.9857520837708,-696.3135319199649,0.03620502210974006,0.003549220397523729,1.1014519029971175,5,True,252,2000,1,0,0 days 00:00:00.132001,ethereum,0.06257317899909165
267,2020-01-18 00:00:00+00:00,-703.7357724454513,-693.147485182917,-699.4752650191111,0.03594077138705698,0.0035022230522879826,1.1027894325790137,5,True,252,2000,1,0,0 days 00:00:00.105997,ethereum,0.06162683867151798
268,2020-01-23 00:00:00+00:00,-704.6058525758407,-694.0175653133064,-700.3453451495005,0.03566512881458251,0.003489810285409347,1.1027490155300887,5,True,252,2000,1,0,0 days 00:00:00.096010,ethereum,0.06155811895744055
269,2020-01-28 00:00:00+00:00,-704.7647724708637,-694.1764852083294,-700.5042650445235,0.03560660483247079,0.003487658844084208,1.10290684227106,5,True,252,2000,1,0,0 days 00:00:00.113988,ethereum,0.0616122278833974
270,2020-02-02 00:00:00+00:00,-705.261590461669,-694.6733031991347,-701.0010830353289,0.03548354728050852,0.0034807678882137366,1.1057255322858546,5,True,252,2000,1,0,0 days 00:00:00.081010,ethereum,0.061603652337749976
271,2020-02-07 00:00:00+00:00,-707.9430943851834,-697.354807122649,-703.6825869588432,0.035069488069872444,0.00344388786030906,1.1042085399281651,5,True,252,2000,1,0,0 days 00:00:00.093001,ethereum,0.06156191691704102
272,2020-02-12 00:00:00+00:00,-712.7781318169751,-702.1898445544408,-708.517624390635,0.034539074900837075,0.003378379585628605,1.1029201437203342,5,True,252,2000,1,0,0 days 00:00:00.122009,ethereum,0.061485014514698476
273,2020-02-17 00:00:00+00:00,-714.474728609818,-703.8864413472837,-710.2142211834779,0.034186860601353106,0.0033562468532557723,1.1056328286082633,5,True,252,2000,1,0,0 days 00:00:00.178002,ethereum,0.061554068321773854
274,2020-02-22 00:00:00+00:00,-717.0695880466309,-706.4813007840966,-712.8090806202907,0.03376081863149758,0.003321771997982775,1.1079611764102848,5,True,252,2000,1,0,0 days 00:00:00.231980,ethereum,0.06152629707926206
275,2020-02-27 00:00:00+00:00,-722.8312007464846,-712.2429134839502,-718.5706933201444,0.03320857831443717,0.0032462225149679533,1.104487494789251,5,True,252,2000,1,0,0 days 00:00:00.148004,ethereum,0.061320911970189185
276,2020-03-03 00:00:00+00:00,-721.6690629107983,-711.080775648264,-717.4085554844581,0.03325899340434838,0.0032612171849736057,1.1024078334351841,5,True,252,2000,1,0,0 days 00:00:00.287005,ethereum,0.06126774214421651
277,2020-03-08 00:00:00+00:00,-733.3692909344942,-722.7810036719599,-729.108783508154,0.032516472070183,0.003113226438788629,1.0965181359315077,5,True,252,2000,1,0,0 days 00:00:00.264994,ethereum,0.061121582495404767
278,2020-03-13 00:00:00+00:00,-870.424539096062,-859.8362518335276,-866.1640316697218,0.0304873343794613,0.0018088442146355391,0.9491879560304307,5,True,252,2000,1,0,0 days 00:00:00.214000,ethereum,0.06306556320615685
279,2020-03-18 00:00:00+00:00,-873.8910799970159,-863.3027927344816,-869.6305725706758,0.03046714033030149,0.0017846629011413514,0.9488213018790672,5,True,252,2000,1,0,0 days 00:00:00.149998,ethereum,0.06366848663682886
280,2020-03-23 00:00:00+00:00,-881.9397103737389,-871.3514231112046,-877.6792029473987,0.030240292695351535,0.001726788416267384,0.9680525285602182,5,True,252,2000,1,0,0 days 00:00:00.160010,ethereum,0.06277408988906259
281,2020-03-28 00:00:00+00:00,-877.8290108668626,-867.2407236043283,-873.5685034405225,0.030551786171769353,0.0017553909855912268,0.9649214371874485,5,True,252,2000,1,0,0 days 00:00:00.189995,ethereum,0.06274860169416595
282,2020-04-02 00:00:00+00:00,-878.1674284142679,-867.5791411517336,-873.9069209879277,0.030470882130292566,0.0017528064546462436,0.9661835900477512,5,True,252,2000,1,0,0 days 00:00:00.142011,ethereum,0.06245360498938547
283,2020-04-07 00:00:00+00:00,-894.5367068912643,-883.94841962873,-890.2761994649242,0.030038600787806364,0.001642685924224903,0.9849026406734689,5,True,252,2000,1,0,0 days 00:00:00.210984,ethereum,0.06273249514571722
284,2020-04-12 00:00:00+00:00,-895.6599634410551,-885.0716761785208,-891.3994560147149,0.029955386226985445,0.001635308342572902,0.9831451139955593,5,True,252,2000,1,0,0 days 00:00:00.171009,ethereum,0.06268334480823931
285,2020-04-17 00:00:00+00:00,-896.3612109168929,-885.7729236543586,-892.1007034905527,0.03015671222886924,0.001631056525758534,0.9890917616293505,5,True,252,2000,1,0,0 days 00:00:00.136998,ethereum,0.06321239678644333
286,2020-04-22 00:00:00+00:00,-901.5049288541637,-890.9166415916294,-897.2444214278236,0.02978453911142652,0.0015978209636235683,0.9920947374786282,5,True,252,2000,1,0,0 days 00:00:00.169004,ethereum,0.06268579910096522
287,2020-04-27 00:00:00+00:00,-866.2149033930053,-855.626616130471,-861.9543959666652,0.03126893491385677,0.0018380508647239315,0.96876639448317,5,True,252,2000,1,0,0 days 00:00:00.123986,ethereum,0.06305761405298613
288,2020-05-02 00:00:00+00:00,-865.0730357692449,-854.4847485067106,-860.8125283429048,0.0315088044176345,0.0018464024861673594,0.9690818418337713,5,True,252,2000,1,0,0 days 00:00:00.260005,ethereum,0.06304685170248812
289,2020-05-07 00:00:00+00:00,-849.8191740052299,-839.2308867426956,-845.5586665788898,0.03240630377705958,0.001961612740312053,0.9738714002402986,5,True,252,2000,1,0,0 days 00:00:00.155001,ethereum,0.06323990174090285
290,2020-05-12 00:00:00+00:00,-851.5579126066074,-840.969625344073,-847.2974051802672,0.032422870565806165,0.0019481312921089836,0.9716589615664798,5,True,252,2000,1,0,0 days 00:00:00.096005,ethereum,0.06335653179687531
291,2020-05-17 00:00:00+00:00,-819.8690195628216,-809.2807323002872,-815.6085121364814,0.03341804414492474,0.002209171154617181,0.9844777275461251,5,True,252,2000,1,0,0 days 00:00:00.129997,ethereum,0.06363087194506213
292,2020-05-22 00:00:00+00:00,-814.4243457337067,-803.8360584711724,-810.1638383073665,0.03378746012525194,0.0022573953625478517,0.9832258762955471,5,True,252,2000,1,0,0 days 00:00:00.112001,ethereum,0.06279371755625283
293,2020-05-27 00:00:00+00:00,-806.5529110136941,-795.9646237511598,-802.292403587354,0.03450797497910959,0.0023290529556446093,0.9833051930384933,5,True,252,2000,1,0,0 days 00:00:00.131993,ethereum,0.06336170582461989
294,2020-06-01 00:00:00+00:00,-807.5805457951548,-796.9922585326204,-803.3200383688146,0.034518871349286516,0.0023195776470162012,0.9838757952406675,5,True,252,2000,1,0,0 days 00:00:00.158022,ethereum,0.0632518677966715
295,2020-06-06 00:00:00+00:00,-808.3099051725018,-797.7216179099674,-804.0493977461616,0.03447795010474769,0.002312855539714983,0.984000167614518,5,True,252,2000,1,0,0 days 00:00:00.122979,ethereum,0.0628432736755174
296,2020-06-11 00:00:00+00:00,-810.0160799370743,-799.42779267454,-805.7555725107342,0.0345224007767441,0.0022972566955042307,0.9839512833693185,5,True,252,2000,1,0,0 days 00:00:00.134001,ethereum,0.06293989716314169
297,2020-06-16 00:00:00+00:00,-799.7035854034165,-789.1152981408821,-795.4430779770763,0.03523296747552767,0.0023932231529301745,0.9884221752740786,5,True,252,2000,1,0,0 days 00:00:00.128017,ethereum,0.06373827312933879
298,2020-06-21 00:00:00+00:00,-794.9501893994387,-784.3619021369044,-790.6896819730986,0.03570117739242636,0.0024387970633245387,0.9895850921964331,5,True,252,2000,1,0,0 days 00:00:00.098984,ethereum,0.06309698244105057
299,2020-06-26 00:00:00+00:00,-791.5188821914397,-780.9305949289054,-787.2583747650996,0.03597278368028327,0.0024722282646498115,0.9876222251736995,5,True,252,2000,1,0,0 days 00:00:00.129000,ethereum,0.06293840995053862
300,2020-07-01 00:00:00+00:00,-787.9036279921937,-777.3153407296594,-783.6431205658536,0.036505691234850986,0.0025079465449991704,0.9879059462029064,5,True,252,2000,1,0,0 days 00:00:00.139011,ethereum,0.06300221234053172
301,2020-07-06 00:00:00+00:00,-785.2164835160344,-774.6281962535,-780.9559760896942,0.03684246811480897,0.0025348270151347566,0.9871003679496337,5,True,252,2000,1,0,0 days 00:00:00.137984,ethereum,0.06290953011118817
302,2020-07-11 00:00:00+00:00,-785.4834814297468,-774.8951941672125,-781.2229740034066,0.03668757727060801,0.002532141655924586,0.9872274703599865,5,True,252,2000,1,0,0 days 00:00:00.199010,ethereum,0.06283299932142147
303,2020-07-16 00:00:00+00:00,-782.541711289312,-771.9534240267777,-778.2812038629719,0.03708715351324422,0.002561878085445581,0.9878806625650138,5,True,252,2000,1,0,0 days 00:00:00.428997,ethereum,0.06284395801705145
304,2020-07-21 00:00:00+00:00,-779.8914827737141,-769.3031955111798,-775.6309753473739,0.037402368814046634,0.002588981212297467,0.9872270250584079,5,True,252,2000,1,0,0 days 00:00:00.306024,ethereum,0.06303566580019479
305,2020-07-26 00:00:00+00:00,-780.2174614304739,-769.6291741679396,-775.9569540041338,0.03741254889956732,0.0025856081684078264,0.9867412511322946,5,True,252,2000,1,0,0 days 00:00:00.259994,ethereum,0.06285850680297818
306,2020-07-31 00:00:00+00:00,-778.4962363978899,-767.9079491353556,-774.2357289715497,0.03747696256773173,0.0026034665657982793,0.9858184205890953,5,True,252,2000,1,0,0 days 00:00:00.241980,ethereum,0.06327836114435537
307,2020-08-05 00:00:00+00:00,-780.7399882540313,-770.151700991497,-776.4794808276912,0.037354352238039304,0.002580251389105522,0.988291887225248,5,True,252,2000,1,0,0 days 00:00:00.191005,ethereum,0.06293618013312256
308,2020-08-10 00:00:00+00:00,-778.9331539492047,-768.3448666866703,-774.6726465228645,0.03770047515459874,0.0025988369039384356,0.9893689682594696,5,True,252,2000,1,0,0 days 00:00:00.131996,ethereum,0.06304014573308762
309,2020-08-15 00:00:00+00:00,-779.3007248021612,-768.7124375396269,-775.040217375821,0.03760697943020972,0.002595032900941381,0.9896274073896677,5,True,252,2000,1,0,0 days 00:00:00.126997,ethereum,0.06307945317099463
310,2020-08-20 00:00:00+00:00,-776.2498753838721,-765.6615881213378,-771.989367957532,0.037969725612135706,0.002626670975290305,0.9899305038748629,5,True,252,2000,1,0,0 days 00:00:00.124001,ethereum,0.06311947937932577
311,2020-08-25 00:00:00+00:00,-770.7397969977939,-760.1515097352595,-766.4792895714537,0.038131549184243115,0.0026847040709102703,0.9844900186568576,5,True,252,2000,1,0,0 days 00:00:00.090999,ethereum,0.06302086388298166
312,2020-08-30 00:00:00+00:00,-766.1182671990399,-755.5299799365056,-761.8577597726998,0.03851481516414577,0.0027343835363812493,0.9815792511841988,5,True,252,2000,1,0,0 days 00:00:00.116999,ethereum,0.06278413711925873
313,2020-09-04 00:00:00+00:00,-772.5473081288247,-761.9590208662904,-768.2868007024846,0.03830402827428986,0.0026659526244164327,0.9764615183535591,5,True,252,2000,1,0,0 days 00:00:00.137006,ethereum,0.06425722680209867
314,2020-09-09 00:00:00+00:00,-736.4064796969955,-725.8181924344611,-732.1459722706553,0.03954430379544028,0.003076553293357133,1.0129354630386211,5,True,252,2000,1,0,0 days 00:00:00.116998,ethereum,0.06772281271396398
315,2020-09-14 00:00:00+00:00,-711.508262895106,-700.9199756325717,-707.2477554687658,0.04140673306462078,0.00339597471179258,0.9841978376254766,5,True,252,2000,1,0,0 days 00:00:00.142001,ethereum,0.06431715033101951
316,2020-09-19 00:00:00+00:00,-703.0337861798176,-692.4454989172833,-698.7732787534775,0.042344738146642934,0.0035121735983274648,0.9924155617294732,5,True,252,2000,1,0,0 days 00:00:00.118996,ethereum,0.06275748030891265
317,2020-09-24 00:00:00+00:00,-704.165560266303,-693.5772730037687,-699.9050528399629,0.042050797057190184,0.0034963522774743684,0.9907382019952622,5,True,252,2000,1,0,0 days 00:00:00.090005,ethereum,0.06261681874030434
318,2020-09-29 00:00:00+00:00,-701.2947691561736,-690.7064818936393,-697.0342617298335,0.04281355057230135,0.0035364148002661583,0.9906454970738203,5,True,252,2000,1,0,0 days 00:00:00.107998,ethereum,0.06260653009998667
319,2020-10-04 00:00:00+00:00,-698.8578859851604,-688.269598722626,-694.5973785588202,0.04329071657310709,0.0035707765421014153,0.9908175964660492,5,True,252,2000,1,0,0 days 00:00:00.184002,ethereum,0.06263103828660319
320,2020-10-09 00:00:00+00:00,-696.3986305943575,-685.8103433318232,-692.1381231680174,0.04368150968322872,0.0036058035814812185,0.9914709416566794,5,True,252,2000,1,0,0 days 00:00:00.100993,ethereum,0.06272363000939525
321,2020-10-14 00:00:00+00:00,-686.8900030814608,-676.3017158189265,-682.6294956551206,0.04465595573489989,0.003744464756259524,0.9962037116015539,5,True,252,2000,1,0,0 days 00:00:00.102008,ethereum,0.06262552837076173
322,2020-10-19 00:00:00+00:00,-682.6122951291912,-672.0240078666569,-678.3517877028511,0.04528149670546597,0.003808618979440728,0.9973455208406448,5,True,252,2000,1,0,0 days 00:00:00.119998,ethereum,0.06269409907465026
323,2020-10-24 00:00:00+00:00,-681.6575877563099,-671.0693004937756,-677.3970803299698,0.04545363039375333,0.0038230467939920406,0.997662719503547,5,True,252,2000,1,0,0 days 00:00:00.098033,ethereum,0.0626264971472528
324,2020-10-29 00:00:00+00:00,-678.6662198766948,-668.0779326141604,-674.4057124503546,0.045849336403840535,0.003868686655431913,0.9977442453055032,5,True,252,2000,1,0,0 days 00:00:00.114966,ethereum,0.06288672904036247
325,2020-11-03 00:00:00+00:00,-677.391057193992,-666.8027699314576,-673.1305497676518,0.04611972519004301,0.003888342289426376,0.998208789752118,5,True,252,2000,1,0,0 days 00:00:00.160997,ethereum,0.06270770824041225
326,2020-11-08 00:00:00+00:00,-679.75467669221,-669.1663894296756,-675.4941692658698,0.04568698806709838,0.0038520409767922223,0.9988094162390735,5,True,252,2000,1,0,0 days 00:00:00.124004,ethereum,0.06263410476752028
327,2020-11-13 00:00:00+00:00,-676.1501843154555,-665.5618970529212,-671.8896768891153,0.046279109079339666,0.003907566384922405,0.9981189716945148,5,True,252,2000,1,0,0 days 00:00:00.132994,ethereum,0.06273068280071314
328,2020-11-18 00:00:00+00:00,-677.1149575689154,-666.5266703063811,-672.8544501425753,0.045938486280496085,0.003892598781265677,0.9983260875234782,5,True,252,2000,1,0,0 days 00:00:00.199005,ethereum,0.06263517901777114
329,2020-11-23 00:00:00+00:00,-681.124598786036,-670.5363115235017,-676.8640913596959,0.04536818559364577,0.0038311324780716605,0.9986215277397851,5,True,252,2000,1,0,0 days 00:00:00.120011,ethereum,0.06260695635437423
330,2020-11-28 00:00:00+00:00,-681.3774223584095,-670.7891350958752,-677.1169149320693,0.04539957439863279,0.0038274183686578802,0.9956453590358739,5,True,252,2000,1,0,0 days 00:00:00.155990,ethereum,0.06287598448694473
331,2020-12-03 00:00:00+00:00,-682.9689344161148,-672.3806471535805,-678.7084269897747,0.045159723505197265,0.0038035161152674287,0.9944076052036889,5,True,252,2000,1,0,0 days 00:00:00.255001,ethereum,0.06281324017430572
332,2020-12-08 00:00:00+00:00,-683.573352595744,-672.9850653332097,-679.3128451694039,0.04509029543205793,0.0037940655089996203,0.9937532136867693,5,True,252,2000,1,0,0 days 00:00:00.125031,ethereum,0.06260525401931856
333,2020-12-13 00:00:00+00:00,-683.9416826257451,-673.3533953632108,-679.681175199405,0.04491768339066032,0.0037885051746661606,0.993941868262186,5,True,252,2000,1,0,0 days 00:00:00.158974,ethereum,0.06251312133130557
334,2020-12-18 00:00:00+00:00,-683.5230738291287,-672.9347865665944,-679.2625664027886,0.04517567496321295,0.0037947786221675423,0.9930485898432445,5,True,252,2000,1,0,0 days 00:00:00.299995,ethereum,0.06255652868196103
335,2020-12-23 00:00:00+00:00,-683.0342600472446,-672.4459727847103,-678.7737526209045,0.04503287503984528,0.0038022402978270405,0.9943476702971358,5,True,252,2000,1,0,0 days 00:00:00.224026,ethereum,0.06294475883641683
336,2020-12-28 00:00:00+00:00,-685.4017187471426,-674.8134314846083,-681.1412113208024,0.0445873140160934,0.003766605347972696,0.9924058875924172,5,True,252,2000,1,0,0 days 00:00:00.121976,ethereum,0.06250109526338747
337,2021-01-02 00:00:00+00:00,-680.4841054826685,-669.8958182201342,-676.2235980563283,0.04513738225157971,0.0038439118569205716,0.9924513626072454,5,True,252,2000,1,0,0 days 00:00:00.128000,ethereum,0.06415531406506256
338,2021-01-07 00:00:00+00:00,-698.2823703948976,-687.6940831323633,-694.0218629685575,0.043971104523530445,0.003578781604147131,0.9995339933076591,5,True,252,2000,1,0,0 days 00:00:00.104014,ethereum,0.06217887061769282
339,2021-01-12 00:00:00+00:00,-698.3718280873876,-687.7835408248533,-694.1113206610474,0.04408719951899228,0.0035779207143721557,1.0008438235176362,5,True,252,2000,1,0,0 days 00:00:00.121018,ethereum,0.06261004750386993
340,2021-01-17 00:00:00+00:00,-698.2146285914536,-687.6263413289192,-693.9541211651134,0.044153562112048954,0.003579765045757853,0.9989055804309663,5,True,252,2000,1,0,0 days 00:00:00.159967,ethereum,0.062258095055414804
341,2021-01-22 00:00:00+00:00,-710.4499719971574,-699.861684734623,-706.1894645708172,0.043461759775230376,0.003410164307865301,0.996758722690375,5,True,252,2000,1,0,0 days 00:00:00.105302,ethereum,0.06269634874380363
342,2021-01-27 00:00:00+00:00,-717.0997099868097,-706.5114227242753,-712.8392025604695,0.04269557277395946,0.0033216124839307187,1.0033885228422015,5,True,252,2000,1,0,0 days 00:00:00.126004,ethereum,0.06270764921115372
343,2021-02-01 00:00:00+00:00,-719.4086124596744,-708.82032519714,-715.1481050333342,0.042300122627946815,0.0032915240964528115,1.001967812057098,5,True,252,2000,1,0,0 days 00:00:00.108986,ethereum,0.06284399663716451
344,2021-02-06 00:00:00+00:00,-726.0961292897565,-715.5078420272222,-721.8356218634163,0.04154181495541331,0.003205001922959402,1.0038257828331947,5,True,252,2000,1,0,0 days 00:00:00.132007,ethereum,0.06254463103367336
345,2021-02-11 00:00:00+00:00,-726.4693268473603,-715.881039584826,-722.2088194210202,0.04145013373039309,0.0032002144329602387,1.0044663256978117,5,True,252,2000,1,0,0 days 00:00:00.125000,ethereum,0.06254737953155622
346,2021-02-16 00:00:00+00:00,-725.6665480228568,-715.0782607603225,-721.4060405965166,0.04168722247686121,0.0032104404844206388,1.0037191552130833,5,True,252,2000,1,0,0 days 00:00:00.132017,ethereum,0.06253236298340924
347,2021-02-21 00:00:00+00:00,-723.3278359082113,-712.739548645677,-719.0673284818712,0.042052073954238565,0.0032407098115995,1.0024860698716287,5,True,252,2000,1,0,0 days 00:00:00.160979,ethereum,0.06274460389599937
348,2021-02-26 00:00:00+00:00,-733.4083232531358,-722.8200359906015,-729.1478158267956,0.041014374848858476,0.003113207266375315,0.9968930086923548,5,True,252,2000,1,0,0 days 00:00:00.127019,ethereum,0.06235782122672687
349,2021-03-03 00:00:00+00:00,-736.7106584416796,-726.1223711791453,-732.4501510153394,0.0405499955024336,0.0030727426296240693,1.0016279533145482,5,True,252,2000,1,0,0 days 00:00:00.142979,ethereum,0.06250260938747225
350,2021-03-08 00:00:00+00:00,-740.4572807369913,-729.8689934744569,-736.1967733106511,0.03995764971831018,0.003027361455812118,0.9998904518359063,5,True,252,2000,1,0,0 days 00:00:00.314999,ethereum,0.06241057301191437
351,2021-03-13 00:00:00+00:00,-737.5317903802105,-726.9435031176762,-733.2712829538704,0.04029142737405895,0.0030628065679564557,1.002125218301726,5,True,252,2000,1,0,0 days 00:00:00.171021,ethereum,0.0625245627890227
352,2021-03-18 00:00:00+00:00,-735.8225364287404,-725.234249166206,-731.5620290024002,0.040643482461141744,0.003083553588504517,1.0007068699521426,5,True,252,2000,1,0,0 days 00:00:00.181983,ethereum,0.06252066087163943
353,2021-03-23 00:00:00+00:00,-732.0635516464125,-721.4752643838782,-727.8030442200724,0.04110509326616195,0.003130075092300801,1.0003754078017126,5,True,252,2000,1,0,0 days 00:00:00.160006,ethereum,0.06252010379733113
354,2021-03-28 00:00:00+00:00,-732.1309013634456,-721.5426141009112,-727.8703939371054,0.04109165813891152,0.0031293381911803135,1.0017943721537546,5,True,252,2000,1,0,0 days 00:00:00.152990,ethereum,0.0625787579322405
355,2021-04-02 00:00:00+00:00,-732.4405045121079,-721.8522172495735,-728.1799970857677,0.04106680341765158,0.0031254364836524095,1.0034682084547728,5,True,252,2000,1,0,0 days 00:00:00.116038,ethereum,0.06267561260895858
356,2021-04-07 00:00:00+00:00,-731.8410385468545,-721.2527512843202,-727.5805311205144,0.041116383066741,0.00313282599147588,1.0044929319922224,5,True,252,2000,1,0,0 days 00:00:00.114968,ethereum,0.06260390568411732
357,2021-04-12 00:00:00+00:00,-732.6946737009024,-722.1063864383681,-728.4341662745622,0.040994459187387845,0.0031223394652727774,1.0044446137365413,5,True,252,2000,1,0,0 days 00:00:00.184627,ethereum,0.0626238499595141
358,2021-04-17 00:00:00+00:00,-737.0098379313232,-726.4215506687889,-732.749330504983,0.04027460708217644,0.0030691086686057576,1.0017315066244004,5,True,252,2000,1,0,0 days 00:00:00.134996,ethereum,0.06238077865158445
359,2021-04-22 00:00:00+00:00,-737.2154766190616,-726.6271893565273,-732.9549691927215,0.040190630418946244,0.0030665436821133833,1.00319193010352,5,True,252,2000,1,0,0 days 00:00:00.099006,ethereum,0.06238426823753615
360,2021-04-27 00:00:00+00:00,-743.1324516298099,-732.5441643672756,-738.8719442034698,0.03937163593046099,0.002995392687721315,1.00053802265437,5,True,252,2000,1,0,0 days 00:00:00.122002,ethereum,0.062286535167673476
361,2021-05-02 00:00:00+00:00,-740.1347668275092,-729.5464795649749,-735.8742594011691,0.03996456181856756,0.0030328086837701,1.0028471203006433,5,True,252,2000,1,0,0 days 00:00:00.109991,ethereum,0.06326778582423237
362,2021-05-07 00:00:00+00:00,-748.2278219173112,-737.6395346547769,-743.967314490971,0.039549469849458715,0.0029362109131921992,1.011853569683055,5,True,252,2000,1,0,0 days 00:00:00.113005,ethereum,0.0630177221996764
363,2021-05-12 00:00:00+00:00,-755.7413237083371,-745.1530364458027,-751.4808162819969,0.038842827842182855,0.0028492463720671208,1.013880735759967,5,True,252,2000,1,0,0 days 00:00:00.214002,ethereum,0.06248294788707217
364,2021-05-17 00:00:00+00:00,-753.1225334462976,-742.5342461837632,-748.8620260199574,0.03896176166838669,0.0028790636065681935,1.0232119999289437,5,True,252,2000,1,0,0 days 00:00:00.158994,ethereum,0.06272006917249355
365,2021-05-22 00:00:00+00:00,-804.0679220683422,-793.4796348058079,-799.8074146420021,0.03677664746353617,0.002352141616475838,0.9910848534788073,5,True,252,2000,1,0,0 days 00:00:00.198027,ethereum,0.0633215746979215
366,2021-05-27 00:00:00+00:00,-833.6262745809876,-823.0379873184532,-829.3657671546474,0.03547520267403114,0.002091806260913533,1.0164115931462574,5,True,252,2000,1,0,0 days 00:00:00.164984,ethereum,0.06388255844675787
367,2021-06-01 00:00:00+00:00,-846.5641736645108,-835.9758864019765,-842.3036662381706,0.03450707248692506,0.0019871209488069304,1.0153882178707936,5,True,252,2000,1,0,0 days 00:00:00.121992,ethereum,0.06291422871003083
368,2021-06-06 00:00:00+00:00,-847.2601189691637,-836.6718317066294,-842.9996115428236,0.034430208611567245,0.0019816411407163293,1.0154574072697942,5,True,252,2000,1,0,0 days 00:00:00.111027,ethereum,0.06301418023977753
369,2021-06-11 00:00:00+00:00,-844.6764303192884,-834.0881430567541,-840.4159228929483,0.03449488707074,0.002002062733770777,1.0148360562802667,5,True,252,2000,1,0,0 days 00:00:00.154977,ethereum,0.062974411032319
370,2021-06-16 00:00:00+00:00,-847.1641386198495,-836.5758513573152,-842.9036311935093,0.03430632236554922,0.001982396036194305,1.0146647873454055,5,True,252,2000,1,0,0 days 00:00:00.152001,ethereum,0.06290069151852455
371,2021-06-21 00:00:00+00:00,-855.7755846464071,-845.1872973838728,-851.5150772200669,0.033985785161987074,0.0019157971302112054,1.0030183187815218,5,True,252,2000,1,0,0 days 00:00:00.228996,ethereum,0.0636505315870809
372,2021-06-26 00:00:00+00:00,-857.2488683059167,-846.6605810433824,-852.9883608795766,0.0340207727351348,0.0019046304220759595,1.0022749838357503,5,True,252,2000,1,0,0 days 00:00:00.286997,ethereum,0.0633072945038397
373,2021-07-01 00:00:00+00:00,-862.4160465919084,-851.8277593293741,-858.1555391655683,0.03368120682909072,0.0018659732863688162,1.002497408889966,5,True,252,2000,1,0,0 days 00:00:00.176003,ethereum,0.06304136932434304
374,2021-07-06 00:00:00+00:00,-866.523624821455,-855.9353375589207,-862.2631173951148,0.033227531808306635,0.001835803954087894,1.0023084047394266,5,True,252,2000,1,0,0 days 00:00:00.159006,ethereum,0.06287461795277345
375,2021-07-11 00:00:00+00:00,-868.0865151090267,-857.4982278464923,-863.8260076826865,0.03323655990411359,0.0018244558142981495,1.0006592238317011,5,True,252,2000,1,0,0 days 00:00:00.181007,ethereum,0.06312998402053069
376,2021-07-16 00:00:00+00:00,-871.553455143838,-860.9651678813037,-867.2929477174979,0.032770620547807564,0.0017995235912986272,1.0007776025252344,5,True,252,2000,1,0,0 days 00:00:00.148986,ethereum,0.06286696060612876
377,2021-07-21 00:00:00+00:00,-878.0733483893447,-867.4850611268104,-873.8128409630045,0.032391219156125486,0.0017535619158584829,1.0036588250296645,5,True,252,2000,1,0,0 days 00:00:00.161024,ethereum,0.06286936599510978
378,2021-07-26 00:00:00+00:00,-877.5544560198203,-866.966168757286,-873.2939485934802,0.032441909457369654,0.0017571786616473021,1.0037274159976803,5,True,252,2000,1,0,0 days 00:00:00.170001,ethereum,0.06293026926684639
379,2021-07-31 00:00:00+00:00,-875.4751669465076,-864.8868796839732,-871.2146595201674,0.032605150050584446,0.0017717373079884913,1.0041312709537888,5,True,252,2000,1,0,0 days 00:00:00.200980,ethereum,0.06289820760875948
380,2021-08-05 00:00:00+00:00,-876.8124099109099,-866.2241226483756,-872.5519024845697,0.03255972795432364,0.0017623606871057748,1.005624215462758,5,True,252,2000,1,0,0 days 00:00:00.199998,ethereum,0.0629739718300513
381,2021-08-10 00:00:00+00:00,-883.632961705241,-873.0446744427067,-879.3724542789008,0.03203515803888418,0.0017152990674058005,1.006951449701555,5,True,252,2000,1,0,0 days 00:00:00.312000,ethereum,0.06287886523704048
382,2021-08-15 00:00:00+00:00,-888.7676854383589,-878.1793981758245,-884.5071780120187,0.03165288692638933,0.0016807078552445317,1.0074495961234256,5,True,252,2000,1,0,0 days 00:00:00.151001,ethereum,0.06302430853679371
383,2021-08-20 00:00:00+00:00,-888.7526635390085,-878.1643762764742,-884.4921561126683,0.03162585112990703,0.0016808029940910212,1.0089690110185863,5,True,252,2000,1,0,0 days 00:00:00.148012,ethereum,0.0630096185890051
384,2021-08-25 00:00:00+00:00,-887.0853525216604,-876.4970652591261,-882.8248450953203,0.03181786413861882,0.00169196201297923,1.008417285164097,5,True,252,2000,1,0,0 days 00:00:00.152989,ethereum,0.06322546846493556
385,2021-08-30 00:00:00+00:00,-877.5571758423258,-866.9688885797915,-873.2966684159857,0.03247075951361441,0.001757170189760379,1.0113059362591401,5,True,252,2000,1,0,0 days 00:00:00.175001,ethereum,0.0641810971559626
386,2021-09-04 00:00:00+00:00,-875.5983819268937,-865.0100946643594,-871.3378745005535,0.03264142747776021,0.0017708713489579793,1.0190588303861239,5,True,252,2000,1,0,0 days 00:00:00.175996,ethereum,0.0629411424943917
387,2021-09-09 00:00:00+00:00,-876.4258938733557,-865.8376066108214,-872.1653864470155,0.032951912417839874,0.00176506775756983,1.015640819440979,5,True,252,2000,1,0,0 days 00:00:00.134998,ethereum,0.06336635525750223
388,2021-09-14 00:00:00+00:00,-879.9666078793463,-869.378320616812,-875.7061004530061,0.03258095138943971,0.0017404410106761708,1.015380186762822,5,True,252,2000,1,0,0 days 00:00:00.134005,ethereum,0.06306405528158537
389,2021-09-19 00:00:00+00:00,-878.0712863321204,-867.4829990695861,-873.8107789057802,0.03272348772688014,0.0017535899555468826,1.0162571371355722,5,True,252,2000,1,0,0 days 00:00:00.187032,ethereum,0.06374326403511406
390,2021-09-24 00:00:00+00:00,-889.0875313927655,-878.4992441302312,-884.8270239664254,0.032069553193902624,0.001678569333410514,1.0138735265178,5,True,252,2000,1,0,0 days 00:00:00.197003,ethereum,0.06292643771178556
391,2021-09-29 00:00:00+00:00,-891.5502717565724,-880.9619844940381,-887.2897643302323,0.03181256858760573,0.0016622502875063773,1.0139064068219223,5,True,252,2000,1,0,0 days 00:00:00.201003,ethereum,0.06307328901392033
392,2021-10-04 00:00:00+00:00,-874.4348239283735,-863.8465366658392,-870.1743165020333,0.032647237397274494,0.0017790672633507735,1.026999097562779,5,True,252,2000,1,0,0 days 00:00:00.183992,ethereum,0.06504625188008513
393,2021-10-09 00:00:00+00:00,-860.0252568154991,-849.4369695529648,-855.764749389159,0.033444898912252344,0.001883760329547646,1.0321861868387276,5,True,252,2000,1,0,0 days 00:00:00.169002,ethereum,0.06344572818780808
394,2021-10-14 00:00:00+00:00,-849.2642046599639,-838.6759173974295,-845.0036972336237,0.03381169010737369,0.001965931072811007,1.023489413923539,5,True,252,2000,1,0,0 days 00:00:00.179007,ethereum,0.06336982698808162
395,2021-10-19 00:00:00+00:00,-846.3851403666882,-835.7968531041539,-842.1246329403481,0.03408519970125219,0.0019885543726727898,1.0237848415244426,5,True,252,2000,1,0,0 days 00:00:00.180001,ethereum,0.0632697089371306
396,2021-10-24 00:00:00+00:00,-850.0374110297968,-839.4491237672624,-845.7769036034566,0.033763887930191014,0.001959920102696102,1.0255912089664525,5,True,252,2000,1,0,0 days 00:00:00.129991,ethereum,0.06295226171147658
397,2021-10-29 00:00:00+00:00,-851.5635403687492,-840.9752531062148,-847.303032942409,0.03363113484999142,0.0019480850067683409,1.0265395849355081,5,True,252,2000,1,0,0 days 00:00:00.176999,ethereum,0.06288762680663687
398,2021-11-03 00:00:00+00:00,-847.4157547797414,-836.8274675172071,-843.1552473534013,0.034136584278215296,0.0019804141113141955,1.0261084655973511,5,True,252,2000,1,0,0 days 00:00:00.135006,ethereum,0.06323808150943182
399,2021-11-08 00:00:00+00:00,-826.2830455501424,-815.6947582876081,-822.0225381238023,0.035238918823719004,0.0021536577395007534,1.0131093908701403,5,True,252,2000,1,0,0 days 00:00:00.100000,ethereum,0.06465086272381018
