,asofdate,pointForecast,close,forecastday,product_name
0,2018-05-31 00:00:00+00:00,0.3377654073245347,0.343477,1,chainlink
1,2018-06-01 00:00:00+00:00,0.33830059176743144,0.350758,2,chainlink
2,2018-06-02 00:00:00+00:00,0.3383237187043937,0.367845,3,chainlink
3,2018-06-03 00:00:00+00:00,0.3383247172999852,0.362294,4,chainlink
4,2018-06-04 00:00:00+00:00,0.3383247604167687,0.338959,5,chainlink
5,2018-06-05 00:00:00+00:00,0.3386225204295744,0.335581,1,chainlink
6,2018-06-06 00:00:00+00:00,0.3397332122630946,0.331268,2,chainlink
7,2018-06-07 00:00:00+00:00,0.3397887656453811,0.306495,3,chainlink
8,2018-06-08 00:00:00+00:00,0.3397915397211211,0.30105,4,chainlink
9,2018-06-09 00:00:00+00:00,0.3397916782341757,0.302669,5,chainlink
10,2018-06-10 00:00:00+00:00,0.30219173058369264,0.241726,1,chainlink
11,2018-06-11 00:00:00+00:00,0.3022054942576835,0.262577,2,chainlink
12,2018-06-12 00:00:00+00:00,0.30220540394895634,0.226934,3,chainlink
13,2018-06-13 00:00:00+00:00,0.3022054045414929,0.218512,4,chainlink
14,2018-06-14 00:00:00+00:00,0.3022054045376052,0.241001,5,chainlink
15,2018-06-15 00:00:00+00:00,0.23992875654583412,0.223784,1,chainlink
16,2018-06-16 00:00:00+00:00,0.24050815948006413,0.221082,2,chainlink
17,2018-06-17 00:00:00+00:00,0.2404944983965039,0.216884,3,chainlink
18,2018-06-18 00:00:00+00:00,0.2404948201077517,0.211045,4,chainlink
19,2018-06-19 00:00:00+00:00,0.24049481253140795,0.218846,5,chainlink
20,2018-06-20 00:00:00+00:00,0.21803016041014558,0.225353,1,chainlink
21,2018-06-21 00:00:00+00:00,0.21828514754779502,0.212624,2,chainlink
22,2018-06-22 00:00:00+00:00,0.21827769838390249,0.1848,3,chainlink
23,2018-06-23 00:00:00+00:00,0.21827791587586898,0.194283,4,chainlink
24,2018-06-24 00:00:00+00:00,0.2182779095256849,0.186744,5,chainlink
25,2018-06-25 00:00:00+00:00,0.18635838634840482,0.180884,1,chainlink
26,2018-06-26 00:00:00+00:00,0.18614757319580044,0.171369,2,chainlink
27,2018-06-27 00:00:00+00:00,0.1861539309779957,0.174417,3,chainlink
28,2018-06-28 00:00:00+00:00,0.18615373912915942,0.166745,4,chainlink
29,2018-06-29 00:00:00+00:00,0.1861537449181825,0.183147,5,chainlink
30,2018-06-30 00:00:00+00:00,0.18205039193102326,0.223463,1,chainlink
31,2018-07-01 00:00:00+00:00,0.18302696051015804,0.224614,2,chainlink
32,2018-07-02 00:00:00+00:00,0.18297449258382886,0.252324,3,chainlink
33,2018-07-03 00:00:00+00:00,0.182977304013216,0.236417,4,chainlink
34,2018-07-04 00:00:00+00:00,0.18297715334468956,0.233183,5,chainlink
35,2018-07-05 00:00:00+00:00,0.23324660315603715,0.219079,1,chainlink
36,2018-07-06 00:00:00+00:00,0.2330911389904614,0.230389,2,chainlink
37,2018-07-07 00:00:00+00:00,0.2330985161328499,0.247297,3,chainlink
38,2018-07-08 00:00:00+00:00,0.2330981659535296,0.248056,4,chainlink
39,2018-07-09 00:00:00+00:00,0.23309818257563258,0.235859,5,chainlink
40,2018-07-10 00:00:00+00:00,0.23654281205778643,0.213871,1,chainlink
41,2018-07-11 00:00:00+00:00,0.23594365423041588,0.20495,2,chainlink
42,2018-07-12 00:00:00+00:00,0.23597212151061875,0.196695,3,chainlink
43,2018-07-13 00:00:00+00:00,0.23597076725604296,0.201657,4,chainlink
44,2018-07-14 00:00:00+00:00,0.23597083167719823,0.195856,5,chainlink
45,2018-07-15 00:00:00+00:00,0.19618312668052293,0.198022,1,chainlink
46,2018-07-16 00:00:00+00:00,0.1959174092917005,0.221994,2,chainlink
47,2018-07-17 00:00:00+00:00,0.19592907287568276,0.248606,3,chainlink
48,2018-07-18 00:00:00+00:00,0.19592856055977387,0.243073,4,chainlink
49,2018-07-19 00:00:00+00:00,0.19592858306227343,0.23254,5,chainlink
50,2018-07-20 00:00:00+00:00,0.23304021892963755,0.217931,1,chainlink
51,2018-07-21 00:00:00+00:00,0.23255365938216332,0.217626,2,chainlink
52,2018-07-22 00:00:00+00:00,0.23257553151028157,0.201949,3,chainlink
53,2018-07-23 00:00:00+00:00,0.23257454727462576,0.198808,4,chainlink
54,2018-07-24 00:00:00+00:00,0.23257459156269697,0.203638,5,chainlink
55,2018-07-25 00:00:00+00:00,0.20348787806195878,0.246628,1,chainlink
56,2018-07-26 00:00:00+00:00,0.2037119901188483,0.253792,2,chainlink
57,2018-07-27 00:00:00+00:00,0.20370201428643736,0.269489,3,chainlink
58,2018-07-28 00:00:00+00:00,0.2037024580938363,0.278915,4,chainlink
59,2018-07-29 00:00:00+00:00,0.20370243834913607,0.330162,5,chainlink
60,2018-07-30 00:00:00+00:00,0.32917355274143917,0.316764,1,chainlink
61,2018-07-31 00:00:00+00:00,0.33114228576764393,0.294852,2,chainlink
62,2018-08-01 00:00:00+00:00,0.33107370596935903,0.292142,3,chainlink
63,2018-08-02 00:00:00+00:00,0.33107608781125625,0.310392,4,chainlink
64,2018-08-03 00:00:00+00:00,0.33107600507905494,0.282904,5,chainlink
65,2018-08-04 00:00:00+00:00,0.2840996903001714,0.257539,1,chainlink
66,2018-08-05 00:00:00+00:00,0.2833249801617612,0.253747,2,chainlink
67,2018-08-06 00:00:00+00:00,0.2833467720243301,0.237611,3,chainlink
68,2018-08-07 00:00:00+00:00,0.28334615820286124,0.234737,4,chainlink
69,2018-08-08 00:00:00+00:00,0.28334617549199004,0.228785,5,chainlink
70,2018-08-09 00:00:00+00:00,0.22927419655974382,0.277999,1,chainlink
71,2018-08-10 00:00:00+00:00,0.22919532447507857,0.275847,2,chainlink
72,2018-08-11 00:00:00+00:00,0.22919629980364675,0.278637,3,chainlink
73,2018-08-12 00:00:00+00:00,0.2291962877407038,0.286145,4,chainlink
74,2018-08-13 00:00:00+00:00,0.22919628788989896,0.261471,5,chainlink
75,2018-08-14 00:00:00+00:00,0.26232909677178884,0.271509,1,chainlink
76,2018-08-15 00:00:00+00:00,0.2615665132595972,0.257676,2,chainlink
77,2018-08-16 00:00:00+00:00,0.26159023575703516,0.266631,3,chainlink
78,2018-08-17 00:00:00+00:00,0.2615894967218668,0.293712,4,chainlink
79,2018-08-18 00:00:00+00:00,0.2615895197442421,0.273431,5,chainlink
80,2018-08-19 00:00:00+00:00,0.27430300161049903,0.305263,1,chainlink
81,2018-08-20 00:00:00+00:00,0.27356057491002406,0.290841,2,chainlink
82,2018-08-21 00:00:00+00:00,0.27358746405400314,0.310661,3,chainlink
83,2018-08-22 00:00:00+00:00,0.273586488866212,0.314414,4,chainlink
84,2018-08-23 00:00:00+00:00,0.27358652423158314,0.321243,5,chainlink
85,2018-08-24 00:00:00+00:00,0.32092416149526304,0.33755,1,chainlink
86,2018-08-25 00:00:00+00:00,0.3212899670718154,0.326353,2,chainlink
87,2018-08-26 00:00:00+00:00,0.32127141962150646,0.327603,3,chainlink
88,2018-08-27 00:00:00+00:00,0.32127235949931326,0.33242,4,chainlink
89,2018-08-28 00:00:00+00:00,0.3212723118703557,0.336842,5,chainlink
90,2018-08-29 00:00:00+00:00,0.3362400889649076,0.314182,1,chainlink
91,2018-08-30 00:00:00+00:00,0.3365137042114978,0.304305,2,chainlink
92,2018-08-31 00:00:00+00:00,0.3364988641548764,0.332161,3,chainlink
93,2018-09-01 00:00:00+00:00,0.33649966870799325,0.3289,4,chainlink
94,2018-09-02 00:00:00+00:00,0.33649962508821696,0.311204,5,chainlink
95,2018-09-03 00:00:00+00:00,0.3109076252302411,0.304895,1,chainlink
96,2018-09-04 00:00:00+00:00,0.31051447624670897,0.297827,2,chainlink
97,2018-09-05 00:00:00+00:00,0.3105236230915797,0.276854,3,chainlink
98,2018-09-06 00:00:00+00:00,0.31052341015017687,0.272812,4,chainlink
99,2018-09-07 00:00:00+00:00,0.3105234151074462,0.26187,5,chainlink
100,2018-09-08 00:00:00+00:00,0.2614174473160493,0.241787,1,chainlink
101,2018-09-09 00:00:00+00:00,0.26120637260139584,0.242093,2,chainlink
102,2018-09-10 00:00:00+00:00,0.2612107196979403,0.247956,3,chainlink
103,2018-09-11 00:00:00+00:00,0.2612106301330706,0.261071,4,chainlink
104,2018-09-12 00:00:00+00:00,0.2612106319783941,0.253442,5,chainlink
105,2018-09-13 00:00:00+00:00,0.25270461593661236,0.272512,1,chainlink
106,2018-09-14 00:00:00+00:00,0.252418430314832,0.270692,2,chainlink
107,2018-09-15 00:00:00+00:00,0.2524305494500581,0.26979,3,chainlink
108,2018-09-16 00:00:00+00:00,0.25243003594929875,0.275525,4,chainlink
109,2018-09-17 00:00:00+00:00,0.2524300577063554,0.270712,5,chainlink
110,2018-09-18 00:00:00+00:00,0.2690926667530733,0.29032,1,chainlink
111,2018-09-19 00:00:00+00:00,0.2689808141749222,0.327392,2,chainlink
112,2018-09-20 00:00:00+00:00,0.2689848142713781,0.360705,3,chainlink
113,2018-09-21 00:00:00+00:00,0.26898467118934727,0.351737,4,chainlink
114,2018-09-22 00:00:00+00:00,0.2689846763073027,0.336903,5,chainlink
115,2018-09-23 00:00:00+00:00,0.3356486195265205,0.341726,1,chainlink
116,2018-09-24 00:00:00+00:00,0.3353255981083845,0.334403,2,chainlink
117,2018-09-25 00:00:00+00:00,0.3353334966099186,0.325344,3,chainlink
118,2018-09-26 00:00:00+00:00,0.33533330338325085,0.355934,4,chainlink
119,2018-09-27 00:00:00+00:00,0.33533330811023676,0.346852,5,chainlink
120,2018-09-28 00:00:00+00:00,0.3462556255546072,0.336016,1,chainlink
121,2018-09-29 00:00:00+00:00,0.34579967582055315,0.331879,2,chainlink
122,2018-09-30 00:00:00+00:00,0.34582456224043556,0.332003,3,chainlink
123,2018-10-01 00:00:00+00:00,0.3458232030096963,0.324239,4,chainlink
124,2018-10-02 00:00:00+00:00,0.3458232772446378,0.32276,5,chainlink
125,2018-10-03 00:00:00+00:00,0.3215947233409239,0.31115,1,chainlink
126,2018-10-04 00:00:00+00:00,0.3215800023374778,0.322088,2,chainlink
127,2018-10-05 00:00:00+00:00,0.32158070794332305,0.353491,3,chainlink
128,2018-10-06 00:00:00+00:00,0.3215806741215133,0.338532,4,chainlink
129,2018-10-07 00:00:00+00:00,0.32158067574269256,0.338861,5,chainlink
130,2018-10-08 00:00:00+00:00,0.3377163773520391,0.34366,1,chainlink
131,2018-10-09 00:00:00+00:00,0.33778166182307134,0.341001,2,chainlink
132,2018-10-10 00:00:00+00:00,0.33777876392294237,0.348638,3,chainlink
133,2018-10-11 00:00:00+00:00,0.3377788925448804,0.304994,4,chainlink
134,2018-10-12 00:00:00+00:00,0.3377788868360316,0.309744,5,chainlink
135,2018-10-13 00:00:00+00:00,0.30885290436646085,0.320825,1,chainlink
136,2018-10-14 00:00:00+00:00,0.3091827419297657,0.327469,2,chainlink
137,2018-10-15 00:00:00+00:00,0.3091635308205133,0.339443,3,chainlink
138,2018-10-16 00:00:00+00:00,0.3091646491603591,0.359008,4,chainlink
139,2018-10-17 00:00:00+00:00,0.3091645840562196,0.378545,5,chainlink
140,2018-10-18 00:00:00+00:00,0.3782120326400966,0.3754,1,chainlink
141,2018-10-19 00:00:00+00:00,0.37853056418232256,0.362456,2,chainlink
142,2018-10-20 00:00:00+00:00,0.3785255843178586,0.370032,3,chainlink
143,2018-10-21 00:00:00+00:00,0.37852566213940453,0.371783,4,chainlink
144,2018-10-22 00:00:00+00:00,0.3785256609232604,0.391668,5,chainlink
145,2018-10-23 00:00:00+00:00,0.3904692529181945,0.4386,1,chainlink
146,2018-10-24 00:00:00+00:00,0.3912695321106373,0.412077,2,chainlink
147,2018-10-25 00:00:00+00:00,0.391239803099117,0.436856,3,chainlink
148,2018-10-26 00:00:00+00:00,0.3912409063531065,0.433561,4,chainlink
149,2018-10-27 00:00:00+00:00,0.3912408654094127,0.446849,5,chainlink
150,2018-10-28 00:00:00+00:00,0.44533684106395893,0.440834,1,chainlink
151,2018-10-29 00:00:00+00:00,0.446133095629984,0.417377,2,chainlink
152,2018-10-30 00:00:00+00:00,0.44609069820720243,0.450021,3,chainlink
153,2018-10-31 00:00:00+00:00,0.44609295369367374,0.507841,4,chainlink
154,2018-11-01 00:00:00+00:00,0.44609283369910924,0.517231,5,chainlink
155,2018-11-02 00:00:00+00:00,0.5163586379996271,0.502305,1,chainlink
156,2018-11-03 00:00:00+00:00,0.5169323475494672,0.547552,2,chainlink
157,2018-11-04 00:00:00+00:00,0.5169004916745955,0.496935,3,chainlink
158,2018-11-05 00:00:00+00:00,0.5169022595295416,0.481414,4,chainlink
159,2018-11-06 00:00:00+00:00,0.5169021614186866,0.48117,5,chainlink
160,2018-11-07 00:00:00+00:00,0.48036728021176667,0.483389,1,chainlink
161,2018-11-08 00:00:00+00:00,0.4803985573673428,0.501154,2,chainlink
162,2018-11-09 00:00:00+00:00,0.48039680584356426,0.491923,3,chainlink
163,2018-11-10 00:00:00+00:00,0.4803969039258845,0.518087,4,chainlink
164,2018-11-11 00:00:00+00:00,0.4803968984334332,0.511358,5,chainlink
165,2018-11-12 00:00:00+00:00,0.5114774661020102,0.5653,1,chainlink
166,2018-11-13 00:00:00+00:00,0.5110607841216204,0.582416,2,chainlink
167,2018-11-14 00:00:00+00:00,0.5110862945976207,0.536736,3,chainlink
168,2018-11-15 00:00:00+00:00,0.5110847321382721,0.541199,4,chainlink
169,2018-11-16 00:00:00+00:00,0.5110848278330179,0.515479,5,chainlink
170,2018-11-17 00:00:00+00:00,0.5172495159681688,0.484782,1,chainlink
171,2018-11-18 00:00:00+00:00,0.5155107237542788,0.52465,2,chainlink
172,2018-11-19 00:00:00+00:00,0.5156228851875447,0.424558,3,chainlink
173,2018-11-20 00:00:00+00:00,0.5156156380290443,0.33945,4,chainlink
174,2018-11-21 00:00:00+00:00,0.5156161062436174,0.367887,5,chainlink
175,2018-11-22 00:00:00+00:00,0.3663909963278514,0.357344,1,chainlink
176,2018-11-23 00:00:00+00:00,0.36765619549812373,0.333073,2,chainlink
177,2018-11-24 00:00:00+00:00,0.3676045107557905,0.284098,3,chainlink
178,2018-11-25 00:00:00+00:00,0.3676066185039753,0.262117,4,chainlink
179,2018-11-26 00:00:00+00:00,0.36760653254216147,0.279555,5,chainlink
180,2018-11-27 00:00:00+00:00,0.27880085417545203,0.29101,1,chainlink
181,2018-11-28 00:00:00+00:00,0.27921159480332264,0.328481,2,chainlink
182,2018-11-29 00:00:00+00:00,0.2792025780370562,0.34447064,3,chainlink
183,2018-11-30 00:00:00+00:00,0.2792027758316785,0.32366577,4,chainlink
184,2018-12-01 00:00:00+00:00,0.27920277149272343,0.33297896,5,chainlink
185,2018-12-02 00:00:00+00:00,0.33254831867616114,0.31976228,1,chainlink
186,2018-12-03 00:00:00+00:00,0.33266846972571407,0.29179561,2,chainlink
187,2018-12-04 00:00:00+00:00,0.3326670062061578,0.28721914,3,chainlink
188,2018-12-05 00:00:00+00:00,0.3326670240295787,0.25946985,4,chainlink
189,2018-12-06 00:00:00+00:00,0.33266702381251634,0.23664346,5,chainlink
190,2018-12-07 00:00:00+00:00,0.23656239603910253,0.21498863,1,chainlink
191,2018-12-08 00:00:00+00:00,0.23646436583309713,0.23631795,2,chainlink
192,2018-12-09 00:00:00+00:00,0.23646480862562466,0.23914527,3,chainlink
193,2018-12-10 00:00:00+00:00,0.23646480662516106,0.21945844,4,chainlink
194,2018-12-11 00:00:00+00:00,0.23646480663419883,0.22460288,5,chainlink
195,2018-12-12 00:00:00+00:00,0.22432259985978986,0.22713988,1,chainlink
196,2018-12-13 00:00:00+00:00,0.2243537025751232,0.20677783,2,chainlink
197,2018-12-14 00:00:00+00:00,0.22435352597793803,0.20415504,3,chainlink
198,2018-12-15 00:00:00+00:00,0.22435352698056446,0.20355163,4,chainlink
199,2018-12-16 00:00:00+00:00,0.22435352697487207,0.20958638,5,chainlink
200,2018-12-17 00:00:00+00:00,0.20918789811177207,0.23381301,1,chainlink
201,2018-12-18 00:00:00+00:00,0.20921956726462093,0.26378757,2,chainlink
202,2018-12-19 00:00:00+00:00,0.20921941319914716,0.30100776,3,chainlink
203,2018-12-20 00:00:00+00:00,0.20921941394859486,0.33267989,4,chainlink
204,2018-12-21 00:00:00+00:00,0.2092194139449492,0.2987116,5,chainlink
205,2018-12-22 00:00:00+00:00,0.29741720408152567,0.31080165,1,chainlink
206,2018-12-23 00:00:00+00:00,0.2983795613925783,0.31191845,2,chainlink
207,2018-12-24 00:00:00+00:00,0.29840968991053274,0.31375676,3,chainlink
208,2018-12-25 00:00:00+00:00,0.2984106316235405,0.30961614,4,chainlink
209,2018-12-26 00:00:00+00:00,0.2984106610567394,0.30908802,5,chainlink
210,2018-12-27 00:00:00+00:00,0.30863933211101524,0.2746833,1,chainlink
211,2018-12-28 00:00:00+00:00,0.3086411224381937,0.29762905,2,chainlink
212,2018-12-29 00:00:00+00:00,0.30864116324822094,0.31576592,3,chainlink
213,2018-12-30 00:00:00+00:00,0.3086411641784718,0.29891272,4,chainlink
214,2018-12-31 00:00:00+00:00,0.3086411641996766,0.29020905,5,chainlink
215,2019-01-01 00:00:00+00:00,0.2894628353849793,0.29962238,1,chainlink
216,2019-01-02 00:00:00+00:00,0.28959766032956125,0.31777605,2,chainlink
217,2019-01-03 00:00:00+00:00,0.28959998831429434,0.36843402,3,chainlink
218,2019-01-04 00:00:00+00:00,0.2896000285016029,0.43233166,4,chainlink
219,2019-01-05 00:00:00+00:00,0.28960002919534167,0.39708301,5,chainlink
220,2019-01-06 00:00:00+00:00,0.3942966848100197,0.40021638,1,chainlink
221,2019-01-07 00:00:00+00:00,0.3965806481299431,0.37670934,2,chainlink
222,2019-01-08 00:00:00+00:00,0.3967502845235717,0.41864717,3,chainlink
223,2019-01-09 00:00:00+00:00,0.39676284777969956,0.40232898,4,chainlink
224,2019-01-10 00:00:00+00:00,0.39676377801548984,0.35536367,5,chainlink
225,2019-01-11 00:00:00+00:00,0.35194875603507403,0.43508867,1,chainlink
226,2019-01-12 00:00:00+00:00,0.35451594189079827,0.41224143,2,chainlink
227,2019-01-13 00:00:00+00:00,0.3546795606077111,0.45041139,3,chainlink
228,2019-01-14 00:00:00+00:00,0.35468995113999435,0.49015369,4,chainlink
229,2019-01-15 00:00:00+00:00,0.35469061083443,0.51532888,5,chainlink
230,2019-01-16 00:00:00+00:00,0.5162559009291162,0.49741468,1,chainlink
231,2019-01-17 00:00:00+00:00,0.5152192600282166,0.48435866,2,chainlink
232,2019-01-18 00:00:00+00:00,0.515176155303729,0.50376491,3,chainlink
233,2019-01-19 00:00:00+00:00,0.5151743611601575,0.49113147,4,chainlink
234,2019-01-20 00:00:00+00:00,0.5151742864795831,0.49437122,5,chainlink
235,2019-01-21 00:00:00+00:00,0.4944483313041684,0.50537117,1,chainlink
236,2019-01-22 00:00:00+00:00,0.4943321682810965,0.53998369,2,chainlink
237,2019-01-23 00:00:00+00:00,0.494327916664006,0.51212099,3,chainlink
238,2019-01-24 00:00:00+00:00,0.4943277610347159,0.50388188,4,chainlink
239,2019-01-25 00:00:00+00:00,0.49432775533792345,0.47926113,5,chainlink
240,2019-01-26 00:00:00+00:00,0.47849519720454975,0.47351676,1,chainlink
241,2019-01-27 00:00:00+00:00,0.47931002721649196,0.4339796,2,chainlink
242,2019-01-28 00:00:00+00:00,0.4793386397215024,0.41822094,3,chainlink
243,2019-01-29 00:00:00+00:00,0.4793396435876013,0.45048574,4,chainlink
244,2019-01-30 00:00:00+00:00,0.47933967880706574,0.42716065,5,chainlink
245,2019-01-31 00:00:00+00:00,0.4269796571237755,0.39307112,1,chainlink
246,2019-02-01 00:00:00+00:00,0.42749579604022814,0.42304497,2,chainlink
247,2019-02-02 00:00:00+00:00,0.4275076256845521,0.41523532,3,chainlink
248,2019-02-03 00:00:00+00:00,0.42750789665042727,0.39786034,4,chainlink
249,2019-02-04 00:00:00+00:00,0.42750790285699514,0.39550926,5,chainlink
250,2019-02-05 00:00:00+00:00,0.3957805318083082,0.42062074,1,chainlink
251,2019-02-06 00:00:00+00:00,0.39587367209137664,0.39951818,2,chainlink
252,2019-02-07 00:00:00+00:00,0.3958769868956671,0.40207567,3,chainlink
253,2019-02-08 00:00:00+00:00,0.3958771048536129,0.4353164,4,chainlink
254,2019-02-09 00:00:00+00:00,0.39587710905115137,0.46427592,5,chainlink
255,2019-02-10 00:00:00+00:00,0.46588548272440633,0.45218853,1,chainlink
256,2019-02-11 00:00:00+00:00,0.4647555065792209,0.42869298,2,chainlink
257,2019-02-12 00:00:00+00:00,0.46471053900091674,0.42768115,3,chainlink
258,2019-02-13 00:00:00+00:00,0.4647087473379793,0.44057317,4,chainlink
259,2019-02-14 00:00:00+00:00,0.464708675948519,0.42560268,5,chainlink
260,2019-02-15 00:00:00+00:00,0.42561546355142743,0.43434098,1,chainlink
261,2019-02-16 00:00:00+00:00,0.4261351012815072,0.43948223,2,chainlink
262,2019-02-17 00:00:00+00:00,0.42615343763146574,0.45632653,3,chainlink
263,2019-02-18 00:00:00+00:00,0.4261540842683933,0.47562681,4,chainlink
264,2019-02-19 00:00:00+00:00,0.42615410707175017,0.46467224,5,chainlink
265,2019-02-20 00:00:00+00:00,0.46526533290438704,0.46578463,1,chainlink
266,2019-02-21 00:00:00+00:00,0.4659448865205501,0.44553529,2,chainlink
267,2019-02-22 00:00:00+00:00,0.46598527340174833,0.45196609,3,chainlink
268,2019-02-23 00:00:00+00:00,0.46598767190954227,0.46098294,4,chainlink
269,2019-02-24 00:00:00+00:00,0.46598781434666636,0.41494675,5,chainlink
270,2019-02-25 00:00:00+00:00,0.41304853662169955,0.46191299,1,chainlink
271,2019-02-26 00:00:00+00:00,0.4158046197201174,0.43712489,2,chainlink
272,2019-02-27 00:00:00+00:00,0.4159874163805387,0.43031941,3,chainlink
273,2019-02-28 00:00:00+00:00,0.4159995002825945,0.42757014,4,chainlink
274,2019-03-01 00:00:00+00:00,0.41600029892269835,0.43499212,5,chainlink
275,2019-03-02 00:00:00+00:00,0.43679015788448217,0.42781966,1,chainlink
276,2019-03-03 00:00:00+00:00,0.43649419688748375,0.42410937,2,chainlink
277,2019-03-04 00:00:00+00:00,0.43647887090964416,0.40758508,3,chainlink
278,2019-03-05 00:00:00+00:00,0.4364780770043409,0.43226005,4,chainlink
279,2019-03-06 00:00:00+00:00,0.4364780358783082,0.43489842,5,chainlink
280,2019-03-07 00:00:00+00:00,0.4365281211186008,0.45830375,1,chainlink
281,2019-03-08 00:00:00+00:00,0.43647656506518634,0.46852326,2,chainlink
282,2019-03-09 00:00:00+00:00,0.4364739682574446,0.48255746,3,chainlink
283,2019-03-10 00:00:00+00:00,0.4364738374520931,0.50604391,4,chainlink
284,2019-03-11 00:00:00+00:00,0.43647383086319924,0.4720787,5,chainlink
285,2019-03-12 00:00:00+00:00,0.4716459745639912,0.49218157,1,chainlink
286,2019-03-13 00:00:00+00:00,0.47316581421375414,0.48447115,2,chainlink
287,2019-03-14 00:00:00+00:00,0.4732372534368147,0.49326807,3,chainlink
288,2019-03-15 00:00:00+00:00,0.4732406060140074,0.49045401,4,chainlink
289,2019-03-16 00:00:00+00:00,0.4732407633355295,0.48636656,5,chainlink
290,2019-03-17 00:00:00+00:00,0.48745010413891215,0.48478922,1,chainlink
291,2019-03-18 00:00:00+00:00,0.48766362795455725,0.48130129,2,chainlink
292,2019-03-19 00:00:00+00:00,0.48767245660843206,0.48254744,3,chainlink
293,2019-03-20 00:00:00+00:00,0.4876728215704985,0.48744475,4,chainlink
294,2019-03-21 00:00:00+00:00,0.4876728366572953,0.46293919,5,chainlink
295,2019-03-22 00:00:00+00:00,0.4637117194982639,0.46686779,1,chainlink
296,2019-03-23 00:00:00+00:00,0.46448713877665865,0.46325589,2,chainlink
297,2019-03-24 00:00:00+00:00,0.46451149041481,0.45739145,3,chainlink
298,2019-03-25 00:00:00+00:00,0.4645122545274194,0.47866059,4,chainlink
299,2019-03-26 00:00:00+00:00,0.46451227850333365,0.46162161,5,chainlink
300,2019-03-27 00:00:00+00:00,0.4623852625694165,0.50020381,1,chainlink
301,2019-03-28 00:00:00+00:00,0.4627466107658015,0.50197545,2,chainlink
302,2019-03-29 00:00:00+00:00,0.4627540618896155,0.496391,3,chainlink
303,2019-03-30 00:00:00+00:00,0.4627542154743744,0.49574636,4,chainlink
304,2019-03-31 00:00:00+00:00,0.46275421864008326,0.50919051,5,chainlink
305,2019-04-01 00:00:00+00:00,0.5111977755161595,0.55658879,1,chainlink
306,2019-04-02 00:00:00+00:00,0.5110642383244866,0.58233531,2,chainlink
307,2019-04-03 00:00:00+00:00,0.5110627099388009,0.5633401,3,chainlink
308,2019-04-04 00:00:00+00:00,0.5110626924435405,0.54237182,4,chainlink
309,2019-04-05 00:00:00+00:00,0.5110626922432739,0.57857044,5,chainlink
310,2019-04-06 00:00:00+00:00,0.5804497801973366,0.57166092,1,chainlink
311,2019-04-07 00:00:00+00:00,0.5803284024011381,0.57791811,2,chainlink
312,2019-04-08 00:00:00+00:00,0.580327988792934,0.57209704,3,chainlink
313,2019-04-09 00:00:00+00:00,0.5803279873833712,0.53636669,4,chainlink
314,2019-04-10 00:00:00+00:00,0.5803279873785675,0.52095859,5,chainlink
315,2019-04-11 00:00:00+00:00,0.5220916518061505,0.48682508,1,chainlink
316,2019-04-12 00:00:00+00:00,0.5221557135279613,0.49953935,2,chainlink
317,2019-04-13 00:00:00+00:00,0.5221559645013101,0.53815691,3,chainlink
318,2019-04-14 00:00:00+00:00,0.5221559654844831,0.52699909,4,chainlink
319,2019-04-15 00:00:00+00:00,0.5221559654883345,0.49559644,5,chainlink
320,2019-04-16 00:00:00+00:00,0.4970993197456364,0.50436202,1,chainlink
321,2019-04-17 00:00:00+00:00,0.4970444626198592,0.50034266,2,chainlink
322,2019-04-18 00:00:00+00:00,0.4970445565274674,0.52368513,3,chainlink
323,2019-04-19 00:00:00+00:00,0.49704455636670203,0.51422327,4,chainlink
324,2019-04-20 00:00:00+00:00,0.49704455636697725,0.514052,5,chainlink
325,2019-04-21 00:00:00+00:00,0.515298510314479,0.49618734,1,chainlink
326,2019-04-22 00:00:00+00:00,0.5153028950198965,0.49755579,2,chainlink
327,2019-04-23 00:00:00+00:00,0.5153029085621601,0.48401553,3,chainlink
328,2019-04-24 00:00:00+00:00,0.5153029086039855,0.4755576,4,chainlink
329,2019-04-25 00:00:00+00:00,0.5153029086041147,0.44645675,5,chainlink
330,2019-04-26 00:00:00+00:00,0.4470208320008402,0.43638308,1,chainlink
331,2019-04-27 00:00:00+00:00,0.44736734556465596,0.44549138,2,chainlink
332,2019-04-28 00:00:00+00:00,0.4473715159282711,0.44887786,3,chainlink
333,2019-04-29 00:00:00+00:00,0.4473715661000365,0.43289221,4,chainlink
334,2019-04-30 00:00:00+00:00,0.4473715667036275,0.46994428,5,chainlink
335,2019-05-01 00:00:00+00:00,0.47206936492321966,0.47858678,1,chainlink
336,2019-05-02 00:00:00+00:00,0.4707707604001364,0.46382191,2,chainlink
337,2019-05-03 00:00:00+00:00,0.47072473592859543,0.51271839,3,chainlink
338,2019-05-04 00:00:00+00:00,0.4707231025071178,0.49618237,4,chainlink
339,2019-05-05 00:00:00+00:00,0.4707230445336984,0.50836881,5,chainlink
340,2019-05-06 00:00:00+00:00,0.5095826362416865,0.58218401,1,chainlink
341,2019-05-07 00:00:00+00:00,0.5092672691068467,0.56784476,2,chainlink
342,2019-05-08 00:00:00+00:00,0.5092583485734401,0.59781853,3,chainlink
343,2019-05-09 00:00:00+00:00,0.5092580961675165,0.63801251,4,chainlink
344,2019-05-10 00:00:00+00:00,0.5092580890256444,0.67008213,5,chainlink
345,2019-05-11 00:00:00+00:00,0.673030921149348,0.70088243,1,chainlink
346,2019-05-12 00:00:00+00:00,0.6719912698813827,0.65441558,2,chainlink
347,2019-05-13 00:00:00+00:00,0.6719553037701581,0.6564135,3,chainlink
348,2019-05-14 00:00:00+00:00,0.6719540585830591,0.82631941,4,chainlink
349,2019-05-15 00:00:00+00:00,0.6719540154721332,0.84608773,5,chainlink
350,2019-05-16 00:00:00+00:00,0.8503336212245828,0.92135536,1,chainlink
351,2019-05-17 00:00:00+00:00,0.8498613312231876,0.88535217,2,chainlink
352,2019-05-18 00:00:00+00:00,0.8498472554229467,0.94568556,3,chainlink
353,2019-05-19 00:00:00+00:00,0.8498468358012093,0.99959379,4,chainlink
354,2019-05-20 00:00:00+00:00,0.8498468232915223,1.09473578,5,chainlink
355,2019-05-21 00:00:00+00:00,1.1036838320407787,1.19520566,1,chainlink
356,2019-05-22 00:00:00+00:00,1.1012860460247005,1.24771683,2,chainlink
357,2019-05-23 00:00:00+00:00,1.1012231179815586,1.34090704,3,chainlink
358,2019-05-24 00:00:00+00:00,1.1012214646876632,1.30293551,4,chainlink
359,2019-05-25 00:00:00+00:00,1.1012214212498157,1.13469041,5,chainlink
360,2019-05-26 00:00:00+00:00,1.1336073947256016,1.09001177,1,chainlink
361,2019-05-27 00:00:00+00:00,1.140800315532603,1.19635312,2,chainlink
362,2019-05-28 00:00:00+00:00,1.1411327631523704,1.28302143,3,chainlink
363,2019-05-29 00:00:00+00:00,1.1411480800683926,1.19652825,4,chainlink
364,2019-05-30 00:00:00+00:00,1.1411487856647005,1.02320729,5,chainlink
365,2019-05-31 00:00:00+00:00,1.0195852447558955,1.00966349,1,chainlink
366,2019-06-01 00:00:00+00:00,1.0270368575630262,0.97376471,2,chainlink
367,2019-06-02 00:00:00+00:00,1.0273930139638563,1.01824122,3,chainlink
368,2019-06-03 00:00:00+00:00,1.0274099750837262,0.92395094,4,chainlink
369,2019-06-04 00:00:00+00:00,1.0274107826778989,0.87788926,5,chainlink
370,2019-06-05 00:00:00+00:00,0.8788994274836243,1.05594083,1,chainlink
371,2019-06-06 00:00:00+00:00,0.8812348433713889,1.12312706,2,chainlink
372,2019-06-07 00:00:00+00:00,0.8813535327380265,1.17023384,3,chainlink
373,2019-06-08 00:00:00+00:00,0.881359556735288,1.15807263,4,chainlink
374,2019-06-09 00:00:00+00:00,0.881359862458596,1.07245445,5,chainlink
375,2019-06-10 00:00:00+00:00,1.0728301276350125,1.16951105,1,chainlink
376,2019-06-11 00:00:00+00:00,1.0771880318094869,1.1377572,2,chainlink
377,2019-06-12 00:00:00+00:00,1.0774174840362551,1.14167119,3,chainlink
378,2019-06-13 00:00:00+00:00,1.0774295407603764,1.85840041,4,chainlink
379,2019-06-14 00:00:00+00:00,1.077430174221912,1.68942014,5,chainlink
380,2019-06-15 00:00:00+00:00,1.7000055057303531,1.72050192,1,chainlink
381,2019-06-16 00:00:00+00:00,1.69994013464214,1.68949262,2,chainlink
382,2019-06-17 00:00:00+00:00,1.6999401593893453,1.97295689,3,chainlink
383,2019-06-18 00:00:00+00:00,1.699940159379977,1.81465432,4,chainlink
384,2019-06-19 00:00:00+00:00,1.6999401593799803,1.83873157,5,chainlink
385,2019-06-20 00:00:00+00:00,1.8507575467458508,1.7598768,1,chainlink
386,2019-06-21 00:00:00+00:00,1.8509191752769798,1.72932334,2,chainlink
387,2019-06-22 00:00:00+00:00,1.8509170564880666,1.83293865,3,chainlink
388,2019-06-23 00:00:00+00:00,1.8509170842620644,1.81867448,4,chainlink
389,2019-06-24 00:00:00+00:00,1.850917083897991,1.86344755,5,chainlink
390,2019-06-25 00:00:00+00:00,1.8755785825511364,2.20418458,1,chainlink
391,2019-06-26 00:00:00+00:00,1.8760824296714174,2.30606721,2,chainlink
392,2019-06-27 00:00:00+00:00,1.876074839103509,2.3198,3,chainlink
393,2019-06-28 00:00:00+00:00,1.8760749534417342,3.18477,4,chainlink
394,2019-06-29 00:00:00+00:00,1.8760749517194317,3.80122,5,chainlink
395,2019-06-30 00:00:00+00:00,3.853854648569472,3.4195,1,chainlink
396,2019-07-01 00:00:00+00:00,3.8370510052967224,3.62996,2,chainlink
397,2019-07-02 00:00:00+00:00,3.8366020621141708,3.73703,3,chainlink
398,2019-07-03 00:00:00+00:00,3.8365900414669265,3.4906,4,chainlink
399,2019-07-04 00:00:00+00:00,3.836589719590097,3.46181,5,chainlink
400,2019-07-05 00:00:00+00:00,3.489507424681972,3.64999,1,chainlink
401,2019-07-06 00:00:00+00:00,3.490343408513119,3.48569,2,chainlink
402,2019-07-07 00:00:00+00:00,3.490355732469066,3.31098,3,chainlink
403,2019-07-08 00:00:00+00:00,3.490355914125336,3.34401,4,chainlink
404,2019-07-09 00:00:00+00:00,3.490355916802962,3.07752,5,chainlink
405,2019-07-10 00:00:00+00:00,3.097712116246861,3.11687,1,chainlink
406,2019-07-11 00:00:00+00:00,3.10105182498412,2.77789,2,chainlink
407,2019-07-12 00:00:00+00:00,3.1010920167510965,3.18405,3,chainlink
408,2019-07-13 00:00:00+00:00,3.1010925001789578,3.16923,4,chainlink
409,2019-07-14 00:00:00+00:00,3.1010925059936065,2.78799,5,chainlink
410,2019-07-15 00:00:00+00:00,2.805347165554702,2.70834,1,chainlink
411,2019-07-16 00:00:00+00:00,2.807118159078015,2.18128,2,chainlink
412,2019-07-17 00:00:00+00:00,2.807126479249115,2.41131,3,chainlink
413,2019-07-18 00:00:00+00:00,2.807126518325152,2.67353,4,chainlink
414,2019-07-19 00:00:00+00:00,2.8071265185086736,2.61545,5,chainlink
415,2019-07-20 00:00:00+00:00,2.6325227377939835,2.64817,1,chainlink
416,2019-07-21 00:00:00+00:00,2.632848505072825,2.53736,2,chainlink
417,2019-07-22 00:00:00+00:00,2.6328499210490737,2.4009,3,chainlink
418,2019-07-23 00:00:00+00:00,2.6328499272033588,2.35031,4,chainlink
419,2019-07-24 00:00:00+00:00,2.6328499272301076,2.40575,5,chainlink
420,2019-07-25 00:00:00+00:00,2.420474262958522,2.36101,1,chainlink
421,2019-07-26 00:00:00+00:00,2.4201183899166088,2.40999,2,chainlink
422,2019-07-27 00:00:00+00:00,2.420115350144857,2.2429,3,chainlink
423,2019-07-28 00:00:00+00:00,2.420115324178036,2.2139,4,chainlink
424,2019-07-29 00:00:00+00:00,2.4201153239562183,2.13195,5,chainlink
425,2019-07-30 00:00:00+00:00,2.146928896805392,2.07301,1,chainlink
426,2019-07-31 00:00:00+00:00,2.145660180508811,2.214,2,chainlink
427,2019-08-01 00:00:00+00:00,2.1456769458215765,2.16548,3,chainlink
428,2019-08-02 00:00:00+00:00,2.1456767242127035,2.42132,4,chainlink
429,2019-08-03 00:00:00+00:00,2.145676727141984,2.42309,5,chainlink
430,2019-08-04 00:00:00+00:00,2.4442999707264006,2.51992,1,chainlink
431,2019-08-05 00:00:00+00:00,2.443799353211581,2.46271,2,chainlink
432,2019-08-06 00:00:00+00:00,2.4438121946558833,2.465,3,chainlink
433,2019-08-07 00:00:00+00:00,2.443811865223601,2.38206,4,chainlink
434,2019-08-08 00:00:00+00:00,2.44381187367478,2.27264,5,chainlink
435,2019-08-09 00:00:00+00:00,2.2930323636598233,2.1692,1,chainlink
436,2019-08-10 00:00:00+00:00,2.2896614258999626,2.33127,2,chainlink
437,2019-08-11 00:00:00+00:00,2.289749988275613,2.40904,3,chainlink
438,2019-08-12 00:00:00+00:00,2.2897476598248527,2.38515,4,chainlink
439,2019-08-13 00:00:00+00:00,2.2897477210424757,2.41396,5,chainlink
440,2019-08-14 00:00:00+00:00,2.4341975734044166,2.28605,1,chainlink
441,2019-08-15 00:00:00+00:00,2.4344784228392786,2.42265,2,chainlink
442,2019-08-16 00:00:00+00:00,2.434469564433434,2.30587,3,chainlink
443,2019-08-17 00:00:00+00:00,2.434469843824533,2.40716,4,chainlink
444,2019-08-18 00:00:00+00:00,2.4344698350126173,2.50823,5,chainlink
445,2019-08-19 00:00:00+00:00,2.527999783280139,2.49507,1,chainlink
446,2019-08-20 00:00:00+00:00,2.5319367413378506,2.36609,2,chainlink
447,2019-08-21 00:00:00+00:00,2.5317525101243863,2.207,3,chainlink
448,2019-08-22 00:00:00+00:00,2.5317611245933453,2.217,4,chainlink
449,2019-08-23 00:00:00+00:00,2.531760721774691,2.244,5,chainlink
450,2019-08-24 00:00:00+00:00,2.2651970776357127,2.17621,1,chainlink
451,2019-08-25 00:00:00+00:00,2.2654624739668288,2.08829,2,chainlink
452,2019-08-26 00:00:00+00:00,2.2654509714791695,2.07997,3,chainlink
453,2019-08-27 00:00:00+00:00,2.2654514699769686,2.11012,4,chainlink
454,2019-08-28 00:00:00+00:00,2.2654514483728865,1.89759,5,chainlink
455,2019-08-29 00:00:00+00:00,1.927326172573677,1.78068,1,chainlink
456,2019-08-30 00:00:00+00:00,1.9103732722608415,1.8,2,chainlink
457,2019-08-31 00:00:00+00:00,1.9115988646647069,1.78126,3,chainlink
458,2019-09-01 00:00:00+00:00,1.9115098712453182,1.7799,4,chainlink
459,2019-09-02 00:00:00+00:00,1.9115163312257626,1.833,5,chainlink
460,2019-09-03 00:00:00+00:00,1.8435849229750727,1.85395,1,chainlink
461,2019-09-04 00:00:00+00:00,1.8460111355769295,1.78442,2,chainlink
462,2019-09-05 00:00:00+00:00,1.8458760670747567,1.794,3,chainlink
463,2019-09-06 00:00:00+00:00,1.8458835814805516,1.72196,4,chainlink
464,2019-09-07 00:00:00+00:00,1.8458831634085882,1.77821,5,chainlink
465,2019-09-08 00:00:00+00:00,1.788113986478475,1.82997,1,chainlink
466,2019-09-09 00:00:00+00:00,1.7905825074821033,1.79356,2,chainlink
467,2019-09-10 00:00:00+00:00,1.7904543492541936,1.80199,3,chainlink
468,2019-09-11 00:00:00+00:00,1.7904609982710271,1.73188,4,chainlink
469,2019-09-12 00:00:00+00:00,1.7904606532990068,1.70622,5,chainlink
470,2019-09-13 00:00:00+00:00,1.7193807552924885,1.58457,1,chainlink
471,2019-09-14 00:00:00+00:00,1.7163439017408195,1.56998,2,chainlink
472,2019-09-15 00:00:00+00:00,1.7165811413129313,1.61381,3,chainlink
473,2019-09-16 00:00:00+00:00,1.716562591821829,1.589,4,chainlink
474,2019-09-17 00:00:00+00:00,1.7165640420857329,1.62707,5,chainlink
475,2019-09-18 00:00:00+00:00,1.6341542416666865,1.80999,1,chainlink
476,2019-09-19 00:00:00+00:00,1.6359663280680263,1.88,2,chainlink
477,2019-09-20 00:00:00+00:00,1.635862387046174,1.82052,3,chainlink
478,2019-09-21 00:00:00+00:00,1.635868345796908,1.88,4,chainlink
479,2019-09-22 00:00:00+00:00,1.635868004181692,1.8194,5,chainlink
480,2019-09-23 00:00:00+00:00,1.8318376838782764,1.80177,1,chainlink
481,2019-09-24 00:00:00+00:00,1.8294200212629332,1.7285,2,chainlink
482,2019-09-25 00:00:00+00:00,1.829500644701346,1.75001,3,chainlink
483,2019-09-26 00:00:00+00:00,1.8294979543225613,1.65534,4,chainlink
484,2019-09-27 00:00:00+00:00,1.8294980440976796,1.66692,5,chainlink
485,2019-09-28 00:00:00+00:00,1.674734624578929,1.67973,1,chainlink
486,2019-09-29 00:00:00+00:00,1.6748645104009232,1.70105,2,chainlink
487,2019-09-30 00:00:00+00:00,1.674860119349159,1.77329,3,chainlink
488,2019-10-01 00:00:00+00:00,1.6748602677917566,1.83509,4,chainlink
489,2019-10-02 00:00:00+00:00,1.6748602627735434,2.0261,5,chainlink
490,2019-10-03 00:00:00+00:00,2.0315836790228796,1.94927,1,chainlink
491,2019-10-04 00:00:00+00:00,2.037335465578554,1.97272,2,chainlink
492,2019-10-05 00:00:00+00:00,2.037166401096457,1.96325,3,chainlink
493,2019-10-06 00:00:00+00:00,2.0371713634620137,2.16693,4,chainlink
494,2019-10-07 00:00:00+00:00,2.0371712178010655,2.40398,5,chainlink
495,2019-10-08 00:00:00+00:00,2.4135294599862647,2.59411,1,chainlink
496,2019-10-09 00:00:00+00:00,2.420893160169973,2.81207,2,chainlink
497,2019-10-10 00:00:00+00:00,2.4206681656679705,2.64758,3,chainlink
498,2019-10-11 00:00:00+00:00,2.4206750298214823,2.74999,4,chainlink
499,2019-10-12 00:00:00+00:00,2.420674820399516,2.60399,5,chainlink
500,2019-10-13 00:00:00+00:00,2.6269073522663646,2.49153,1,chainlink
501,2019-10-14 00:00:00+00:00,2.622966488793838,2.53053,2,chainlink
502,2019-10-15 00:00:00+00:00,2.6230598659788082,2.39047,3,chainlink
503,2019-10-16 00:00:00+00:00,2.623057651782974,2.3807,4,chainlink
504,2019-10-17 00:00:00+00:00,2.623057704285906,2.42135,5,chainlink
505,2019-10-18 00:00:00+00:00,2.43820430836304,2.35035,1,chainlink
506,2019-10-19 00:00:00+00:00,2.438656907322741,2.35582,2,chainlink
507,2019-10-20 00:00:00+00:00,2.4386485008575987,2.43997,3,chainlink
508,2019-10-21 00:00:00+00:00,2.4386486569827923,2.63496,4,chainlink
509,2019-10-22 00:00:00+00:00,2.438648654083224,2.6,5,chainlink
510,2019-10-23 00:00:00+00:00,2.619888714201367,2.61394,1,chainlink
511,2019-10-24 00:00:00+00:00,2.6186614358473164,2.73172,2,chainlink
512,2019-10-25 00:00:00+00:00,2.6186888429524577,2.83729,3,chainlink
513,2019-10-26 00:00:00+00:00,2.618688230764255,2.73561,4,chainlink
514,2019-10-27 00:00:00+00:00,2.6186882444385353,2.67438,5,chainlink
515,2019-10-28 00:00:00+00:00,2.69490599785397,2.67066,1,chainlink
516,2019-10-29 00:00:00+00:00,2.693174880460637,2.66971,2,chainlink
517,2019-10-30 00:00:00+00:00,2.693211601841834,2.61249,3,chainlink
518,2019-10-31 00:00:00+00:00,2.6932108226381923,2.72927,4,chainlink
519,2019-11-01 00:00:00+00:00,2.69321083917227,2.71643,5,chainlink
520,2019-11-02 00:00:00+00:00,2.736519195295738,2.69877,1,chainlink
521,2019-11-03 00:00:00+00:00,2.735816799008454,2.65557,2,chainlink
522,2019-11-04 00:00:00+00:00,2.7358317187244334,2.67266,3,chainlink
523,2019-11-05 00:00:00+00:00,2.735831401771611,2.6826,4,chainlink
524,2019-11-06 00:00:00+00:00,2.735831408504904,2.75149,5,chainlink
525,2019-11-07 00:00:00+00:00,2.7715007256366437,2.6662,1,chainlink
526,2019-11-08 00:00:00+00:00,2.7718245897986673,2.70915,2,chainlink
527,2019-11-09 00:00:00+00:00,2.7718225000291805,2.80355,3,chainlink
528,2019-11-10 00:00:00+00:00,2.7718225135128627,2.774,4,chainlink
529,2019-11-11 00:00:00+00:00,2.7718225134258625,2.73998,5,chainlink
530,2019-11-12 00:00:00+00:00,2.761095549240899,2.8202,1,chainlink
531,2019-11-13 00:00:00+00:00,2.760772548988673,3.02,2,chainlink
532,2019-11-14 00:00:00+00:00,2.760774436691894,3.04341,3,chainlink
533,2019-11-15 00:00:00+00:00,2.760774425658987,3.04264,4,chainlink
534,2019-11-16 00:00:00+00:00,2.76077442572347,2.99032,5,chainlink
535,2019-11-17 00:00:00+00:00,3.012517135605147,2.92,1,chainlink
536,2019-11-18 00:00:00+00:00,3.012038907634621,2.77705,2,chainlink
537,2019-11-19 00:00:00+00:00,3.012041976147985,2.71752,3,chainlink
538,2019-11-20 00:00:00+00:00,3.01204195645754,2.69,4,chainlink
539,2019-11-21 00:00:00+00:00,3.012041956583892,2.54154,5,chainlink
540,2019-11-22 00:00:00+00:00,2.5573788122015,2.35334,1,chainlink
541,2019-11-23 00:00:00+00:00,2.558121759888909,2.4286,2,chainlink
542,2019-11-24 00:00:00+00:00,2.5581251867301695,2.22795,3,chainlink
543,2019-11-25 00:00:00+00:00,2.558125202534157,2.26151,4,chainlink
544,2019-11-26 00:00:00+00:00,2.558125202607042,2.2496,5,chainlink
545,2019-11-27 00:00:00+00:00,2.2632792989516815,2.23204,1,chainlink
546,2019-11-28 00:00:00+00:00,2.2633838047716277,2.27935,2,chainlink
547,2019-11-29 00:00:00+00:00,2.26338423020125,2.34557,3,chainlink
548,2019-11-30 00:00:00+00:00,2.2633842319330784,2.24724,4,chainlink
549,2019-12-01 00:00:00+00:00,2.2633842319401287,2.16689,5,chainlink
550,2019-12-02 00:00:00+00:00,2.179757440694145,2.0946,1,chainlink
551,2019-12-03 00:00:00+00:00,2.180303396921947,2.125,2,chainlink
552,2019-12-04 00:00:00+00:00,2.1803066273092027,2.03194,3,chainlink
553,2019-12-05 00:00:00+00:00,2.1803066464207994,2.0097,4,chainlink
554,2019-12-06 00:00:00+00:00,2.180306646533867,2.09157,5,chainlink
555,2019-12-07 00:00:00+00:00,2.104343249105703,2.04772,1,chainlink
556,2019-12-08 00:00:00+00:00,2.1035533079171325,2.05512,2,chainlink
557,2019-12-09 00:00:00+00:00,2.1035445454216104,2.09252,3,chainlink
558,2019-12-10 00:00:00+00:00,2.1035444482045733,2.26216,4,chainlink
559,2019-12-11 00:00:00+00:00,2.10354444712598,2.17519,5,chainlink
560,2019-12-12 00:00:00+00:00,2.186492182439453,2.10732,1,chainlink
561,2019-12-13 00:00:00+00:00,2.186878048944473,2.06603,2,chainlink
562,2019-12-14 00:00:00+00:00,2.1868795831183703,1.99799,3,chainlink
563,2019-12-15 00:00:00+00:00,2.186879589217583,2.07205,4,chainlink
564,2019-12-16 00:00:00+00:00,2.186879589241831,1.96866,5,chainlink
565,2019-12-17 00:00:00+00:00,1.9775724841133133,1.76467,1,chainlink
566,2019-12-18 00:00:00+00:00,1.9783259712119545,1.86045,2,chainlink
567,2019-12-19 00:00:00+00:00,1.9783311252374156,1.79888,3,chainlink
568,2019-12-20 00:00:00+00:00,1.9783311604854241,1.92076,4,chainlink
569,2019-12-21 00:00:00+00:00,1.9783311607264824,1.85939,5,chainlink
570,2019-12-22 00:00:00+00:00,1.8685967586235037,1.92502,1,chainlink
571,2019-12-23 00:00:00+00:00,1.868561052683019,1.86722,2,chainlink
572,2019-12-24 00:00:00+00:00,1.8685610709201894,1.844,3,chainlink
573,2019-12-25 00:00:00+00:00,1.8685610709108746,1.78253,4,chainlink
574,2019-12-26 00:00:00+00:00,1.8685610709108793,1.8552,5,chainlink
575,2019-12-27 00:00:00+00:00,1.8644187378862938,1.87426,1,chainlink
576,2019-12-28 00:00:00+00:00,1.864535210492307,1.87174,2,chainlink
577,2019-12-29 00:00:00+00:00,1.8645350026128584,1.90228,3,chainlink
578,2019-12-30 00:00:00+00:00,1.8645350029838688,1.81934,4,chainlink
579,2019-12-31 00:00:00+00:00,1.8645350029832064,1.75983,5,chainlink
580,2020-01-01 00:00:00+00:00,1.7689797416139426,1.80218,1,chainlink
581,2020-01-02 00:00:00+00:00,1.7688682686185258,1.73534,2,chainlink
582,2020-01-03 00:00:00+00:00,1.7688684513472217,1.80037,3,chainlink
583,2020-01-04 00:00:00+00:00,1.7688684510476798,1.82483,4,chainlink
584,2020-01-05 00:00:00+00:00,1.768868451048171,1.79825,5,chainlink
585,2020-01-06 00:00:00+00:00,1.8084255472260333,1.94178,1,chainlink
586,2020-01-07 00:00:00+00:00,1.8081819895191296,2.10878,2,chainlink
587,2020-01-08 00:00:00+00:00,1.8081836041597978,2.19301,3,chainlink
588,2020-01-09 00:00:00+00:00,1.8081835934549835,2.19646,4,chainlink
589,2020-01-10 00:00:00+00:00,1.808183593525955,2.23112,5,chainlink
590,2020-01-11 00:00:00+00:00,2.2443381395635575,2.28045,1,chainlink
591,2020-01-12 00:00:00+00:00,2.2441769240435727,2.2406,2,chainlink
592,2020-01-13 00:00:00+00:00,2.244175736277147,2.19001,3,chainlink
593,2020-01-14 00:00:00+00:00,2.244175727525882,2.38084,4,chainlink
594,2020-01-15 00:00:00+00:00,2.2441757274614043,2.39768,5,chainlink
595,2020-01-16 00:00:00+00:00,2.4109613590941295,2.48965,1,chainlink
596,2020-01-17 00:00:00+00:00,2.4109361881140297,2.68933,2,chainlink
597,2020-01-18 00:00:00+00:00,2.41093601570946,2.77,3,chainlink
598,2020-01-19 00:00:00+00:00,2.4109360145285965,2.62318,4,chainlink
599,2020-01-20 00:00:00+00:00,2.4109360145205083,2.68697,5,chainlink
600,2020-01-21 00:00:00+00:00,2.7024400258291235,2.66957,1,chainlink
601,2020-01-22 00:00:00+00:00,2.702062655918879,2.63518,2,chainlink
602,2020-01-23 00:00:00+00:00,2.7020597741363015,2.46763,3,chainlink
603,2020-01-24 00:00:00+00:00,2.702059752128053,2.49857,4,chainlink
604,2020-01-25 00:00:00+00:00,2.7020597519599754,2.445,5,chainlink
605,2020-01-26 00:00:00+00:00,2.4538905520307632,2.56999,1,chainlink
606,2020-01-27 00:00:00+00:00,2.454233092690414,2.6014,2,chainlink
607,2020-01-28 00:00:00+00:00,2.4542349824043144,2.65938,3,chainlink
608,2020-01-29 00:00:00+00:00,2.454234992828681,2.77341,4,chainlink
609,2020-01-30 00:00:00+00:00,2.4542349928861853,2.91338,5,chainlink
610,2020-01-31 00:00:00+00:00,2.9213588173459017,2.81392,1,chainlink
611,2020-02-01 00:00:00+00:00,2.922371054192513,2.83766,2,chainlink
612,2020-02-02 00:00:00+00:00,2.9223635117319002,2.82237,3,chainlink
613,2020-02-03 00:00:00+00:00,2.9223635679231563,2.77372,4,chainlink
614,2020-02-04 00:00:00+00:00,2.922363567504531,2.73476,5,chainlink
615,2020-02-05 00:00:00+00:00,2.743790647090337,2.83455,1,chainlink
616,2020-02-06 00:00:00+00:00,2.7429884969837737,2.89072,2,chainlink
617,2020-02-07 00:00:00+00:00,2.7430019417849056,3.3065,3,chainlink
618,2020-02-08 00:00:00+00:00,2.743001716404272,3.42449,4,chainlink
619,2020-02-09 00:00:00+00:00,2.7430017201824093,3.51996,5,chainlink
620,2020-02-10 00:00:00+00:00,3.5357510966447885,3.38104,1,chainlink
621,2020-02-11 00:00:00+00:00,3.537382314162623,4.03957,2,chainlink
622,2020-02-12 00:00:00+00:00,3.537349624013418,4.00561,3,chainlink
623,2020-02-13 00:00:00+00:00,3.537350278984031,3.87592,4,chainlink
624,2020-02-14 00:00:00+00:00,3.537350265861164,4.44314,5,chainlink
625,2020-02-15 00:00:00+00:00,4.441462497474154,4.32006,1,chainlink
626,2020-02-16 00:00:00+00:00,4.467728214299834,4.47283,2,chainlink
627,2020-02-17 00:00:00+00:00,4.466594208202876,4.30344,3,chainlink
628,2020-02-18 00:00:00+00:00,4.466643024422945,4.5576,4,chainlink
629,2020-02-19 00:00:00+00:00,4.466640922736469,4.39613,5,chainlink
630,2020-02-20 00:00:00+00:00,4.429930030756678,4.27225,1,chainlink
631,2020-02-21 00:00:00+00:00,4.418669197707329,4.28217,2,chainlink
632,2020-02-22 00:00:00+00:00,4.419323817695509,4.11866,3,chainlink
633,2020-02-23 00:00:00+00:00,4.419285714716023,4.25489,4,chainlink
634,2020-02-24 00:00:00+00:00,4.419287932384144,3.91998,5,chainlink
635,2020-02-25 00:00:00+00:00,3.922378320242557,3.48937,1,chainlink
636,2020-02-26 00:00:00+00:00,3.9304027106831807,3.56334,2,chainlink
637,2020-02-27 00:00:00+00:00,3.9306014743521778,3.95128,3,chainlink
638,2020-02-28 00:00:00+00:00,3.930606392691858,4.18,4,chainlink
639,2020-02-29 00:00:00+00:00,3.9306065143914326,4.05864,5,chainlink
640,2020-03-01 00:00:00+00:00,4.065604981416723,3.86335,1,chainlink
641,2020-03-02 00:00:00+00:00,4.071174755574861,4.2349,2,chainlink
642,2020-03-03 00:00:00+00:00,4.07141950169956,4.59851,3,chainlink
643,2020-03-04 00:00:00+00:00,4.071430248950425,4.64436,4,chainlink
644,2020-03-05 00:00:00+00:00,4.071430720867749,4.72299,5,chainlink
645,2020-03-06 00:00:00+00:00,4.739319301229916,4.70278,1,chainlink
646,2020-03-07 00:00:00+00:00,4.736711225777992,4.3622,2,chainlink
647,2020-03-08 00:00:00+00:00,4.736603614040417,4.04972,3,chainlink
648,2020-03-09 00:00:00+00:00,4.736599172654937,4.14276,4,chainlink
649,2020-03-10 00:00:00+00:00,4.736598989346599,4.07643,5,chainlink
650,2020-03-11 00:00:00+00:00,4.077692690542125,3.82519,1,chainlink
651,2020-03-12 00:00:00+00:00,4.0778332467605205,2.13985,2,chainlink
652,2020-03-13 00:00:00+00:00,4.0778335412779185,2.46196,3,chainlink
653,2020-03-14 00:00:00+00:00,4.077833541895031,2.14352,4,chainlink
654,2020-03-15 00:00:00+00:00,4.077833541896324,2.08094,5,chainlink
655,2020-03-16 00:00:00+00:00,2.0804713464030407,1.79,1,chainlink
656,2020-03-17 00:00:00+00:00,2.0769209452925494,1.85287,2,chainlink
657,2020-03-18 00:00:00+00:00,2.077127009441531,1.95934,3,chainlink
658,2020-03-19 00:00:00+00:00,2.077115039358957,2.2486,4,chainlink
659,2020-03-20 00:00:00+00:00,2.0771157346559996,2.26316,5,chainlink
660,2020-03-21 00:00:00+00:00,2.259602860424349,2.27988,1,chainlink
661,2020-03-22 00:00:00+00:00,2.2601087259561097,2.0,2,chainlink
662,2020-03-23 00:00:00+00:00,2.260094617830087,2.25837,3,chainlink
663,2020-03-24 00:00:00+00:00,2.26009501124879,2.318,4,chainlink
664,2020-03-25 00:00:00+00:00,2.260095000277896,2.26353,5,chainlink
665,2020-03-26 00:00:00+00:00,2.265230388849961,2.32637,1,chainlink
666,2020-03-27 00:00:00+00:00,2.2628331147182634,2.14539,2,chainlink
667,2020-03-28 00:00:00+00:00,2.2629365415000264,2.14272,3,chainlink
668,2020-03-29 00:00:00+00:00,2.2629320769484735,2.00896,4,chainlink
669,2020-03-30 00:00:00+00:00,2.2629322696622522,2.14101,5,chainlink
670,2020-03-31 00:00:00+00:00,2.133098744809305,2.26565,1,chainlink
671,2020-04-01 00:00:00+00:00,2.1403693420397953,2.27833,2,chainlink
672,2020-04-02 00:00:00+00:00,2.1400014896537325,2.298,3,chainlink
673,2020-04-03 00:00:00+00:00,2.1400200694214915,2.30047,4,chainlink
674,2020-04-04 00:00:00+00:00,2.1400191309000194,2.31964,5,chainlink
675,2020-04-05 00:00:00+00:00,2.3191126557867414,2.26721,1,chainlink
676,2020-04-06 00:00:00+00:00,2.3199888068678907,2.5654,2,chainlink
677,2020-04-07 00:00:00+00:00,2.3199499836554924,2.72925,3,chainlink
678,2020-04-08 00:00:00+00:00,2.319951703630262,3.17001,4,chainlink
679,2020-04-09 00:00:00+00:00,2.319951627430027,3.3101,5,chainlink
680,2020-04-10 00:00:00+00:00,3.3130714201990163,3.22601,1,chainlink
681,2020-04-11 00:00:00+00:00,3.3156899230705523,3.30268,2,chainlink
682,2020-04-12 00:00:00+00:00,3.315641051553481,3.42432,3,chainlink
683,2020-04-13 00:00:00+00:00,3.3156419633272676,3.3831,4,chainlink
684,2020-04-14 00:00:00+00:00,3.315641946316591,3.25,5,chainlink
685,2020-04-15 00:00:00+00:00,3.2560742020968005,3.12482,1,chainlink
686,2020-04-16 00:00:00+00:00,3.2535393138025483,3.486,2,chainlink
687,2020-04-17 00:00:00+00:00,3.253586295494434,3.45138,3,chainlink
688,2020-04-18 00:00:00+00:00,3.2535854243953666,3.78648,4,chainlink
689,2020-04-19 00:00:00+00:00,3.2535854405465114,3.6,5,chainlink
690,2020-04-20 00:00:00+00:00,3.6115279079727145,3.44376,1,chainlink
691,2020-04-21 00:00:00+00:00,3.605594116669119,3.46809,2,chainlink
692,2020-04-22 00:00:00+00:00,3.6057756722500547,3.68,3,chainlink
693,2020-04-23 00:00:00+00:00,3.605770112647797,3.75699,4,chainlink
694,2020-04-24 00:00:00+00:00,3.6057702828898774,3.78101,5,chainlink
695,2020-04-25 00:00:00+00:00,3.788122442826832,3.79071,1,chainlink
696,2020-04-26 00:00:00+00:00,3.788430574388094,3.72254,2,chainlink
697,2020-04-27 00:00:00+00:00,3.7884249968762616,3.64499,3,chainlink
698,2020-04-28 00:00:00+00:00,3.7884250978311047,3.65032,4,chainlink
699,2020-04-29 00:00:00+00:00,3.788425096003787,3.88211,5,chainlink
700,2020-04-30 00:00:00+00:00,3.885402024208804,3.712,1,chainlink
701,2020-05-01 00:00:00+00:00,3.8909243106783085,3.75887,2,chainlink
702,2020-05-02 00:00:00+00:00,3.8907950432860163,3.82338,3,chainlink
703,2020-05-03 00:00:00+00:00,3.890798067070532,3.71734,4,chainlink
704,2020-05-04 00:00:00+00:00,3.8907979963378874,3.75681,5,chainlink
705,2020-05-05 00:00:00+00:00,3.764743324541915,3.68989,1,chainlink
706,2020-05-06 00:00:00+00:00,3.765650974026703,3.58798,2,chainlink
707,2020-05-07 00:00:00+00:00,3.7656250846033976,3.76444,3,chainlink
708,2020-05-08 00:00:00+00:00,3.765625822973809,3.80523,4,chainlink
709,2020-05-09 00:00:00+00:00,3.7656258019152964,4.00952,5,chainlink
710,2020-05-10 00:00:00+00:00,4.0156106921094725,3.76891,1,chainlink
711,2020-05-11 00:00:00+00:00,4.022661645761197,3.57994,2,chainlink
712,2020-05-12 00:00:00+00:00,4.02241782978275,3.69802,3,chainlink
713,2020-05-13 00:00:00+00:00,4.02242625334959,3.76902,4,chainlink
714,2020-05-14 00:00:00+00:00,4.022425962316054,3.80605,5,chainlink
715,2020-05-15 00:00:00+00:00,3.816549477190289,3.65902,1,chainlink
716,2020-05-16 00:00:00+00:00,3.8174767148498305,3.76088,2,chainlink
717,2020-05-17 00:00:00+00:00,3.8174446340508736,3.785,3,chainlink
718,2020-05-18 00:00:00+00:00,3.8174457438556857,3.8876,4,chainlink
719,2020-05-19 00:00:00+00:00,3.817445705462879,3.94978,5,chainlink
720,2020-05-20 00:00:00+00:00,3.9603856703345084,4.08809,1,chainlink
721,2020-05-21 00:00:00+00:00,3.96217427426408,3.82925,2,chainlink
722,2020-05-22 00:00:00+00:00,3.9621130162478284,4.06109,3,chainlink
723,2020-05-23 00:00:00+00:00,3.9621151138047197,3.9285,4,chainlink
724,2020-05-24 00:00:00+00:00,3.9621150419809954,3.79193,5,chainlink
725,2020-05-25 00:00:00+00:00,3.811173775027569,3.85883,1,chainlink
726,2020-05-26 00:00:00+00:00,3.8045709784956285,3.84488,2,chainlink
727,2020-05-27 00:00:00+00:00,3.8048538258320113,3.85712,3,chainlink
728,2020-05-28 00:00:00+00:00,3.8048416988658844,4.04707,4,chainlink
729,2020-05-29 00:00:00+00:00,3.804842218785404,3.98242,5,chainlink
730,2020-05-30 00:00:00+00:00,3.9984907215372916,4.1759,1,chainlink
731,2020-05-31 00:00:00+00:00,3.994625208713001,4.1317,2,chainlink
732,2020-06-01 00:00:00+00:00,3.994810846988771,4.37999,3,chainlink
733,2020-06-02 00:00:00+00:00,3.9948019275507374,4.40603,4,chainlink
734,2020-06-03 00:00:00+00:00,3.9948023560966837,4.48182,5,chainlink
735,2020-06-04 00:00:00+00:00,4.495660219331075,4.43229,1,chainlink
736,2020-06-05 00:00:00+00:00,4.498760888673049,4.35563,2,chainlink
737,2020-06-06 00:00:00+00:00,4.498607830480206,4.35253,3,chainlink
738,2020-06-07 00:00:00+00:00,4.498615383286824,4.35298,4,chainlink
739,2020-06-08 00:00:00+00:00,4.498615010579849,4.48397,5,chainlink
740,2020-06-09 00:00:00+00:00,4.494536309213384,4.44294,1,chainlink
741,2020-06-10 00:00:00+00:00,4.500758597450924,4.426,2,chainlink
742,2020-06-11 00:00:00+00:00,4.50044300571614,3.9544,3,chainlink
743,2020-06-12 00:00:00+00:00,4.50045900135201,4.07999,4,chainlink
744,2020-06-13 00:00:00+00:00,4.5004581905915035,4.10722,5,chainlink
745,2020-06-14 00:00:00+00:00,4.11839767297564,3.93138,1,chainlink
746,2020-06-15 00:00:00+00:00,4.11922943896925,3.94787,2,chainlink
747,2020-06-16 00:00:00+00:00,4.119186739010913,4.04969,3,chainlink
748,2020-06-17 00:00:00+00:00,4.119188930856761,4.16341,4,chainlink
749,2020-06-18 00:00:00+00:00,4.119188818345807,4.13984,5,chainlink
750,2020-06-19 00:00:00+00:00,4.149305151215251,4.09639,1,chainlink
751,2020-06-20 00:00:00+00:00,4.14701013617647,4.17346,2,chainlink
752,2020-06-21 00:00:00+00:00,4.147169589392714,4.17802,3,chainlink
753,2020-06-22 00:00:00+00:00,4.147158507840531,4.48199,4,chainlink
754,2020-06-23 00:00:00+00:00,4.147159277962654,4.80272,5,chainlink
755,2020-06-24 00:00:00+00:00,4.7953441678256405,4.70667,1,chainlink
756,2020-06-25 00:00:00+00:00,4.8173028006546526,4.81042,2,chainlink
757,2020-06-26 00:00:00+00:00,4.815879816443666,4.67598,3,chainlink
758,2020-06-27 00:00:00+00:00,4.8159718205703115,4.40293,4,chainlink
759,2020-06-28 00:00:00+00:00,4.815965871098395,4.56001,5,chainlink
760,2020-06-29 00:00:00+00:00,4.56089521177525,4.61849,1,chainlink
761,2020-06-30 00:00:00+00:00,4.571930001288775,4.56637,2,chainlink
762,2020-07-01 00:00:00+00:00,4.571164214200145,4.71,3,chainlink
763,2020-07-02 00:00:00+00:00,4.571217294077783,4.7972,4,chainlink
764,2020-07-03 00:00:00+00:00,4.571213614584735,4.72449,5,chainlink
765,2020-07-04 00:00:00+00:00,4.739741432602154,4.82,1,chainlink
766,2020-07-05 00:00:00+00:00,4.733742457309326,4.75004,2,chainlink
767,2020-07-06 00:00:00+00:00,4.734152988404646,5.36366,3,chainlink
768,2020-07-07 00:00:00+00:00,4.73412487659561,5.72489,4,chainlink
769,2020-07-08 00:00:00+00:00,4.734126801516064,6.5049,5,chainlink
770,2020-07-09 00:00:00+00:00,6.484421293979042,6.08267,1,chainlink
771,2020-07-10 00:00:00+00:00,6.530660536598609,6.14606,2,chainlink
772,2020-07-11 00:00:00+00:00,6.528141857402145,6.09801,3,chainlink
773,2020-07-12 00:00:00+00:00,6.528278566529319,7.36619,4,chainlink
774,2020-07-13 00:00:00+00:00,6.528271144790188,7.16009,5,chainlink
775,2020-07-14 00:00:00+00:00,7.204135569417876,8.1415,1,chainlink
776,2020-07-15 00:00:00+00:00,7.187113045486317,8.63676,2,chainlink
777,2020-07-16 00:00:00+00:00,7.188278637507567,8.34006,3,chainlink
778,2020-07-17 00:00:00+00:00,7.188198731291479,8.26016,4,chainlink
779,2020-07-18 00:00:00+00:00,7.188204208755292,7.97107,5,chainlink
780,2020-07-19 00:00:00+00:00,8.024828249014073,8.08745,1,chainlink
781,2020-07-20 00:00:00+00:00,8.002975529196258,7.23875,2,chainlink
782,2020-07-21 00:00:00+00:00,8.004380906783787,7.32641,3,chainlink
783,2020-07-22 00:00:00+00:00,8.004290402245774,7.48527,4,chainlink
784,2020-07-23 00:00:00+00:00,8.004296230113926,7.91333,5,chainlink
785,2020-07-24 00:00:00+00:00,7.915836153081993,7.44453,1,chainlink
786,2020-07-25 00:00:00+00:00,7.945137970623359,7.67662,2,chainlink
787,2020-07-26 00:00:00+00:00,7.943176630881533,7.50763,3,chainlink
788,2020-07-27 00:00:00+00:00,7.943307673511525,7.118,4,chainlink
789,2020-07-28 00:00:00+00:00,7.943298917108419,7.25,5,chainlink
790,2020-07-29 00:00:00+00:00,7.270376781270203,7.10001,1,chainlink
791,2020-07-30 00:00:00+00:00,7.278879625724569,7.42475,2,chainlink
792,2020-07-31 00:00:00+00:00,7.278240893708302,7.81,3,chainlink
793,2020-08-01 00:00:00+00:00,7.2782888472603915,8.32167,4,chainlink
794,2020-08-02 00:00:00+00:00,7.278285246934383,8.28562,5,chainlink
795,2020-08-03 00:00:00+00:00,8.334779023531581,9.27544,1,chainlink
796,2020-08-04 00:00:00+00:00,8.328485959311996,9.8588,2,chainlink
797,2020-08-05 00:00:00+00:00,8.328949216456596,9.53253,3,chainlink
798,2020-08-06 00:00:00+00:00,8.328915101468418,10.24,4,chainlink
799,2020-08-07 00:00:00+00:00,8.328917613680568,10.14997,5,chainlink
800,2020-08-08 00:00:00+00:00,10.22015278385202,12.72968,1,chainlink
801,2020-08-09 00:00:00+00:00,10.20853607060196,13.83327,2,chainlink
802,2020-08-10 00:00:00+00:00,10.20937597282483,13.49,3,chainlink
803,2020-08-11 00:00:00+00:00,10.209315212528512,12.96823,4,chainlink
804,2020-08-12 00:00:00+00:00,10.209319607876497,16.49102,5,chainlink
805,2020-08-13 00:00:00+00:00,16.354682762383653,17.20913,1,chainlink
806,2020-08-14 00:00:00+00:00,16.647324391476054,16.97992,2,chainlink
807,2020-08-15 00:00:00+00:00,16.626276124941644,19.22214,3,chainlink
808,2020-08-16 00:00:00+00:00,16.627776744616735,18.82425,4,chainlink
809,2020-08-17 00:00:00+00:00,16.62766969175153,16.85393,5,chainlink
810,2020-08-18 00:00:00+00:00,17.121273439500072,16.20617,1,chainlink
811,2020-08-19 00:00:00+00:00,16.98630267253454,16.18832,2,chainlink
812,2020-08-20 00:00:00+00:00,16.99472914106615,16.05069,3,chainlink
813,2020-08-21 00:00:00+00:00,16.99420098232811,13.82669,4,chainlink
814,2020-08-22 00:00:00+00:00,16.994234078370805,15.79706,5,chainlink
815,2020-08-23 00:00:00+00:00,15.788472824463222,15.14877,1,chainlink
816,2020-08-24 00:00:00+00:00,15.93624141960121,15.13262,2,chainlink
817,2020-08-25 00:00:00+00:00,15.925905912293358,14.13544,3,chainlink
818,2020-08-26 00:00:00+00:00,15.926625477126692,15.20469,4,chainlink
819,2020-08-27 00:00:00+00:00,15.926575364373464,14.52804,5,chainlink
820,2020-08-28 00:00:00+00:00,14.709908598405207,15.11729,1,chainlink
821,2020-08-29 00:00:00+00:00,14.64426101233532,16.37,2,chainlink
822,2020-08-30 00:00:00+00:00,14.649316262470812,16.47496,3,chainlink
823,2020-08-31 00:00:00+00:00,14.648926111790267,15.58995,4,chainlink
824,2020-09-01 00:00:00+00:00,14.648956217411229,16.09042,5,chainlink
825,2020-09-02 00:00:00+00:00,16.201362980655606,14.7792,1,chainlink
826,2020-09-03 00:00:00+00:00,16.231536962878298,12.07681,2,chainlink
827,2020-09-04 00:00:00+00:00,16.229264355451246,12.44729,3,chainlink
828,2020-09-05 00:00:00+00:00,16.229435362698748,10.61184,4,chainlink
829,2020-09-06 00:00:00+00:00,16.22942249399375,12.81,5,chainlink
830,2020-09-07 00:00:00+00:00,12.708169845425546,12.49471,1,chainlink
831,2020-09-08 00:00:00+00:00,12.923983648857766,11.73339,2,chainlink
832,2020-09-09 00:00:00+00:00,12.905321099261096,12.3383,3,chainlink
833,2020-09-10 00:00:00+00:00,12.906921534186402,12.50359,4,chainlink
834,2020-09-11 00:00:00+00:00,12.906784188006545,12.44007,5,chainlink
835,2020-09-12 00:00:00+00:00,12.549980767355313,12.72281,1,chainlink
836,2020-09-13 00:00:00+00:00,12.534644370813893,12.07006,2,chainlink
837,2020-09-14 00:00:00+00:00,12.535993768842124,12.13,3,chainlink
838,2020-09-15 00:00:00+00:00,12.535874967785391,10.94929,4,chainlink
839,2020-09-16 00:00:00+00:00,12.535885426476634,10.73319,5,chainlink
840,2020-09-17 00:00:00+00:00,10.826852722760078,11.00975,1,chainlink
841,2020-09-18 00:00:00+00:00,10.798828622729712,10.08965,2,chainlink
842,2020-09-19 00:00:00+00:00,10.801363200966408,10.12334,3,chainlink
843,2020-09-20 00:00:00+00:00,10.801133671723802,9.73776,4,chainlink
844,2020-09-21 00:00:00+00:00,10.801154455277327,8.70935,5,chainlink
845,2020-09-22 00:00:00+00:00,8.846365175875855,8.74959,1,chainlink
846,2020-09-23 00:00:00+00:00,8.749645883612562,7.64053,2,chainlink
847,2020-09-24 00:00:00+00:00,8.757961531879667,9.87988,3,chainlink
848,2020-09-25 00:00:00+00:00,8.757242661422978,10.73843,4,chainlink
849,2020-09-26 00:00:00+00:00,8.757304776987745,10.31709,5,chainlink
850,2020-09-27 00:00:00+00:00,10.416726858849282,10.79004,1,chainlink
851,2020-09-28 00:00:00+00:00,10.36709915797468,10.27198,2,chainlink
852,2020-09-29 00:00:00+00:00,10.371863460211397,10.14212,3,chainlink
853,2020-09-30 00:00:00+00:00,10.371404999344461,9.89,4,chainlink
854,2020-10-01 00:00:00+00:00,10.371449106230372,9.63898,5,chainlink
855,2020-10-02 00:00:00+00:00,9.72058779796831,9.219,1,chainlink
856,2020-10-03 00:00:00+00:00,9.688489834390221,9.27283,2,chainlink
857,2020-10-04 00:00:00+00:00,9.69159491291969,9.3942,3,chainlink
858,2020-10-05 00:00:00+00:00,9.691294042584982,9.62573,4,chainlink
859,2020-10-06 00:00:00+00:00,9.691323191152888,8.77317,5,chainlink
860,2020-10-07 00:00:00+00:00,8.898623195513801,8.97632,1,chainlink
861,2020-10-08 00:00:00+00:00,8.806954581001841,9.56629,2,chainlink
862,2020-10-09 00:00:00+00:00,8.815789298221668,10.40312,3,chainlink
863,2020-10-10 00:00:00+00:00,8.814933455440917,10.52,4,chainlink
864,2020-10-11 00:00:00+00:00,8.815016322068859,10.85521,5,chainlink
865,2020-10-12 00:00:00+00:00,10.887116785788225,11.4357,1,chainlink
866,2020-10-13 00:00:00+00:00,10.915814732975889,11.01606,2,chainlink
867,2020-10-14 00:00:00+00:00,10.91315444282807,10.90942,3,chainlink
868,2020-10-15 00:00:00+00:00,10.913400729305195,10.75079,4,chainlink
869,2020-10-16 00:00:00+00:00,10.913377925642843,10.59021,5,chainlink
870,2020-10-17 00:00:00+00:00,10.659593089508073,10.6378,1,chainlink
871,2020-10-18 00:00:00+00:00,10.637217470912383,10.94729,2,chainlink
872,2020-10-19 00:00:00+00:00,10.639394239269912,10.91092,3,chainlink
873,2020-10-20 00:00:00+00:00,10.639182256078184,9.87542,4,chainlink
874,2020-10-21 00:00:00+00:00,10.639202897833618,10.81,5,chainlink
875,2020-10-22 00:00:00+00:00,10.760941208465256,11.98018,1,chainlink
876,2020-10-23 00:00:00+00:00,10.861485825847225,12.17661,2,chainlink
877,2020-10-24 00:00:00+00:00,10.85159861745781,12.72339,3,chainlink
878,2020-10-25 00:00:00+00:00,10.852566427134262,12.16347,4,chainlink
879,2020-10-26 00:00:00+00:00,10.85247165031933,11.74203,5,chainlink
880,2020-10-27 00:00:00+00:00,11.826387117978399,11.9549,1,chainlink
881,2020-10-28 00:00:00+00:00,11.785807389939523,11.46,2,chainlink
882,2020-10-29 00:00:00+00:00,11.789090196412179,11.27365,3,chainlink
883,2020-10-30 00:00:00+00:00,11.788824171004972,11.09075,4,chainlink
884,2020-10-31 00:00:00+00:00,11.78884572565,11.24327,5,chainlink
885,2020-11-01 00:00:00+00:00,11.279328411263675,11.57397,1,chainlink
886,2020-11-02 00:00:00+00:00,11.288732761914789,10.77409,2,chainlink
887,2020-11-03 00:00:00+00:00,11.28798290046083,10.3925,3,chainlink
888,2020-11-04 00:00:00+00:00,11.288042666356496,10.49168,4,chainlink
889,2020-11-05 00:00:00+00:00,11.288037902702952,11.00472,5,chainlink
890,2020-11-06 00:00:00+00:00,11.006048435167461,12.19186,1,chainlink
891,2020-11-07 00:00:00+00:00,11.053065950337233,11.79974,2,chainlink
892,2020-11-08 00:00:00+00:00,11.04884892819348,12.71617,3,chainlink
893,2020-11-09 00:00:00+00:00,11.049226356232007,12.52851,4,chainlink
894,2020-11-10 00:00:00+00:00,11.049192569620342,13.02569,5,chainlink
895,2020-11-11 00:00:00+00:00,13.036589691363837,12.77217,1,chainlink
896,2020-11-12 00:00:00+00:00,13.083485734431134,12.42429,2,chainlink
897,2020-11-13 00:00:00+00:00,13.079056442734455,12.8908,3,chainlink
898,2020-11-14 00:00:00+00:00,13.079474042064025,12.55617,4,chainlink
899,2020-11-15 00:00:00+00:00,13.079434663653961,12.13003,5,chainlink
900,2020-11-16 00:00:00+00:00,12.2302835557437,12.62724,1,chainlink
901,2020-11-17 00:00:00+00:00,12.178349139624236,13.4,2,chainlink
902,2020-11-18 00:00:00+00:00,12.183507819256505,13.58127,3,chainlink
903,2020-11-19 00:00:00+00:00,12.182994323233807,13.63211,4,chainlink
904,2020-11-20 00:00:00+00:00,12.183045426017928,14.1144,5,chainlink
905,2020-11-21 00:00:00+00:00,14.181398393127871,15.46892,1,chainlink
906,2020-11-22 00:00:00+00:00,14.215577140002596,14.52029,2,chainlink
907,2020-11-23 00:00:00+00:00,14.212834506213175,15.28505,3,chainlink
908,2020-11-24 00:00:00+00:00,14.213054322694294,15.66945,4,chainlink
909,2020-11-25 00:00:00+00:00,14.213036703164661,14.22,5,chainlink
910,2020-11-26 00:00:00+00:00,14.493170688340927,12.62545,1,chainlink
911,2020-11-27 00:00:00+00:00,14.315107468998216,12.49519,2,chainlink
912,2020-11-28 00:00:00+00:00,14.333964111441274,13.10024,3,chainlink
913,2020-11-29 00:00:00+00:00,14.331954966943407,13.39454,4,chainlink
914,2020-11-30 00:00:00+00:00,14.332168898770652,14.26859,5,chainlink
915,2020-12-01 00:00:00+00:00,14.312753013299778,13.35351,1,chainlink
916,2020-12-02 00:00:00+00:00,14.377595197257541,13.98656,2,chainlink
917,2020-12-03 00:00:00+00:00,14.372710067746636,13.9959,3,chainlink
918,2020-12-04 00:00:00+00:00,14.37307728147234,12.66923,4,chainlink
919,2020-12-05 00:00:00+00:00,14.37304967346204,13.18144,5,chainlink
920,2020-12-06 00:00:00+00:00,13.241123791659836,13.52444,1,chainlink
921,2020-12-07 00:00:00+00:00,13.279965536541507,13.06895,2,chainlink
922,2020-12-08 00:00:00+00:00,13.276721279412968,12.12374,3,chainlink
923,2020-12-09 00:00:00+00:00,13.276991862303095,12.62725,4,chainlink
924,2020-12-10 00:00:00+00:00,13.276969291964116,11.89491,5,chainlink
925,2020-12-11 00:00:00+00:00,12.039442720689692,11.65071,1,chainlink
926,2020-12-12 00:00:00+00:00,11.967504716726625,12.2312,2,chainlink
927,2020-12-13 00:00:00+00:00,11.97349085892321,12.93759,3,chainlink
928,2020-12-14 00:00:00+00:00,11.972991251775186,12.85276,4,chainlink
929,2020-12-15 00:00:00+00:00,11.973032938946623,12.67646,5,chainlink
930,2020-12-16 00:00:00+00:00,12.777578702876228,13.51078,1,chainlink
931,2020-12-17 00:00:00+00:00,12.7510996632405,13.46155,2,chainlink
932,2020-12-18 00:00:00+00:00,12.753621970453967,13.52018,3,chainlink
933,2020-12-19 00:00:00+00:00,12.75338145655556,13.4925,4,chainlink
934,2020-12-20 00:00:00+00:00,12.753404388443707,13.07,5,chainlink
935,2020-12-21 00:00:00+00:00,13.189213592419735,12.30765,1,chainlink
936,2020-12-22 00:00:00+00:00,13.134955166614274,12.80274,2,chainlink
937,2020-12-23 00:00:00+00:00,13.14041453886763,10.98005,3,chainlink
938,2020-12-24 00:00:00+00:00,13.139864105712785,11.56926,4,chainlink
939,2020-12-25 00:00:00+00:00,13.139919590911642,11.56168,5,chainlink
940,2020-12-26 00:00:00+00:00,11.623736820938047,10.96718,1,chainlink
941,2020-12-27 00:00:00+00:00,11.616165714510053,12.14707,2,chainlink
942,2020-12-28 00:00:00+00:00,11.616986485485649,12.5983,3,chainlink
943,2020-12-29 00:00:00+00:00,11.616897478425253,11.77536,4,chainlink
944,2020-12-30 00:00:00+00:00,11.616907130301914,11.255,5,chainlink
945,2020-12-31 00:00:00+00:00,11.365329120001965,11.25489,1,chainlink
946,2021-01-01 00:00:00+00:00,11.298774566361509,11.88126,2,chainlink
947,2021-01-02 00:00:00+00:00,11.305869161619228,12.23513,3,chainlink
948,2021-01-03 00:00:00+00:00,11.305110690843602,13.70702,4,chainlink
949,2021-01-04 00:00:00+00:00,11.305191752474569,13.60876,5,chainlink
950,2021-01-05 00:00:00+00:00,13.697731862293432,14.56596,1,chainlink
951,2021-01-06 00:00:00+00:00,13.678358333745383,17.27249,2,chainlink
952,2021-01-07 00:00:00+00:00,13.680356963720277,15.99469,3,chainlink
953,2021-01-08 00:00:00+00:00,13.680150634770161,15.24595,4,chainlink
954,2021-01-09 00:00:00+00:00,13.68017193363964,17.62978,5,chainlink
955,2021-01-10 00:00:00+00:00,17.4834197939288,16.21958,1,chainlink
956,2021-01-11 00:00:00+00:00,17.762638001020857,14.66602,2,chainlink
957,2021-01-12 00:00:00+00:00,17.733633085469123,13.95404,3,chainlink
958,2021-01-13 00:00:00+00:00,17.736622595305455,15.94516,4,chainlink
959,2021-01-14 00:00:00+00:00,17.73631422005643,17.97239,5,chainlink
960,2021-01-15 00:00:00+00:00,17.90527793682979,20.76328,1,chainlink
961,2021-01-16 00:00:00+00:00,18.09918637165583,20.12,2,chainlink
962,2021-01-17 00:00:00+00:00,18.082180080682637,23.26742,3,chainlink
963,2021-01-18 00:00:00+00:00,18.08366363482391,22.03632,4,chainlink
964,2021-01-19 00:00:00+00:00,18.08353415568964,20.5531,5,chainlink
965,2021-01-20 00:00:00+00:00,20.82466089640313,21.8575,1,chainlink
966,2021-01-21 00:00:00+00:00,20.683137759460195,18.41354,2,chainlink
967,2021-01-22 00:00:00+00:00,20.694755819363156,21.56518,3,chainlink
968,2021-01-23 00:00:00+00:00,20.693798820721472,24.83174,4,chainlink
969,2021-01-24 00:00:00+00:00,20.693877628289034,24.83438,5,chainlink
970,2021-01-25 00:00:00+00:00,25.037710892354575,23.3881,1,chainlink
971,2021-01-26 00:00:00+00:00,25.018725739449295,23.13576,2,chainlink
972,2021-01-27 00:00:00+00:00,25.020514574328953,20.9969,3,chainlink
973,2021-01-28 00:00:00+00:00,25.02034596186555,23.07837,4,chainlink
974,2021-01-29 00:00:00+00:00,25.02036185441989,22.77436,5,chainlink
975,2021-01-30 00:00:00+00:00,22.97420603015508,23.68064,1,chainlink
976,2021-01-31 00:00:00+00:00,22.927179527490175,22.57316,2,chainlink
977,2021-02-01 00:00:00+00:00,22.931555936731932,22.89959,3,chainlink
978,2021-02-02 00:00:00+00:00,22.93114824272711,23.67457,4,chainlink
979,2021-02-03 00:00:00+00:00,22.931186218763802,25.1273,5,chainlink
980,2021-02-04 00:00:00+00:00,25.18902989864245,24.52854,1,chainlink
981,2021-02-05 00:00:00+00:00,25.32595247800306,26.3425,2,chainlink
982,2021-02-06 00:00:00+00:00,25.312921061035112,25.08035,3,chainlink
983,2021-02-07 00:00:00+00:00,25.3141579826268,24.75,4,chainlink
984,2021-02-08 00:00:00+00:00,25.314040546029595,25.46183,5,chainlink
985,2021-02-09 00:00:00+00:00,25.587041751088467,27.65837,1,chainlink
986,2021-02-10 00:00:00+00:00,25.64526138018663,26.84211,2,chainlink
987,2021-02-11 00:00:00+00:00,25.63961280467437,27.87634,3,chainlink
988,2021-02-12 00:00:00+00:00,25.640160223395092,30.72099,4,chainlink
989,2021-02-13 00:00:00+00:00,25.6401071657785,34.25468,5,chainlink
990,2021-02-14 00:00:00+00:00,34.229233044708984,33.19261,1,chainlink
991,2021-02-15 00:00:00+00:00,34.56240584555798,32.58241,2,chainlink
992,2021-02-16 00:00:00+00:00,34.53283511765924,31.95171,3,chainlink
993,2021-02-17 00:00:00+00:00,34.53544709368831,32.25796,4,chainlink
994,2021-02-18 00:00:00+00:00,34.53521628041188,32.48306,5,chainlink
995,2021-02-19 00:00:00+00:00,32.75949103785147,34.71995,1,chainlink
996,2021-02-20 00:00:00+00:00,32.755057601384216,33.97,2,chainlink
997,2021-02-21 00:00:00+00:00,32.75545230480096,34.14866,3,chainlink
998,2021-02-22 00:00:00+00:00,32.75541716248016,31.48001,4,chainlink
999,2021-02-23 00:00:00+00:00,32.75542029134927,25.9483,5,chainlink
