,asofdate,aic,bic,hqic,mae,mse,forecastHorizon,diff,trainDFLength,num_models,order_p,order_q,time,product_name,acf_0,acf_1,acf_2,acf_3,acf_4,pacf_0,pacf_1,pacf_2,pacf_3,pacf_4
0,2019-05-01 00:00:00-04:00,-1505.8831588296991,-1491.7654424796535,-1500.2024822612457,0.009578818377176739,0.00014404649455430611,5,True,252,907,1,0,0 days 00:00:00.188051,EEM,1.0,-0.06168812402049139,-0.02304397356018596,-0.02569526200537257,-0.001205843830487602,1.0,-0.06193389343889971,-0.02716834503749355,-0.02929911948434167,-0.005418710010684907
1,2019-05-08 00:00:00-04:00,-1500.678998264265,-1486.5612819142193,-1494.9983216958115,0.00971439585962993,0.00014705273065849058,5,True,252,907,1,0,0 days 00:00:00.145583,EEM,1.0,-0.054768259789340176,-0.03195375274262256,-0.020259333277745293,0.0017111928307669902,1.0,-0.05498646002754471,-0.03533974364702829,-0.02438438645831481,-0.0019795461268014166
2,2019-05-15 00:00:00-04:00,-1492.6674773711122,-1478.5497610210666,-1486.9868008026588,0.009884134487004996,0.00015181071965079832,5,True,252,907,1,0,0 days 00:00:00.146171,EEM,1.0,-0.0723743464068436,-0.014816869442627991,-0.006491333542098932,0.0015638851685177342,1.0,-0.07266269041643265,-0.02032257144247273,-0.00920592485699699,0.00011885779256450242
3,2019-05-22 00:00:00-04:00,-1495.3429294082946,-1481.225213058249,-1489.6622528398411,0.009801051900390111,0.00015019952289390163,5,True,252,907,1,0,0 days 00:00:00.157072,EEM,1.0,-0.06064433073897861,-0.024403915908960783,-0.013626226380139701,0.016460935721266817,1.0,-0.060885941618416775,-0.02841156959258999,-0.017137872875874167,0.01415546845331626
4,2019-05-30 00:00:00-04:00,-1497.3498105517344,-1483.2320942016888,-1491.669133983281,0.009782232556256737,0.00014900946567653837,5,True,252,907,1,0,0 days 00:00:00.151594,EEM,1.0,-0.049747588357500545,-0.03308226900037066,-0.005055725623970942,0.02811859666999219,1.0,-0.04994578592067786,-0.035931141846454115,-0.00866942157197075,0.026762871344536546
5,2019-06-06 00:00:00-04:00,-1499.1844384836609,-1485.0667221336153,-1493.5037619152074,0.009731542660464068,0.00014793138279730372,5,True,252,907,1,0,0 days 00:00:00.212345,EEM,1.0,-0.047538109010703995,-0.040360488954014756,-0.0074567720784255095,0.036651990908888446,1.0,-0.0477275038673203,-0.043059373066721425,-0.011675247096283582,0.034678845873393184
6,2019-06-13 00:00:00-04:00,-1499.4761152982564,-1485.3583989482108,-1493.795438729803,0.009752030897505641,0.00014775670924538882,5,True,252,907,1,0,0 days 00:00:00.160583,EEM,1.0,-0.03935414588405017,-0.04233388131232125,-0.013209287158751323,0.034031660020826714,1.0,-0.03951093530988305,-0.04430282813752814,-0.01693924938422627,0.03154939914854623
7,2019-06-20 00:00:00-04:00,-1497.743181768749,-1483.6254654187035,-1492.0625052002956,0.009755175581749403,0.00014880820510880215,5,True,252,907,1,0,0 days 00:00:00.395099,EEM,1.0,-0.03531797105297245,-0.04381019322859821,-0.02363975449744109,0.015978263650877414,1.0,-0.03545868010099223,-0.045475169517869465,-0.027264740966778826,0.012349967144340059
8,2019-06-27 00:00:00-04:00,-1497.3498816372394,-1483.2321652871938,-1491.669205068786,0.009730993155404759,0.00014901282805166366,5,True,252,907,1,0,0 days 00:00:00.215178,EEM,1.0,-0.031467312948459364,-0.05805087294303086,-0.02131068012884,0.010711677457498294,1.0,-0.03159268072913051,-0.059572836900355586,-0.025524253971830363,0.005817595260633234
9,2019-07-05 00:00:00-04:00,-1501.370685827068,-1487.2529694770224,-1495.6900092586145,0.009604101511815323,0.00014665189911016536,5,True,252,907,1,0,0 days 00:00:00.226655,EEM,1.0,-0.027744480286810338,-0.04828160017363887,-0.021879539720143275,0.0072454784936794225,1.0,-0.02785501606484546,-0.049482148188784825,-0.02502484083772645,0.003560438604804892
10,2019-07-12 00:00:00-04:00,-1507.189095408515,-1493.0713790584693,-1501.5084188400615,0.009446802749676955,0.00014329885017382913,5,True,252,907,1,0,0 days 00:00:00.185756,EEM,1.0,-0.026274348090817107,-0.036491960619154454,-0.025432419368532702,0.0022421882766962167,1.0,-0.026379026768469784,-0.03750584791614659,-0.02779332743637965,-0.0005953707287052615
11,2019-07-19 00:00:00-04:00,-1506.951353733969,-1492.8336373839234,-1501.2706771655155,0.009478339281946628,0.00014344069026133338,5,True,252,907,1,0,0 days 00:00:00.269586,EEM,1.0,-0.0269263095212019,-0.03231441896311028,-0.031534710651588166,0.0059611489972419395,1.0,-0.027033585654752494,-0.033328105739543756,-0.03378773113329016,0.003109361550378731
12,2019-07-26 00:00:00-04:00,-1512.3033420067272,-1498.1856256566816,-1506.6226654382738,0.009303603897655824,0.0001404264283470721,5,True,252,907,1,0,0 days 00:00:00.152639,EEM,1.0,-0.019705070909854537,-0.03558649688564945,-0.03656687388221314,0.016476305767048758,1.0,-0.019783577168459538,-0.03627677715142464,-0.03852628740121747,0.013884091292289907
13,2019-08-02 00:00:00-04:00,-1509.1752544084122,-1495.0575380583666,-1503.4945778399588,0.009395106854303633,0.00014218035785849427,5,True,252,907,1,0,0 days 00:00:00.216382,EEM,1.0,-0.004978323723779781,-0.02450171536578549,-0.03299711079443941,0.020804211785504057,1.0,-0.0049981576828386585,-0.024723328296743494,-0.03366615122680866,0.020193512334452875
14,2019-08-09 00:00:00-04:00,-1498.9250675052854,-1484.8073511552398,-1493.244390936832,0.009554352991555656,0.00014808287931344623,5,True,252,907,1,0,0 days 00:00:00.146284,EEM,1.0,-0.0029070389412885183,-0.01379612110765796,-0.035908781189396215,0.02776387172584756,1.0,-0.0029186207697398654,-0.013915126957599465,-0.03643054698304188,0.027826923007269373
15,2019-08-16 00:00:00-04:00,-1500.4557698268416,-1486.338053476796,-1494.775093258388,0.009529622266842886,0.00014718597056932704,5,True,252,907,1,0,0 days 00:00:00.248428,EEM,1.0,-0.01484902662493521,-0.023618602529248273,-0.034425296949533245,0.024473717206822457,1.0,-0.014908186093560441,-0.024035147270006683,-0.03559030377058457,0.023239024824275534
16,2019-08-23 00:00:00-04:00,-1499.7798221830446,-1485.662105832999,-1494.0991456145912,0.009553416074072495,0.0001475814502477276,5,True,252,907,1,0,0 days 00:00:00.171398,EEM,1.0,-0.01473603307757326,-0.029513370908143242,-0.048079767943048204,0.015967701949003692,1.0,-0.014794742372703019,-0.02997492332044528,-0.04961126732567921,0.01381258344168732
17,2019-08-30 00:00:00-04:00,-1504.068199127758,-1489.9504827777123,-1498.3875225593044,0.009436098290144431,0.0001450912494647248,5,True,252,907,1,0,0 days 00:00:00.325610,EEM,1.0,-0.006034313839290111,-0.02887609390721777,-0.03763774982883121,0.027487862925826414,1.0,-0.006058354930283294,-0.029144876046687997,-0.038483367266700756,0.02662553350538498
18,2019-09-09 00:00:00-04:00,-1509.8651983435007,-1495.747481993455,-1504.1845217750472,0.009307213299362292,0.00014179167385927757,5,True,252,907,1,0,0 days 00:00:00.215543,EEM,1.0,-0.003911614405716662,-0.0400265123832159,-0.04803017540208332,0.030068200367641802,1.0,-0.0039271985268549804,-0.040362769881041066,-0.049012813956116764,0.028544741222477233
19,2019-09-16 00:00:00-04:00,-1510.8604842745503,-1496.7427679245047,-1505.1798077060969,0.009275267183502236,0.00014123271000904828,5,True,252,907,1,0,0 days 00:00:00.214168,EEM,1.0,-0.005131173791179366,-0.03537049574183373,-0.045740789155149356,0.029601226257833218,1.0,-0.005151616714650186,-0.03568094580468629,-0.04672665174526761,0.028331340519567583
20,2019-09-23 00:00:00-04:00,-1514.0525685366822,-1499.9348521866366,-1508.3718919682287,0.009152093497072487,0.00013945505271200913,5,True,252,907,1,0,0 days 00:00:00.182447,EEM,1.0,-0.012004582682991271,-0.03249625062038336,-0.04098986555431505,0.030657656847442087,1.0,-0.012052409705632688,-0.03290626118763515,-0.04234009206874836,0.02906017160752626
21,2019-09-30 00:00:00-04:00,-1513.2685672742846,-1499.150850924239,-1507.5878907058311,0.009173569015622076,0.0001398895063382691,5,True,252,907,1,0,0 days 00:00:00.271686,EEM,1.0,-0.010930227624765502,-0.03249148377053866,-0.03209437813518968,0.02887252510282895,1.0,-0.010973774348370111,-0.032875798390205414,-0.033252991965394135,0.027544064111998254
22,2019-10-07 00:00:00-04:00,-1519.0728583792998,-1504.9551420292541,-1513.3921818108463,0.009010846590095158,0.00013673754993046965,5,True,252,907,1,0,0 days 00:00:00.158476,EEM,1.0,-0.02447647659225216,-0.049665687720809676,-0.031757747882809106,-0.00010764326829020903,1.0,-0.024573992435249208,-0.050697509594858546,-0.034789201245266105,-0.004453375494082289
23,2019-10-14 00:00:00-04:00,-1521.4194136668943,-1507.3016973168487,-1515.7387370984409,0.009064228221171335,0.0001354372739942029,5,True,252,907,1,0,0 days 00:00:00.328537,EEM,1.0,-0.02345670502675718,-0.03147481017460795,-0.042762605342114846,0.017295760831622212,1.0,-0.023550158034831896,-0.032299132019253565,-0.04488145418877121,0.014395489385576438
24,2019-10-21 00:00:00-04:00,-1538.4373562470414,-1524.3196398969958,-1532.756679678588,0.008760677677782288,0.0001265929715553453,5,True,252,907,1,0,0 days 00:00:00.192453,EEM,1.0,-0.0024485816762926725,-0.02167884052677586,-0.053528629748272,0.012849396105435725,1.0,-0.002458336981775904,-0.021858446771496075,-0.05430845909680587,0.012284258046559155
25,2019-10-28 00:00:00-04:00,-1552.2208381544,-1538.1031218043545,-1546.5401615859466,0.008476316076636903,0.00011985478924521823,5,True,252,907,1,0,0 days 00:00:00.212366,EEM,1.0,0.01482014737509971,-0.0033739406521392126,-0.08901184823767294,0.02172030496961349,1.0,0.014879191786952682,-0.003623124650417292,-0.09000069097879747,0.024925579816487253
26,2019-11-04 00:00:00-05:00,-1566.950267419011,-1552.8325510689654,-1561.2695908505575,0.0082787069297536,0.00011305007282313417,5,True,252,907,1,0,0 days 00:00:00.240490,EEM,1.0,-0.009196446308450562,-0.01670684286528796,-0.0724833796255799,0.01728456826785003,1.0,-0.009233085536771081,-0.01692719051750581,-0.07369848310941203,0.015898113332355076
27,2019-11-11 00:00:00-05:00,-1574.6398294117698,-1560.5221130617242,-1568.9591528433164,0.008191358504155626,0.00010965254498846621,5,True,252,907,1,0,0 days 00:00:00.210948,EEM,1.0,-0.008681746259536598,-0.01945324820342201,-0.05959956347415749,0.023062064100152928,1.0,-0.008716334890052697,-0.01968634434301345,-0.06069163593283599,0.02199141393009407
28,2019-11-18 00:00:00-05:00,-1584.1209175709403,-1570.0032012208947,-1578.4402410024868,0.007990022491696638,0.00010560373932912589,5,True,252,907,1,0,0 days 00:00:00.313368,EEM,1.0,-0.01826722974363847,-0.004947977672875087,-0.025970617141010947,0.03326882638356659,1.0,-0.018340007551382036,-0.0053257087046647425,-0.026482807280482617,0.0328374116068882
29,2019-11-25 00:00:00-05:00,-1594.1409069418346,-1580.023190591789,-1588.4602303733811,0.007803987277688495,0.00010148707132840805,5,True,252,907,1,0,0 days 00:00:00.204824,EEM,1.0,-0.0005252433149341792,-0.009834962670112508,-0.020961178518885293,0.026245665607123266,1.0,-0.0005273359177825324,-0.009913923211538785,-0.021226322603847148,0.026558214925018093
30,2019-12-03 00:00:00-05:00,-1599.221902814294,-1585.1041864642484,-1593.5412262458406,0.007719776496950481,9.946129177623298e-05,5,True,252,907,1,0,0 days 00:00:00.194859,EEM,1.0,-0.0025040142951467423,-0.005632980980504483,-0.04953032006517448,0.0393731206421038,1.0,-0.0025139904477170217,-0.005684400902574559,-0.050157654840077746,0.03980973844842546
31,2019-12-10 00:00:00-05:00,-1612.7983360600244,-1598.6806197099788,-1607.117659491571,0.007474402791524303,9.42446501671927e-05,5,True,252,907,1,0,0 days 00:00:00.172465,EEM,1.0,-0.007594879527456211,-0.006230941991000845,-0.03790657756717522,0.05565349055770956,1.0,-0.007625138011629332,-0.006339300840880522,-0.03846359886806976,0.05600078224109903
32,2019-12-17 00:00:00-05:00,-1612.7848240181688,-1598.6671076681232,-1607.1041474497154,0.007457114256344223,9.424965674727344e-05,5,True,252,907,1,0,0 days 00:00:00.329752,EEM,1.0,-0.002219523850769061,0.004293356772976862,-0.02386432914538829,0.06764183316831736,1.0,-0.0022283665752741255,0.004322759474737403,-0.024133187260584645,0.06865111595459401
33,2019-12-24 00:00:00-05:00,-1618.0917356656373,-1603.9740193155917,-1612.4110590971839,0.007293964914310071,9.228616318828102e-05,5,True,252,907,1,0,0 days 00:00:00.149187,EEM,1.0,0.016550559940839413,0.006922698211763369,-0.03216352180960043,0.09084674826532577,1.0,0.016616498426659493,0.0067038227567218405,-0.03278812831364311,0.09348117589346917
34,2020-01-02 00:00:00-05:00,-1618.211680873168,-1604.0939645231224,-1612.5310043047145,0.007285095015813469,9.224527223035272e-05,5,True,252,907,1,0,0 days 00:00:00.238296,EEM,1.0,0.022677301558619526,-0.016418641976220956,-0.00896043852274523,0.08117976299855653,1.0,0.022767649373594125,-0.017077209212235163,-0.00830307274776764,0.08268006947920037
35,2020-01-09 00:00:00-05:00,-1631.529540582055,-1617.4118242320094,-1625.8488640136015,0.007167015094042923,8.749330999923526e-05,5,True,252,907,1,0,0 days 00:00:00.205670,EEM,1.0,0.02754414569553504,-0.022437975107160814,-0.02387181690397619,0.08491424190196147,1.0,0.0276538833277882,-0.023400111108050185,-0.0229022733502785,0.08723349505593883
36,2020-01-16 00:00:00-05:00,-1630.853468865822,-1616.7357525157763,-1625.1727922973685,0.007168991885847282,8.772824596446086e-05,5,True,252,907,1,0,0 days 00:00:00.148408,EEM,1.0,0.024567111567404487,-0.020177055298038114,-0.009337601399066128,0.0799702704459926,1.0,0.024664988505920065,-0.02095958440593973,-0.008429801565572739,0.0813733751888432
37,2020-01-24 00:00:00-05:00,-1626.5455009139882,-1612.4277845639426,-1620.8648243455348,0.007244172729475785,8.924233788039026e-05,5,True,252,907,1,0,0 days 00:00:00.211335,EEM,1.0,0.012234173497960132,-0.009503148687645105,0.019390695164519817,0.05953534190808135,1.0,0.012282915225043625,-0.009731512076861435,0.019867533160428295,0.059947171156652206
38,2020-01-31 00:00:00-05:00,-1613.1474768826042,-1599.0297605325586,-1607.4668003141508,0.007404015910529069,9.411406015937715e-05,5,True,252,907,1,0,0 days 00:00:00.163977,EEM,1.0,0.0244488057829032,0.0033778822662199567,0.003796132311069344,0.11652912667488413,1.0,0.024546211383631902,0.0028040783345047943,0.0036919496498310236,0.11828857799338133
39,2020-02-07 00:00:00-05:00,-1608.4440758079259,-1594.3263594578802,-1602.7633992394724,0.007414067073738676,9.588699381228119e-05,5,True,252,907,1,0,0 days 00:00:00.229826,EEM,1.0,0.030730111912951674,-0.018916555648034482,-0.02851257160048567,0.11291619549750845,1.0,0.030852542637704476,-0.020038842041112646,-0.027675211803776512,0.1163643572684907
40,2020-02-14 00:00:00-05:00,-1604.5488634453004,-1590.4311470952548,-1598.868186876847,0.00747692136513818,9.738052192375025e-05,5,True,252,907,1,0,0 days 00:00:00.171809,EEM,1.0,0.03268463190595107,-0.030661769857256493,-0.03610484523151636,0.1271557144509962,1.0,0.03281484956294692,-0.03201835619342476,-0.03451499386320699,0.13101380255958456
41,2020-02-24 00:00:00-05:00,-1588.3387301782595,-1574.221013828214,-1582.658053609806,0.0077036957575649925,0.00010385091713966786,5,True,252,907,1,0,0 days 00:00:00.255424,EEM,1.0,0.032530597357790486,0.0018459855520995664,-0.05200418238420755,0.1406392424430174,1.0,0.03266020133132748,0.0007949126098524791,-0.05277375155588648,0.14691183169383373
42,2020-03-02 00:00:00-05:00,-1580.376104843552,-1566.2583884935063,-1574.6954282750985,0.007798528140583915,0.00010718407860174741,5,True,252,907,1,0,0 days 00:00:00.141834,EEM,1.0,0.03034482812030151,-0.018535791875268832,0.005163660006695697,0.13459503603966183,1.0,0.030465723849864457,-0.0196304587530355,0.006412747956548333,0.13622153738473397
43,2020-03-09 00:00:00-04:00,-1533.7464738880326,-1519.628757537987,-1528.0657973195791,0.008239117539450568,0.0001289776550582933,5,True,252,907,1,0,0 days 00:00:00.252144,EEM,1.0,0.06156936877033329,0.05247594342364329,-0.030983652683124308,0.0950023765428879,1.0,0.061814665060254924,0.04926293442886998,-0.03774626242950372,0.09880222792002386
44,2020-03-16 00:00:00-04:00,-1358.3726867179905,-1344.254970367945,-1352.692010149537,0.009867650341205202,0.00025860677198716005,5,True,252,907,1,0,0 days 00:00:00.284978,EEM,1.0,-0.22475475128987832,0.13326093729170327,0.22822976443784165,-0.06804233451447828,1.0,-0.22565018854601326,0.08788388976537229,0.2956805056500173,0.03623715192263824
45,2020-03-23 00:00:00-04:00,-1342.9297147415543,-1328.8119983915087,-1337.2490381731009,0.01034750439024556,0.0002748190723341874,5,True,252,907,1,0,0 days 00:00:00.331003,EEM,1.0,-0.38253653363440693,0.31191953868168254,0.046484149469206724,-0.0012548341100585795,1.0,-0.38406058356920514,0.19579220980225365,0.2675618895674418,0.04064540089343415
46,2020-03-30 00:00:00-04:00,-1303.11200223702,-1288.9942858869745,-1297.4313256685666,0.01094467491930801,0.0003220533762641874,5,True,252,907,1,0,0 days 00:00:00.303086,EEM,1.0,-0.34772214894983833,0.2867978643345935,0.0033401838694156662,-0.03938512412364132,1.0,-0.3491074961568098,0.19042437256111708,0.1790949680865967,-0.05629042369110694
47,2020-04-06 00:00:00-04:00,-1291.0908700983737,-1276.973153748328,-1285.4101935299202,0.011308500752610081,0.00033759068024624315,5,True,252,907,1,0,0 days 00:00:00.347994,EEM,1.0,-0.3607439181882341,0.2853439711812985,0.010607129883817706,-0.07029767018668458,1.0,-0.36218114495392423,0.1800725968067597,0.19195584898406448,-0.0821800230143191
48,2020-04-14 00:00:00-04:00,-1287.1853952017407,-1273.067678851695,-1281.5047186332872,0.011414203629099564,0.00034291608336402783,5,True,252,907,1,0,0 days 00:00:00.181297,EEM,1.0,-0.3530920774413702,0.2864168460774302,0.012687479624118068,-0.06583749773676098,1.0,-0.354498818785758,0.18647268054015578,0.19220415707444902,-0.07928550368171691
49,2020-04-21 00:00:00-04:00,-1281.4267955826997,-1267.309079232654,-1275.7461190142462,0.011704665984163453,0.00035082936581116455,5,True,252,907,1,0,0 days 00:00:00.214105,EEM,1.0,-0.35152284203290185,0.2690349174379604,0.02017005844914901,-0.0627717240196711,1.0,-0.3529233314433915,0.16749458669069758,0.1871034122195884,-0.06265281024878798
50,2020-04-28 00:00:00-04:00,-1279.266533319561,-1265.1488169695153,-1273.5858567511075,0.01179741034249284,0.00035383841875268046,5,True,252,907,1,0,0 days 00:00:00.291440,EEM,1.0,-0.355580373469268,0.26394266623714563,0.03250771271310235,-0.06647069111122633,1.0,-0.35699702834364755,0.15885259689662357,0.19928860312140373,-0.0534574957921962
51,2020-05-05 00:00:00-04:00,-1273.0308533277112,-1258.9131369776655,-1267.3501767592577,0.011992174209969416,0.00036290336938262196,5,True,252,907,1,0,0 days 00:00:00.236735,EEM,1.0,-0.3509996587438368,0.2529411264236664,0.025043017937321322,-0.06908788676355541,1.0,-0.3523980637587525,0.14932396659573688,0.18031180671351366,-0.060636964487237446
52,2020-05-12 00:00:00-04:00,-1274.9289770353603,-1260.8112606853147,-1269.2483004669068,0.01182711927356912,0.0003601023536659195,5,True,252,907,1,0,0 days 00:00:00.155626,EEM,1.0,-0.3473429691654198,0.24645138380155085,0.029691348907987736,-0.08153824410164154,1.0,-0.3487268056959594,0.14436943208012593,0.17965658105969787,-0.0716532630262
53,2020-05-19 00:00:00-04:00,-1273.251512813673,-1259.1337964636273,-1267.5708362452194,0.011839658074965845,0.0003624761082409052,5,True,252,907,1,0,0 days 00:00:00.266817,EEM,1.0,-0.35293863821351285,0.2492072675521213,0.030130877487256725,-0.08234656995438432,1.0,-0.35434476824623606,0.1436813752452372,0.1840627508616799,-0.07072544470697341
54,2020-05-27 00:00:00-04:00,-1271.2470704147604,-1257.1293540647148,-1265.566393846307,0.011946010154147943,0.0003653167962451882,5,True,252,907,1,0,0 days 00:00:00.319399,EEM,1.0,-0.35396796657506896,0.24903442251089367,0.028627460036331605,-0.08827964446044859,1.0,-0.3553781975175992,0.14276311087210483,0.18247580251280968,-0.07863976717691218
55,2020-06-03 00:00:00-04:00,-1264.07802715975,-1249.9603108097044,-1258.3973505912966,0.012204277405776095,0.0003758854755751424,5,True,252,907,1,0,0 days 00:00:00.152878,EEM,1.0,-0.336567036863484,0.2512100030398893,0.03527421110196516,-0.0860734357522723,1.0,-0.33790794139282054,0.15695986216499938,0.1861953984764926,-0.07974226535809882
56,2020-06-10 00:00:00-04:00,-1263.1680537320813,-1249.0503373820357,-1257.4873771636278,0.012254244047770375,0.0003772667981147598,5,True,252,907,1,0,0 days 00:00:00.220288,EEM,1.0,-0.34103733508752276,0.2510161383118075,0.04442053946127634,-0.08179097503078235,1.0,-0.34239604956994313,0.15382261539673095,0.1983253381084728,-0.06554250606699263
57,2020-06-17 00:00:00-04:00,-1258.7881112046648,-1244.6703948546192,-1253.1074346362113,0.012320228946121054,0.00038385120330538695,5,True,252,907,1,0,0 days 00:00:00.154026,EEM,1.0,-0.35070384775809454,0.2523119433225356,0.03900087998458278,-0.09055361960379862,1.0,-0.3521010742431865,0.14880317018251607,0.19622205568125886,-0.07617864732017324
58,2020-06-24 00:00:00-04:00,-1258.7530124875534,-1244.6352961375078,-1253.0723359191,0.012326917694906648,0.00038391229127556197,5,True,252,907,1,0,0 days 00:00:00.176741,EEM,1.0,-0.3506647448910457,0.25176790245719877,0.04175723835345073,-0.08812389767988682,1.0,-0.35206181558782285,0.14820404820671065,0.19904367899797534,-0.07086158382006538
59,2020-07-01 00:00:00-04:00,-1259.0948291265402,-1244.9771127764946,-1253.4141525580867,0.012290010079357531,0.0003833458279270034,5,True,252,907,1,0,0 days 00:00:00.191200,EEM,1.0,-0.3526704716039582,0.2538415020005683,0.03898473305140057,-0.08741863875249485,1.0,-0.3540755332438147,0.14920900685972022,0.1980519006772786,-0.07192690406092969
60,2020-07-09 00:00:00-04:00,-1250.6648757579032,-1236.5471594078576,-1244.9841991894498,0.01257370802276192,0.00039638349118667726,5,True,252,907,1,0,0 days 00:00:00.350945,EEM,1.0,-0.3430201813473497,0.2567697752193574,0.04114270056117017,-0.0825379820038905,1.0,-0.3443867956156659,0.15909011659282193,0.19949239458017604,-0.0702097693801213
61,2020-07-16 00:00:00-04:00,-1249.8050708573853,-1235.6873545073397,-1244.1243942889319,0.012668077494880496,0.0003977602208850656,5,True,252,907,1,0,0 days 00:00:00.210428,EEM,1.0,-0.3420343612298904,0.2543904113495251,0.04092048086683808,-0.08253445647912111,1.0,-0.3433970479280174,0.15702004665324867,0.19709048685314104,-0.06990993498387882
62,2020-07-23 00:00:00-04:00,-1248.6667789692585,-1234.549062619213,-1242.986102400805,0.012765068915787757,0.0003995944153766882,5,True,252,907,1,0,0 days 00:00:00.168938,EEM,1.0,-0.3398982113294882,0.2516889848757626,0.03897921649494464,-0.08248585190548594,1.0,-0.3412523874702431,0.15533903076870612,0.19204524015097793,-0.07127234971043987
63,2020-07-30 00:00:00-04:00,-1248.9333373646164,-1234.8156210145708,-1243.252660796163,0.012775200654809917,0.00039932425598223774,5,True,252,907,1,0,0 days 00:00:00.231923,EEM,1.0,-0.34584340107088785,0.2500999982215197,0.031242033837391204,-0.0837628322769081,1.0,-0.3472212632265488,0.14957084314782215,0.18376542114559968,-0.07522044672532059
64,2020-08-06 00:00:00-04:00,-1253.4926866173164,-1239.3749702672708,-1247.812010048863,0.012612461054876418,0.00039202665096239436,5,True,252,907,1,0,0 days 00:00:00.272768,EEM,1.0,-0.3503261353336838,0.24714008578384256,0.03964616305190375,-0.0868925089435937,1.0,-0.3517218569883997,0.14311323128185252,0.1928600400215062,-0.06944752585686367
65,2020-08-13 00:00:00-04:00,-1255.0421945663952,-1240.9244782163496,-1249.3615179979417,0.012489533510028008,0.0003895828857291356,5,True,252,907,1,0,0 days 00:00:00.229200,EEM,1.0,-0.3484531315574427,0.249905044827126,0.03126530716259227,-0.08267097279624618,1.0,-0.34984139104571926,0.1475770998004264,0.18449868407973632,-0.0725894226028994
66,2020-08-20 00:00:00-04:00,-1254.943085842005,-1240.8253694919595,-1249.2624092735516,0.012514046989763864,0.0003898062807399437,5,True,252,907,1,0,0 days 00:00:00.275391,EEM,1.0,-0.3483008018707482,0.248703620132027,0.031739058664717185,-0.08133326341058532,1.0,-0.34968845446784275,0.14630124496366012,0.1840897223547072,-0.07022052106169951
67,2020-08-27 00:00:00-04:00,-1255.4540543278379,-1241.3363379777923,-1249.7733777593844,0.012513581317467767,0.0003889747440793992,5,True,252,907,1,0,0 days 00:00:00.208674,EEM,1.0,-0.34913006956105497,0.24837446903953508,0.02950152070705396,-0.08145154199794698,1.0,-0.35052102601348945,0.14535558792418046,0.18146710530056107,-0.07157054438771476
68,2020-09-03 00:00:00-04:00,-1254.7766954483059,-1240.6589790982603,-1249.0960188798524,0.012533445406239402,0.0003899730983995959,5,True,252,907,1,0,0 days 00:00:00.152320,EEM,1.0,-0.35467140348776993,0.24778804088568895,0.029903024104832143,-0.08503560690046752,1.0,-0.3560844369678009,0.14083105063892756,0.18323128419854925,-0.07289921788859909
69,2020-09-11 00:00:00-04:00,-1253.9949664328428,-1239.8772500827972,-1248.3142898643894,0.012616959927117961,0.0003911797262035152,5,True,252,907,1,0,0 days 00:00:00.208249,EEM,1.0,-0.35884531248642404,0.25293327607151334,0.026320410392855494,-0.08465537666573578,1.0,-0.3602749750859715,0.14382717219893879,0.184344141674012,-0.07513058519294015
70,2020-09-18 00:00:00-04:00,-1252.4491266460489,-1238.3314102960032,-1246.7684500775954,0.012709040919174356,0.0003935755044711386,5,True,252,907,1,0,0 days 00:00:00.219496,EEM,1.0,-0.3548061649504107,0.25005690607522957,0.024807957405025137,-0.08704746953997705,1.0,-0.35621973532869905,0.1433556136706064,0.17901723344652487,-0.08007089580730728
71,2020-09-25 00:00:00-04:00,-1251.1386427934208,-1237.0209264433752,-1245.4579662249673,0.012842876839942985,0.0003957221491920132,5,True,252,907,1,0,0 days 00:00:00.212643,EEM,1.0,-0.35085928763229357,0.2518112199200923,0.02546500021638382,-0.08613353400812064,1.0,-0.3522571333997528,0.14812011974632894,0.17989587980799424,-0.08086136777363638
72,2020-10-02 00:00:00-04:00,-1250.711099941022,-1236.5933835909764,-1245.0304233725685,0.012865504269896393,0.0003963134592779558,5,True,252,907,1,0,0 days 00:00:00.207469,EEM,1.0,-0.34958037441726486,0.2524166224446361,0.02396270340061036,-0.08904459121811158,1.0,-0.3509731249129512,0.1496933698139078,0.17817036372988274,-0.08636544400050274
73,2020-10-09 00:00:00-04:00,-1250.904183319134,-1236.7864669690885,-1245.2235067506806,0.012859852076925108,0.00039612743423728575,5,True,252,907,1,0,0 days 00:00:00.162412,EEM,1.0,-0.3510338879146008,0.2558348525945466,0.026765982647491453,-0.08840318217927387,1.0,-0.35243242930071467,0.15263099959788756,0.18458788449290497,-0.08411314124681755
74,2020-10-16 00:00:00-04:00,-1250.90057967216,-1236.7828633221143,-1245.2199031037064,0.012874754213944038,0.0003960331219437995,5,True,252,907,1,0,0 days 00:00:00.153956,EEM,1.0,-0.34985952622618977,0.25462922750213063,0.026197687926895207,-0.09084933612555446,1.0,-0.35125338888047736,0.15204667636969646,0.18259640614109118,-0.08761537387710593
75,2020-10-23 00:00:00-04:00,-1250.7346753941697,-1236.616959044124,-1245.0539988257162,0.012898160297568587,0.00039629992302662634,5,True,252,907,1,0,0 days 00:00:00.171666,EEM,1.0,-0.3494909512135471,0.255067116552377,0.026263912815740396,-0.09218774931701715,1.0,-0.35088334544148964,0.15280129234739578,0.18288685597295942,-0.08954599256148886
76,2020-10-30 00:00:00-04:00,-1249.1961836092148,-1235.0784672591692,-1243.5155070407613,0.012989799808087909,0.0003988058240127886,5,True,252,907,1,0,0 days 00:00:00.209633,EEM,1.0,-0.3504080409835912,0.25914267297871085,0.023914798992789053,-0.09088535099044462,1.0,-0.35180408895563736,0.15686416609109932,0.18354373096942453,-0.09093394862588212
77,2020-11-06 00:00:00-05:00,-1245.7022631218474,-1231.5845467718018,-1240.021586553394,0.013129430951498525,0.0004043228636343559,5,True,252,907,1,0,0 days 00:00:00.151750,EEM,1.0,-0.34291114141316187,0.2619040451927682,0.020662736030982412,-0.08872714699165299,1.0,-0.34427732125942956,0.16503328271607276,0.17915378543106564,-0.09520473347976602
78,2020-11-13 00:00:00-05:00,-1246.0153282265226,-1231.897611876477,-1240.334651658069,0.013100565779160921,0.0004037871924841534,5,True,252,907,1,0,0 days 00:00:00.299140,EEM,1.0,-0.3462666866549179,0.26319555810918643,0.018653565171932215,-0.0896940092904622,1.0,-0.3476462352073279,0.1643001950625686,0.17894812838435747,-0.09694502757301732
79,2020-11-20 00:00:00-05:00,-1245.4149784793988,-1231.2972621293532,-1239.7343019109453,0.013141551771173666,0.0004047231785551862,5,True,252,907,1,0,0 days 00:00:00.471097,EEM,1.0,-0.3446625996237728,0.26144064566010217,0.019499352229033772,-0.09012617043535745,1.0,-0.3460357573911983,0.16335122258536078,0.1780580753327984,-0.0968065265009447
80,2020-11-30 00:00:00-05:00,-1244.3681468786103,-1230.2504305285647,-1238.6874703101569,0.0132039801802634,0.00040640765296513933,5,True,252,907,1,0,0 days 00:00:00.210027,EEM,1.0,-0.3453406276583335,0.26145049605077514,0.01866751766388977,-0.08995414566991149,1.0,-0.3467164867326696,0.16291405467376546,0.17732254873248068,-0.09691674281993679
81,2020-12-07 00:00:00-05:00,-1243.6386015184466,-1229.520885168401,-1237.9579249499932,0.013272661490132712,0.00040759605914316175,5,True,252,907,1,0,0 days 00:00:00.202018,EEM,1.0,-0.3473094195096953,0.2633640845151459,0.016570535976964392,-0.09066462645503859,1.0,-0.34869312237626787,0.1638000418586759,0.17698112845077218,-0.09929403762525181
82,2020-12-14 00:00:00-05:00,-1244.6713560799462,-1230.5536397299006,-1238.9906795114928,0.013241383556201237,0.0004059473038063114,5,True,252,907,1,0,0 days 00:00:00.288103,EEM,1.0,-0.3510674726083374,0.26301792387237644,0.014827543244872355,-0.09251433405078122,1.0,-0.35246614779801216,0.16087564733146412,0.1759727503590046,-0.1010896699220014
83,2020-12-21 00:00:00-05:00,-1244.1525757156764,-1230.0348593656308,-1238.471899147223,0.013290542015061817,0.00040674649939732047,5,True,252,907,1,0,0 days 00:00:00.318098,EEM,1.0,-0.3510697028536176,0.2609775027709958,0.014384242162338603,-0.09439193290114288,1.0,-0.35246838692873167,0.15852562587252766,0.173885611948167,-0.10287659141070593
84,2020-12-29 00:00:00-05:00,-1243.3019849509822,-1229.1842686009365,-1237.6213083825287,0.01335435432124252,0.00040813405052149757,5,True,252,907,1,0,0 days 00:00:00.239791,EEM,1.0,-0.3497501902917213,0.2607646351232501,0.013387638763931677,-0.09585048709268879,1.0,-0.35114361734467636,0.15917555045699514,0.17209087226835706,-0.10587719396457532
85,2021-01-06 00:00:00-05:00,-1242.609970189867,-1228.4922538398214,-1236.9292936214135,0.013355817808242458,0.0004092777546286085,5,True,252,907,1,0,0 days 00:00:00.162687,EEM,1.0,-0.34653805127027265,0.261464976646596,0.01738890283301129,-0.09238195819756001,1.0,-0.34791868095660844,0.16213535210980873,0.176243473130907,-0.10032177654314274
86,2021-01-13 00:00:00-05:00,-1241.394101249553,-1227.2763848995073,-1235.7134246810995,0.01339126636339071,0.00041126997608953865,5,True,252,907,1,0,0 days 00:00:00.317858,EEM,1.0,-0.34814959962378295,0.26109426952816384,0.02427283837945726,-0.0956447713342829,1.0,-0.3495366498214873,0.1606325791552754,0.18467291700414087,-0.09834867829651091
87,2021-01-21 00:00:00-05:00,-1241.0074004793282,-1226.8896841292826,-1235.3267239108748,0.013442039469992057,0.0004119399133042869,5,True,252,907,1,0,0 days 00:00:00.148936,EEM,1.0,-0.345429373605345,0.26016554397946057,0.02178318145624244,-0.09770719869976134,1.0,-0.34680558624919094,0.16138294444042134,0.1800685640384918,-0.10354028382586657
88,2021-01-28 00:00:00-05:00,-1242.5991519308966,-1228.481435580851,-1236.9184753624431,0.013362107869157185,0.0004094155567669312,5,True,252,907,1,0,0 days 00:00:00.308098,EEM,1.0,-0.34844270359671936,0.25857303743285415,0.02130364817679082,-0.10664195810425207,1.0,-0.3498309215393358,0.15753995093134582,0.17934328292000068,-0.11287645834058924
89,2021-02-04 00:00:00-05:00,-1244.1974578838071,-1230.0797415337615,-1238.5167813153537,0.013276997425103089,0.0004066876822007166,5,True,252,907,1,0,0 days 00:00:00.181870,EEM,1.0,-0.3564053293821212,0.27032204299504603,0.023453115223743753,-0.11190539464380707,1.0,-0.3578252709334444,0.1656561271851103,0.19381530698174515,-0.11935598197164499
90,2021-02-11 00:00:00-05:00,-1245.1280298944303,-1231.0103135443846,-1239.4473533259768,0.013248179927585717,0.0004052780190182469,5,True,252,907,1,0,0 days 00:00:00.351355,EEM,1.0,-0.35649236611428475,0.27519118911394214,0.02744259790069388,-0.11121712394853599,1.0,-0.3579126544254969,0.17122548666343526,0.20244876743719614,-0.1176686884794083
91,2021-02-19 00:00:00-05:00,-1245.7133519007402,-1231.5956355506946,-1240.0326753322868,0.013114719460921347,0.00040428012224502343,5,True,252,907,1,0,0 days 00:00:00.157066,EEM,1.0,-0.3579372912708409,0.2686003595254657,0.028477074735481122,-0.11588720435074813,1.0,-0.3593633362559838,0.16260648253475127,0.19901487152102773,-0.11897152705824118
92,2021-02-26 00:00:00-05:00,-1248.1920807122256,-1234.07436436218,-1242.511404143772,0.013033509012593472,0.0004002816910711306,5,True,252,907,1,0,0 days 00:00:00.284672,EEM,1.0,-0.3618898866716969,0.28065692975304024,0.022651118303895417,-0.11055753118825974,1.0,-0.36333167904887503,0.17384101242081176,0.20315158968581762,-0.12052999375472036
93,2021-03-05 00:00:00-05:00,-1247.6811172194018,-1233.5634008693562,-1242.0004406509483,0.01303086809984206,0.0004014512082391544,5,True,252,907,1,0,0 days 00:00:00.150036,EEM,1.0,-0.3655528138605053,0.26242971548523936,0.03973682337756202,-0.12117131462572434,1.0,-0.367009199573097,0.15004364190241856,0.21021012439482337,-0.11033518477128293
94,2021-03-12 00:00:00-05:00,-1303.2985462881707,-1289.180829938125,-1297.6178697197172,0.012381229540009777,0.00032583678329513457,5,True,252,907,1,0,0 days 00:00:00.429071,EEM,1.0,-0.3914715620929837,0.24607622813862204,-0.08954134615109242,-0.10890404580763731,1.0,-0.39303120975072475,0.11066632405846578,0.04738636990264557,-0.18690250117520663
95,2021-03-19 00:00:00-04:00,-1380.2503648624872,-1366.1326485124416,-1374.5696882940338,0.011193012226860333,0.00023711801670174017,5,True,252,907,1,0,0 days 00:00:00.312558,EEM,1.0,-0.22719759053204747,0.11879457149436398,-0.07705577514864557,-0.03138144754448489,1.0,-0.228102760215442,0.07143065807696683,-0.03851797655968495,-0.06854743568960225
96,2021-03-26 00:00:00-04:00,-1407.447707290622,-1393.3299909405764,-1401.7670307221686,0.010805888428515861,0.0002137597654068522,5,True,252,907,1,0,0 days 00:00:00.288079,EEM,1.0,-0.23036358556112313,0.11150101093211374,-0.014868816048405764,-0.05057349018981276,1.0,-0.23128136877052996,0.062230736243618065,0.02515965106116676,-0.05992606977331958
97,2021-04-05 00:00:00-04:00,-1435.1723567299032,-1421.0546403798576,-1429.4916801614497,0.010409860823408178,0.00019078418270421536,5,True,252,907,1,0,0 days 00:00:00.210784,EEM,1.0,-0.2031179026144205,0.09160295639604782,-0.029359073541250183,-0.014596697356292314,1.0,-0.20392713728619108,0.05295156102696145,-0.0011319468507239073,-0.02685784367921945
98,2021-04-12 00:00:00-04:00,-1448.4730060712345,-1434.355289721189,-1442.792329502781,0.010206196866341976,0.00018087875669093795,5,True,252,907,1,0,0 days 00:00:00.202100,EEM,1.0,-0.1982346070417272,0.09489679476046788,-0.028634949757691076,-0.014647831838241379,1.0,-0.19902438635265032,0.05835681751851033,0.0005865120783413916,-0.026947735768502363
99,2021-04-19 00:00:00-04:00,-1456.310463378872,-1442.1927470288265,-1450.6297868104186,0.010043167960769359,0.00017540210964337433,5,True,252,907,1,0,0 days 00:00:00.213589,EEM,1.0,-0.18478222635285482,0.12125469306963703,-0.058244615526667654,-0.028462760943919977,1.0,-0.18551841052159132,0.09093745157604889,-0.02241321682798795,-0.05595318479435469
100,2021-04-26 00:00:00-04:00,-1465.275296678562,-1451.1575803285164,-1459.5946201101085,0.009860337501533442,0.0001692643298569226,5,True,252,907,1,0,0 days 00:00:00.327992,EEM,1.0,-0.1816664276957848,0.13553931204538397,-0.0761297877723074,-0.01819970092918716,1.0,-0.18239019832405481,0.10691406510662743,-0.03692885705662571,-0.05371010121454799
101,2021-05-03 00:00:00-04:00,-1482.0405710673276,-1467.922854717282,-1476.3598944988742,0.009587421335869702,0.00015831910187877072,5,True,252,907,1,0,0 days 00:00:00.248451,EEM,1.0,-0.18947802976477046,0.16249539423205817,-0.07587659951816335,-0.0038530894991388063,1.0,-0.1902329223136341,0.13239808948567292,-0.025947860416498564,-0.04464468716876221
102,2021-05-10 00:00:00-04:00,-1481.4168974898334,-1467.2991811397878,-1475.73622092138,0.009611393019329855,0.00015870497633093203,5,True,252,907,1,0,0 days 00:00:00.224714,EEM,1.0,-0.18983104333245576,0.16864673787865067,-0.0816458265971101,-0.00815137792501474,1.0,-0.19058734230987587,0.13871084497191608,-0.029930140615731512,-0.05290005677458289
103,2021-05-17 00:00:00-04:00,-1474.3716245755254,-1460.2539082254798,-1468.690948007072,0.009778739278553297,0.00016340499609366097,5,True,252,907,1,0,0 days 00:00:00.146967,EEM,1.0,-0.16852554997648933,0.1602629320258362,-0.07934191593126108,-0.025884572498047896,1.0,-0.16919696651026023,0.1368346721090596,-0.03520093706603496,-0.0681433918538021
104,2021-05-24 00:00:00-04:00,-1485.4625927073098,-1471.3448763572642,-1479.7819161388563,0.009613069758944376,0.00015624680158336332,5,True,252,907,1,0,0 days 00:00:00.148882,EEM,1.0,-0.163287167809929,0.17604713638650968,-0.09373886909913762,-0.0006298381907946439,1.0,-0.16393771429522747,0.1547386288043986,-0.047283193503463966,-0.04974128022120862
105,2021-06-01 00:00:00-04:00,-1490.6740492553888,-1476.5563329053432,-1484.9933726869353,0.009454849875992408,0.00015313246833165012,5,True,252,907,1,0,0 days 00:00:00.214366,EEM,1.0,-0.17858952722316607,0.16544052172194032,-0.0968827114960884,-0.00965168270062406,1.0,-0.17930103928381613,0.13908666117948665,-0.04990839066623119,-0.058219924181277444
106,2021-06-08 00:00:00-04:00,-1503.0216941617655,-1488.9039778117199,-1497.341017593312,0.009200782497819339,0.00014575288029272621,5,True,252,907,1,0,0 days 00:00:00.286869,EEM,1.0,-0.18410463918457284,0.16830042199559145,-0.11367029651225306,0.0247880748973619,1.0,-0.184838123802838,0.14027417921107743,-0.06564345033134873,-0.02778533891228533
107,2021-06-15 00:00:00-04:00,-1522.63475192139,-1508.5170355713444,-1516.9540753529366,0.00904946693372552,0.00013472995576606857,5,True,252,907,1,0,0 days 00:00:00.224454,EEM,1.0,-0.15505630882370933,0.1537228355822418,-0.11863945043872343,0.041099389165101724,1.0,-0.15567406304213044,0.13396476185008638,-0.08173554681494294,-0.005132499944015737
108,2021-06-22 00:00:00-04:00,-1522.1537930184634,-1508.0360766684178,-1516.47311645001,0.009079941124673729,0.0001350194539594317,5,True,252,907,1,0,0 days 00:00:00.200565,EEM,1.0,-0.15797955957754495,0.16236721825148975,-0.11964028429987919,0.039564628049811215,1.0,-0.15860896021331206,0.14208372593526378,-0.07985587882075668,-0.009526262413168026
109,2021-06-29 00:00:00-04:00,-1522.6366080443777,-1508.518891694332,-1516.9559314759242,0.0090679560312353,0.00013484967376285208,5,True,252,907,1,0,0 days 00:00:00.301097,EEM,1.0,-0.15032544619710023,0.15431585592808333,-0.11617444666765923,0.0400952586461677,1.0,-0.150924352357248,0.13586702345837992,-0.08004922752992173,-0.005146479633324492
110,2021-07-07 00:00:00-04:00,-1533.7573230853975,-1519.639606735352,-1528.076646516944,0.008998814946744562,0.00012913618396271728,5,True,252,907,1,0,0 days 00:00:00.194210,EEM,1.0,-0.15082943685601752,0.1402911374812159,-0.1278396698834061,0.03675073005057378,1.0,-0.15143035094707732,0.12126301594525875,-0.095771631293602,-0.008616445323950426
111,2021-07-14 00:00:00-04:00,-1538.0076321105669,-1523.8899157605213,-1532.3269555421134,0.008887270492042255,0.00012676921284200934,5,True,252,907,1,0,0 days 00:00:00.214513,EEM,1.0,-0.1612193627587167,0.15759068717660374,-0.13117841085929244,0.0351944860660091,1.0,-0.16186167097687898,0.13622109595204768,-0.09259977583444867,-0.016564325984811556
112,2021-07-21 00:00:00-04:00,-1538.2190914251069,-1524.1013750750612,-1532.5384148566534,0.008872477220914705,0.00012665582734376678,5,True,252,907,1,0,0 days 00:00:00.317055,EEM,1.0,-0.15804380571732637,0.16057042299826021,-0.12697648939862974,0.031793012877473735,1.0,-0.15867346231380974,0.14020776722048303,-0.0880834819500752,-0.01936590565576499
113,2021-07-28 00:00:00-04:00,-1526.809649575924,-1512.6919332258783,-1521.1289730074704,0.009084841598156465,0.0001325825345676405,5,True,252,907,1,0,0 days 00:00:00.380659,EEM,1.0,-0.1398655195904482,0.13869989040732048,-0.13497783768634994,0.041110739398436964,1.0,-0.14042275273622692,0.12250659234813997,-0.10581737609416772,-0.0036150544232587205
114,2021-08-04 00:00:00-04:00,-1526.9189263178982,-1512.8012099678526,-1521.2382497494448,0.009071958815319666,0.00013249985779670198,5,True,252,907,1,0,0 days 00:00:00.145523,EEM,1.0,-0.14224863794938158,0.136556784573407,-0.11696598377428437,0.04726404798021311,1.0,-0.14281536559061422,0.11969432298068858,-0.08697004333814752,0.007289132983036603
115,2021-08-11 00:00:00-04:00,-1532.5128533873192,-1518.3951370372736,-1526.8321768188657,0.008933875034196969,0.00012957560376140997,5,True,252,907,1,0,0 days 00:00:00.223922,EEM,1.0,-0.1411532376543583,0.1399589838830583,-0.11253662658525396,0.04626246092705576,1.0,-0.14171560115098925,0.12347513373129748,-0.08173226197250832,0.006719114190333484
116,2021-08-18 00:00:00-04:00,-1530.0858224197889,-1515.9681060697433,-1524.4051458513354,0.009020649213457752,0.00013083631498790022,5,True,252,907,1,0,0 days 00:00:00.229668,EEM,1.0,-0.13203890320217507,0.14938852847399886,-0.11180621208195049,0.04469724931907692,1.0,-0.13256495460935505,0.1353894312390411,-0.08082169557354953,0.00415441941672286
117,2021-08-25 00:00:00-04:00,-1525.4779858090415,-1511.3602694589958,-1519.797309240588,0.009084722925315692,0.00013326025133351786,5,True,252,907,1,0,0 days 00:00:00.214598,EEM,1.0,-0.12621856775751472,0.15185986562290404,-0.11099340222811588,0.04562581427018743,1.0,-0.12672143057726573,0.13925258630681464,-0.08082788274360843,0.005387719880258452
118,2021-09-01 00:00:00-04:00,-1522.5451413055237,-1508.427424955478,-1516.8644647370702,0.00917700938963134,0.00013484202805566883,5,True,252,907,1,0,0 days 00:00:00.209118,EEM,1.0,-0.1009695214382139,0.14667014174759815,-0.11555012080245851,0.06325138367727935,1.0,-0.10137179044792795,0.13899561527033438,-0.09267238059797576,0.02787468446400656
119,2021-09-09 00:00:00-04:00,-1535.1729395195155,-1521.0552231694699,-1529.492262951062,0.008865079931151263,0.00012825991938526435,5,True,252,907,1,0,0 days 00:00:00.393259,EEM,1.0,-0.0933601723615433,0.12179316715025452,-0.10739316836624595,0.05527266550954728,1.0,-0.09373212523947774,0.11499208847690913,-0.0896881094793803,0.027476249024971835
120,2021-09-16 00:00:00-04:00,-1534.7867537407017,-1520.669037390656,-1529.1060771722482,0.008922045757096738,0.00012839566011564293,5,True,252,907,1,0,0 days 00:00:00.169204,EEM,1.0,-0.09844125317504344,0.13514697515041177,-0.10028672250145175,0.06788660379911389,1.0,-0.09883344940283247,0.12770755409660572,-0.07918097090749315,0.03818762106684086
121,2021-09-23 00:00:00-04:00,-1535.6835279668353,-1521.5658116167897,-1530.0028513983818,0.008782250892713901,0.00012796291740151263,5,True,252,907,1,0,0 days 00:00:00.623776,EEM,1.0,-0.10455489794374137,0.12432001420817006,-0.10858588497045062,0.06686075381869304,1.0,-0.10497145132200329,0.11556902445600528,-0.08826703150104138,0.03732457208852722
122,2021-09-30 00:00:00-04:00,-1535.4068073420617,-1521.289090992016,-1529.7261307736082,0.008849682157811505,0.0001281135846004442,5,True,252,907,1,0,0 days 00:00:00.546989,EEM,1.0,-0.112367618242966,0.12377157256129044,-0.11579334631800442,0.07470402354954703,1.0,-0.11281529799692203,0.11347873055821382,-0.09430776020616535,0.043299143457419205
123,2021-10-07 00:00:00-04:00,-1534.3622713587386,-1520.244555008693,-1528.681594790285,0.008853085144642142,0.00012863618135068678,5,True,252,907,1,0,0 days 00:00:00.394596,EEM,1.0,-0.11454290533321211,0.11730690732989119,-0.11917054949348566,0.07488582156835596,1.0,-0.11499925156959936,0.10642802706453709,-0.0986228807587398,0.04371994544508177
124,2021-10-14 00:00:00-04:00,-1523.4705412521807,-1509.3528249021351,-1517.7898646837273,0.009108341451999109,0.00013381673488263725,5,True,252,907,1,0,0 days 00:00:00.225711,EEM,1.0,-0.11828396042001113,0.1137475190634084,-0.11622054219954238,0.08581778044351572,1.0,-0.11875521125833786,0.1019930871447906,-0.09561009546093978,0.05578237390637614
125,2021-10-21 00:00:00-04:00,-1524.9248650422464,-1510.8071486922008,-1519.244188473793,0.00907390022948419,0.00013323916158099276,5,True,252,907,1,0,0 days 00:00:00.220702,EEM,1.0,-0.11777995755396159,0.11762130667398854,-0.11603581780285406,0.09266277271855725,1.0,-0.11824920041274228,0.10606246170343371,-0.09473458126515796,0.062445857308352525
126,2021-10-28 00:00:00-04:00,-1533.324172014783,-1519.2064556647374,-1527.6434954463296,0.00892002767467964,0.00012922886451762088,5,True,252,907,1,0,0 days 00:00:00.210527,EEM,1.0,-0.10546464942540419,0.09651308499599326,-0.0989117322470523,0.09335139561372967,1.0,-0.10588482731156117,0.0870495575493845,-0.08303499524218586,0.07123842774378845
127,2021-11-04 00:00:00-04:00,-1546.5123961808456,-1532.3946798308,-1540.8317196123921,0.008636209212110687,0.00012261287330655728,5,True,252,907,1,0,0 days 00:00:00.146880,EEM,1.0,-0.12877270405137456,0.0901277583164781,-0.10650935904524506,0.10250823108915576,1.0,-0.12928574271293378,0.07539417593250271,-0.08917424790392356,0.07690413023365553
128,2021-11-11 00:00:00-05:00,-1546.2541494015154,-1532.1364330514698,-1540.573472833062,0.008626526424630054,0.00012271985911627422,5,True,252,907,1,0,0 days 00:00:00.149168,EEM,1.0,-0.12932925420175753,0.07766234874284988,-0.0903995925300896,0.09872354286981919,1.0,-0.1298445101945932,0.06247739438529856,-0.07540748444437355,0.0776866658544228
129,2021-11-18 00:00:00-05:00,-1547.7518200279878,-1533.6341036779422,-1542.0711434595344,0.008588983358609421,0.00012197863561437831,5,True,252,907,1,0,0 days 00:00:00.212474,EEM,1.0,-0.12856529607799538,0.08184297848099827,-0.08798059563586379,0.09457623979216918,1.0,-0.12907750841296745,0.0669522101162746,-0.07197945438918255,0.0736327667806535
130,2021-11-26 00:00:00-05:00,-1537.9329454829908,-1523.8152291329452,-1532.2522689145374,0.008700426489166312,0.00012685563809624941,5,True,252,907,1,0,0 days 00:00:00.223589,EEM,1.0,-0.11929675257434896,0.07427391929979761,-0.061070490060770775,0.08741311383467625,1.0,-0.11977203844117897,0.06140362541892274,-0.04688211711459862,0.07372578319111776
131,2021-12-03 00:00:00-05:00,-1544.4277432407443,-1530.3100268906987,-1538.7470666722909,0.00855190245570623,0.00012361394178033033,5,True,252,907,1,0,0 days 00:00:00.156356,EEM,1.0,-0.11216303345047922,0.06368801371651416,-0.06234251520894546,0.08230665808700481,1.0,-0.11260989812558073,0.05217819985695056,-0.051151938360535054,0.06955713706951541
132,2021-12-10 00:00:00-05:00,-1543.952617244182,-1529.8349008941364,-1538.2719406757285,0.00855809816740503,0.00012384519615917644,5,True,252,907,1,0,0 days 00:00:00.179698,EEM,1.0,-0.10409402882673241,0.058278674652322726,-0.06081069812366318,0.08468859146897138,1.0,-0.10450874607305403,0.048350918547808625,-0.051327030697100165,0.07334313140535983
133,2021-12-17 00:00:00-05:00,-1544.0291138293956,-1529.91139747935,-1538.348437260942,0.008530304215729503,0.0001238073926972069,5,True,252,907,1,0,0 days 00:00:00.197948,EEM,1.0,-0.10524518910139943,0.06642690662883101,-0.056456973070091294,0.08469914006734405,1.0,-0.1056644926436361,0.05642330219924776,-0.04514549106254515,0.0734662931776044
134,2021-12-27 00:00:00-05:00,-1542.6779687609821,-1528.5602524109365,-1536.9972921925287,0.008561822927529628,0.00012447430240737083,5,True,252,907,1,0,0 days 00:00:00.222086,EEM,1.0,-0.1059980120838998,0.06854131103808621,-0.058784318972290334,0.08164433163662445,1.0,-0.10642031492088745,0.058426049670620074,-0.047043432840936095,0.06962131544571526
135,2022-01-03 00:00:00-05:00,-1545.1397406112173,-1531.0220242611717,-1539.4590640427639,0.008525544658106426,0.00012330424289172894,5,True,252,907,1,0,0 days 00:00:00.156278,EEM,1.0,-0.12330424038640976,0.06827957962577381,-0.07441475832746365,0.06669940402687784,1.0,-0.12379549234014044,0.05433316570324657,-0.06165177713855815,0.04942132767730585
136,2022-01-10 00:00:00-05:00,-1555.1473585748254,-1541.0296422247798,-1549.466682006372,0.008368686268402287,0.00011846601139115301,5,True,252,907,1,0,0 days 00:00:00.165125,EEM,1.0,-0.1117949904653669,0.058335304424904054,-0.10162204767511604,0.0630526247268585,1.0,-0.11224038883375483,0.046793583083693385,-0.09267097740987405,0.0419155766994472
137,2022-01-18 00:00:00-05:00,-1550.4036617126599,-1536.2859453626143,-1544.7229851442064,0.008499272309018707,0.00012074300644391423,5,True,252,907,1,0,0 days 00:00:00.165616,EEM,1.0,-0.1035880293778998,0.061315783630268406,-0.09739180703779428,0.019755952773271603,1.0,-0.10400073069016236,0.05154770573488236,-0.08829473078326501,-0.0010518672112959154
138,2022-01-25 00:00:00-05:00,-1551.404630584244,-1537.2869142341983,-1545.7239540157905,0.008458075154315858,0.00012030288050651617,5,True,252,907,1,0,0 days 00:00:00.219964,EEM,1.0,-0.1043057555519842,0.0647351753107737,-0.112611174551035,0.04719216408378719,1.0,-0.10472131633107576,0.05488843966183971,-0.1032009000605041,0.024188000676416622
139,2022-02-01 00:00:00-05:00,-1556.0985508355348,-1541.9808344854891,-1550.4178742670813,0.008414068967771268,0.00011798698005311777,5,True,252,907,1,0,0 days 00:00:00.152715,EEM,1.0,-0.07091607345741477,0.03612936579174091,-0.0999447901601923,0.0471612328878716,1.0,-0.07119860761461563,0.031508885147150695,-0.09698173691780487,0.0339706514868932
140,2022-02-08 00:00:00-05:00,-1555.0942331304868,-1540.9765167804412,-1549.4135565620334,0.008338473116140641,0.00011849160631198102,5,True,252,907,1,0,0 days 00:00:00.159527,EEM,1.0,-0.07587489165217551,0.024611049338519042,-0.11729123848496847,0.041554263228018834,1.0,-0.07617718205716421,0.019115903549330092,-0.11611048416622391,0.025003478293646055
141,2022-02-15 00:00:00-05:00,-1545.7357892937762,-1531.6180729437306,-1540.0551127253227,0.008556108037842274,0.00012298008789596803,5,True,252,907,1,0,0 days 00:00:00.214547,EEM,1.0,-0.0720329203332855,0.004135111179860407,-0.12449303817260102,0.05153677798640429,1.0,-0.07231990407963323,-0.001067559975370988,-0.12642978750257877,0.034865480306208244
142,2022-02-23 00:00:00-05:00,-1562.6175769330882,-1548.4998605830426,-1556.9369003646348,0.008314581503890233,0.00011548657750586581,5,True,252,907,1,0,0 days 00:00:00.451195,EEM,1.0,-0.04668401451171017,-0.017744478289682362,-0.1450318050875741,0.029573432800833247,1.0,-0.046870006601398236,-0.020127447561678502,-0.14896522248591226,0.015506458524995678
143,2022-03-02 00:00:00-05:00,-1552.6791265260836,-1538.561410176038,-1546.99844995763,0.008520946895032497,0.0001196407853420312,5,True,252,907,1,0,0 days 00:00:00.220873,EEM,1.0,-0.04731705752287659,-0.005299880942464473,-0.11915951689638865,0.012216920764743197,1.0,-0.047505571696274486,-0.007616247522267326,-0.1214939254991907,0.0006983070628728871
144,2022-03-09 00:00:00-05:00,-1544.5420714914158,-1530.4243551413701,-1538.8613949229623,0.008597486800895142,0.00012356424949482137,5,True,252,907,1,0,0 days 00:00:00.220563,EEM,1.0,0.02846517931726831,-0.07770058957778882,-0.06680019543431466,-0.016105924353033044,1.0,0.028578586406181727,-0.07920361831018673,-0.06337486744038814,-0.019070267867258104
145,2022-03-16 00:00:00-04:00,-1501.8293080014907,-1487.7115916514451,-1496.1486314330373,0.00897018894644848,0.0001463939951183425,5,True,252,907,1,0,0 days 00:00:00.472163,EEM,1.0,0.05244260794246005,-0.12099326463127125,-0.10539200451537477,-0.03212074706999892,1.0,0.052651542635457904,-0.12508014097355166,-0.09458945711440533,-0.03821138306202944
146,2022-03-23 00:00:00-04:00,-1502.9790212148796,-1488.861304864834,-1497.2983446464261,0.008865169346594091,0.00014571970983066193,5,True,252,907,1,0,0 days 00:00:00.208658,EEM,1.0,0.022779158570486537,-0.05667336087882953,-0.13090913528318066,-0.01225395416834019,1.0,0.022869912190289294,-0.05767994915958609,-0.1302867553100602,-0.010597877949471904
147,2022-03-30 00:00:00-04:00,-1505.640362891893,-1491.5226465418473,-1499.9596863234394,0.008824273872719106,0.0001441888774005002,5,True,252,907,1,0,0 days 00:00:00.160709,EEM,1.0,0.020274886536612087,-0.058817891569182,-0.14002515536368185,-0.014125454636003568,1.0,0.02035566297699701,-0.05972753600160328,-0.13977380912222523,-0.013308551762601234
148,2022-04-06 00:00:00-04:00,-1499.6743718071525,-1485.556655457107,-1493.993695238699,0.008967931867066799,0.00014764316366926717,5,True,252,907,1,0,0 days 00:00:00.152927,EEM,1.0,0.025249850544889717,-0.08995697871917795,-0.12909224449084128,0.0052835923580461085,1.0,0.025350447559012772,-0.09137800337484604,-0.12696340405688183,0.0027885545463953187
149,2022-04-13 00:00:00-04:00,-1499.0171543865986,-1484.899438036553,-1493.336477818145,0.009003231413632658,0.0001480278069287518,5,True,252,907,1,0,0 days 00:00:00.387060,EEM,1.0,0.02319472251602742,-0.08781578516953976,-0.12321499575514806,0.008794235995378905,1.0,0.023287131769079324,-0.08910892488089205,-0.12140875147912684,0.006102647541740733
150,2022-04-21 00:00:00-04:00,-1501.8149913305483,-1487.6972749805027,-1496.1343147620948,0.008979064234253459,0.00014633481624667756,5,True,252,907,1,0,0 days 00:00:00.302275,EEM,1.0,0.025375379188532197,-0.08515099433477334,-0.11457803673054803,0.01581925182466616,1.0,0.02547647631677339,-0.08653742032079895,-0.11229114724064561,0.014149371476562861
151,2022-04-28 00:00:00-04:00,-1492.88885815382,-1478.7711418037743,-1487.2081815853664,0.009140998486980183,0.00015167242001637134,5,True,252,907,1,0,0 days 00:00:00.227548,EEM,1.0,0.030497600197897712,-0.08254553855316586,-0.10954720575732857,0.014403659551911044,1.0,0.0306191045811563,-0.0842223934108303,-0.10637959533842371,0.014138680892474357
152,2022-05-05 00:00:00-04:00,-1485.9618583140132,-1471.8441419639676,-1480.2811817455597,0.009225737666433916,0.00015590119669280976,5,True,252,907,1,0,0 days 00:00:00.268297,EEM,1.0,0.020577790277278525,-0.08488404151802896,-0.09622289915068469,0.023609629433123218,1.0,0.020659773505474863,-0.08602665852678106,-0.09442393155190643,0.020497408949323365
153,2022-05-12 00:00:00-04:00,-1485.5492688316724,-1471.4315524816268,-1479.868592263219,0.009259789958973847,0.00015615527722137948,5,True,252,907,1,0,0 days 00:00:00.271110,EEM,1.0,0.040415676574871405,-0.05922576050799092,-0.09833775271855363,0.045153306604660944,1.0,0.04057669520664379,-0.06144720565566337,-0.09497233002009546,0.05074681150996693
154,2022-05-19 00:00:00-04:00,-1475.1392778552085,-1461.021561505163,-1469.458601286755,0.009480298136197912,0.00016274100648422973,5,True,252,907,1,0,0 days 00:00:00.198620,EEM,1.0,0.010009586937906103,-0.04220211608242806,-0.1073486833805095,0.0272202187223602,1.0,0.010049465770328059,-0.04264503157024678,-0.10797499676173758,0.027995969470331936
155,2022-05-26 00:00:00-04:00,-1473.3479780141965,-1459.230261664151,-1467.667301445743,0.009529350969879741,0.00016390196904682582,5,True,252,907,1,0,0 days 00:00:00.217210,EEM,1.0,0.006975397277099027,-0.05030949191147372,-0.11526200116349425,0.038394706990628726,1.0,0.007003187704497824,-0.050763502162378356,-0.11622721517931336,0.038080197915253244
156,2022-06-03 00:00:00-04:00,-1471.7302524057654,-1457.6125360557198,-1466.049575837312,0.00959129231000309,0.00016495749740351413,5,True,252,907,1,0,0 days 00:00:00.337040,EEM,1.0,0.003635961434052231,-0.03144826643008169,-0.1234580676565028,0.0343979855679958,1.0,0.003650447336179921,-0.031713600935293844,-0.1248375745113806,0.03497413596869181
157,2022-06-10 00:00:00-04:00,-1468.091876680795,-1453.9741603307493,-1462.4112001123415,0.009705403390415911,0.0001673564162442418,5,True,252,907,1,0,0 days 00:00:00.217197,EEM,1.0,0.005070520246218688,-0.0330502614024836,-0.12630447510272627,0.04811937139220847,1.0,0.005090721522100035,-0.03334144299767179,-0.12762641347977544,0.04944603229321973
158,2022-06-17 00:00:00-04:00,-1454.9629609883737,-1440.845244638328,-1449.2822844199202,0.009959351542807023,0.00017630664750651343,5,True,252,907,1,0,0 days 00:00:00.220384,EEM,1.0,-0.004808254585046417,-0.037436680975882576,-0.10911642886732904,0.04076455486425397,1.0,-0.004827410977815515,-0.03776035828392901,-0.11096321465245627,0.038960010959767394
159,2022-06-27 00:00:00-04:00,-1449.819037988415,-1435.7013216383693,-1444.1383614199615,0.010075493216315684,0.00017994248406141028,5,True,252,907,1,0,0 days 00:00:00.207600,EEM,1.0,-0.010483360250116513,-0.05932733430063355,-0.08130908435112345,0.042211174702261996,1.0,-0.01052512662561496,-0.05991936903079201,-0.08389698711599494,0.03743914177134956
160,2022-07-05 00:00:00-04:00,-1449.472673710212,-1435.3549573601663,-1443.7919971417584,0.010118711354324777,0.00018018998571820466,5,True,252,907,1,0,0 days 00:00:00.174447,EEM,1.0,-0.009510082935329107,-0.06219859810692765,-0.08407340731349805,0.040484839459165395,1.0,-0.009547971711963883,-0.06279307510866379,-0.08667171128177505,0.0353994065891905
161,2022-07-12 00:00:00-04:00,-1450.5767223127505,-1436.4590059627049,-1444.896045744297,0.0100624762103516,0.00017937706209475286,5,True,252,907,1,0,0 days 00:00:00.159727,EEM,1.0,-0.002556715105212127,-0.08411765382158509,-0.07923024817421541,0.04493468400898285,1.0,-0.002566901221169132,-0.08479774276482749,-0.08122318152285196,0.03798838359617932
162,2022-07-19 00:00:00-04:00,-1449.368847466789,-1435.2511311167434,-1443.6881708983356,0.010108074923574822,0.00018025154631909083,5,True,252,907,1,0,0 days 00:00:00.148922,EEM,1.0,-9.212848643158464e-05,-0.07676055867094116,-0.07412245727419983,0.03483541126027833,1.0,-9.249553219426622e-05,-0.07737465235770508,-0.07548226695971452,0.02929861363928304
163,2022-07-26 00:00:00-04:00,-1449.585423732341,-1435.4677073822954,-1443.9047471638876,0.010105150308619732,0.0001801093791160253,5,True,252,907,1,0,0 days 00:00:00.149585,EEM,1.0,-0.019968280463230386,-0.061421819871301894,-0.06205276353754421,0.03948424764888972,1.0,-0.020047835365474338,-0.06234016562459574,-0.065650195716434,0.03355199532873239
164,2022-08-02 00:00:00-04:00,-1454.2903589448536,-1440.172642594808,-1448.6096823764,0.009976953973047977,0.000176777756621759,5,True,252,907,1,0,0 days 00:00:00.236740,EEM,1.0,-0.010061715535266847,-0.05680688358055918,-0.07806244558861676,0.044381500512370144,1.0,-0.010101802051343601,-0.05736923937850625,-0.08046713739080481,0.040136835817619995
165,2022-08-09 00:00:00-04:00,-1454.1529630761943,-1440.0352467261487,-1448.4722865077408,0.00998736827043027,0.00017687423222708938,5,True,252,907,1,0,0 days 00:00:00.218618,EEM,1.0,-0.009158380005345718,-0.05711016035620879,-0.07868363141967862,0.0417066841600634,1.0,-0.009194867575088092,-0.05765646182834848,-0.08099769387148169,0.03749682374505021
166,2022-08-16 00:00:00-04:00,-1453.0574682235783,-1438.9397518735327,-1447.3767916551249,0.010034604251869679,0.00017764486096849105,5,True,252,907,1,0,0 days 00:00:00.192198,EEM,1.0,-0.011718339835807409,-0.054527197504606204,-0.08467736521683886,0.04670761148077426,1.0,-0.011765026448699067,-0.05510945895443919,-0.08730541991707304,0.04232509132029324
167,2022-08-23 00:00:00-04:00,-1456.099771637666,-1441.9820552876204,-1450.4190950692125,0.00996521851715512,0.00017551311247900143,5,True,252,907,1,0,0 days 00:00:00.150494,EEM,1.0,-0.015394278283988982,-0.05629458065902816,-0.07548016488461412,0.04732839517195104,1.0,-0.015455610069980974,-0.05699742849797608,-0.07847112407633738,0.04239019576707993
168,2022-08-30 00:00:00-04:00,-1455.9987428922623,-1441.8810265422167,-1450.3180663238088,0.009954244179888423,0.0001755835074559246,5,True,252,907,1,0,0 days 00:00:00.293922,EEM,1.0,-0.019063463184354697,-0.05348747161502205,-0.09523967671699488,0.043313487390785776,1.0,-0.019139413236882008,-0.05430158012647229,-0.0988419380818901,0.03710708022558799
169,2022-09-07 00:00:00-04:00,-1456.7988498195118,-1442.6811334694662,-1451.1181732510584,0.009939649537670526,0.00017502689061870547,5,True,252,907,1,0,0 days 00:00:00.142871,EEM,1.0,-0.022074702530904537,-0.05179201062807143,-0.1020850108995009,0.0539320350882014,1.0,-0.022162649552940002,-0.052723426601006776,-0.10604820804261275,0.047266185321744786
170,2022-09-14 00:00:00-04:00,-1450.2101844303809,-1436.0924680803353,-1444.5295078619274,0.01009756648259603,0.00017966251528227876,5,True,252,907,1,0,0 days 00:00:00.252947,EEM,1.0,-0.03245977349489113,-0.05750069352201297,-0.09250733161408482,0.03316866815669384,1.0,-0.0325890953016437,-0.0590854999066926,-0.097993729698726,0.023446850755556914
171,2022-09-21 00:00:00-04:00,-1452.5880722606414,-1438.4703559105958,-1446.907395692188,0.010070353573288053,0.00017797604375463692,5,True,252,907,1,0,0 days 00:00:00.273485,EEM,1.0,-0.03194470954423354,-0.05342355073134411,-0.07628559908491075,0.022935582577004014,1.0,-0.03207197930337389,-0.054936058875135724,-0.08111659060297846,0.014798428800125819
172,2022-09-28 00:00:00-04:00,-1451.2067628621735,-1437.0890465121279,-1445.52608629372,0.010060099662785241,0.00017895401918027236,5,True,252,907,1,0,0 days 00:00:00.275084,EEM,1.0,-0.021602526939066377,-0.043457090448264145,-0.07874133475908268,0.025267911949182258,1.0,-0.021688592783445124,-0.04429597883826358,-0.08184189752890345,0.019966995744639678
173,2022-10-05 00:00:00-04:00,-1442.9394016732883,-1428.8216853232427,-1437.2587251048349,0.010231667380032365,0.00018492259450486782,5,True,252,907,1,0,0 days 00:00:00.228317,EEM,1.0,-0.006698719251682129,-0.05394461263476507,-0.08162818733776481,0.046142773440226666,1.0,-0.006725407376190849,-0.054423862291614764,-0.0836147208944524,0.042798312970496466
174,2022-10-12 00:00:00-04:00,-1441.2096284250044,-1427.0919120749588,-1435.528951856551,0.010297623623901596,0.00018619629948309782,5,True,252,907,1,0,0 days 00:00:00.193445,EEM,1.0,0.004815216382189435,-0.04923892116900527,-0.09604684196010355,0.021198892284618222,1.0,0.004834400511202113,-0.049657364530194856,-0.09695344258456627,0.019829875027891075
175,2022-10-19 00:00:00-04:00,-1437.7234174236692,-1423.6057010736235,-1432.0427408552157,0.010350638204740891,0.00018879004167797665,5,True,252,907,1,0,0 days 00:00:00.347116,EEM,1.0,-0.006581541007513773,-0.06548858975622218,-0.08655400400431122,0.007024955281126551,1.0,-0.006607762286428173,-0.06605904530125337,-0.08889009792762409,0.0010300585119882757
176,2022-10-26 00:00:00-04:00,-1436.1556710927925,-1422.037954742747,-1430.474994524339,0.0103439810749087,0.00018964569347485236,5,True,252,907,1,0,0 days 00:00:00.318667,EEM,1.0,-0.022489391460238234,-0.08238904478174269,-0.05959844380780094,0.014288737923545587,1.0,-0.02257899062940254,-0.08360058844220514,-0.0647211255655185,0.004230684701313781
177,2022-11-02 00:00:00-04:00,-1435.3846579457788,-1421.2669415957332,-1429.7039813773254,0.010369690978979133,0.0001902624331208468,5,True,252,907,1,0,0 days 00:00:00.396782,EEM,1.0,-0.021482625365547642,-0.09195574334166537,-0.05454325382406995,0.023257795623174933,1.0,-0.021568213514414365,-0.09319993259739494,-0.05994440324623674,0.012114202680858215
178,2022-11-09 00:00:00-05:00,-1425.9728692447216,-1411.855152894676,-1420.292192676268,0.01059595180732064,0.00019753048327702944,5,True,252,907,1,0,0 days 00:00:00.416996,EEM,1.0,-0.015964065407861543,-0.08295785222815616,-0.053502796811908476,0.017116629780458092,1.0,-0.01602766726207614,-0.08389995389729085,-0.05736325842932023,0.008260096399989047
179,2022-11-16 00:00:00-05:00,-1404.6073061750308,-1390.4895898249852,-1398.9266296065773,0.011169320114889922,0.0002153017198899469,5,True,252,907,1,0,0 days 00:00:00.170055,EEM,1.0,-0.018304111253055547,-0.0702241902874101,-0.036574950664657054,0.030884490576754384,1.0,-0.01837703599908364,-0.07114772694859414,-0.039932038541404154,0.0248969732619979
180,2022-11-23 00:00:00-05:00,-1404.4375725831117,-1390.319856233066,-1398.7568960146582,0.011206695085427439,0.00021544933664635943,5,True,252,907,1,0,0 days 00:00:00.150824,EEM,1.0,-0.019491769518499447,-0.07194899560219994,-0.041043516423748934,0.0275034739727548,1.0,-0.01956942597076438,-0.07293548154929615,-0.044743160238088366,0.020866499757107995
181,2022-12-01 00:00:00-05:00,-1403.077490311805,-1388.9597739617593,-1397.3968137433515,0.01127274636512387,0.00021661355356976446,5,True,252,907,1,0,0 days 00:00:00.218111,EEM,1.0,-0.009010806180966606,-0.07620184188730196,-0.03750668503360354,0.04275481739499201,1.0,-0.009046705807185591,-0.07689959319299834,-0.03964022771276964,0.03694301922648196
