,asofdate,aic,bic,hqic,mae,mse,forecastHorizon,diff,trainDFLength,num_models,order_p,order_q,time,product_name,ar.L1.close
0,2012-06-04 13:30:00+00:00,-720.0015089315535,-709.4132216690192,-715.7410015052134,0.04193187719596634,0.0032835277299414676,5,True,252,1200,1,0,0 days 00:00:00.103013,siv,0.06287381062515904
1,2012-06-11 13:30:00+00:00,-719.6388746560013,-709.050587393467,-715.3783672296612,0.0419126972442596,0.003288255991955651,5,True,252,1200,1,0,0 days 00:00:00.093985,siv,0.06286485724857208
2,2012-06-18 13:30:00+00:00,-717.5874415295942,-706.9991542670599,-713.3269341032541,0.042023292185431285,0.0033151345804460688,5,True,252,1200,1,0,0 days 00:00:00.091005,siv,0.06286636531440841
3,2012-06-25 13:30:00+00:00,-712.7207375542865,-702.1324502917522,-708.4602301279464,0.04266734582778638,0.0033797815308305775,5,True,252,1200,1,0,0 days 00:00:00.110991,siv,0.06303050191052333
4,2012-07-02 13:30:00+00:00,-719.8248698002398,-709.2365825377054,-715.5643623738996,0.042096272041832944,0.0032858252377873294,5,True,252,1200,1,0,0 days 00:00:00.114007,siv,0.06293159376118412
5,2012-07-10 13:30:00+00:00,-706.1468337440193,-695.558546481485,-701.8863263176792,0.04289470907977081,0.003469079920656322,5,True,252,1200,1,0,0 days 00:00:00.118996,siv,0.06313336350974197
6,2012-07-17 13:30:00+00:00,-713.2734071123613,-702.685119849827,-709.0128996860211,0.04208347892208988,0.003372374944439956,5,True,252,1200,1,0,0 days 00:00:00.090008,siv,0.06281927745211185
7,2012-07-24 13:30:00+00:00,-698.3648144235918,-687.7765271610575,-694.1043069972517,0.043484063492320355,0.0035778979212934834,5,True,252,1200,1,0,0 days 00:00:00.168736,siv,0.06337286866826072
8,2012-08-01 13:30:00+00:00,-694.5616188076132,-683.9733315450788,-690.301111381273,0.04386966423057587,0.0036322687856224583,5,True,252,1200,1,0,0 days 00:00:00.217815,siv,0.06276699968667167
9,2012-08-08 13:30:00+00:00,-698.8981804955096,-688.3098932329752,-694.6376730691694,0.04344878836246976,0.003570300722612318,5,True,252,1200,1,0,0 days 00:00:00.191879,siv,0.06277236314224302
10,2012-08-15 13:30:00+00:00,-695.5196068972406,-684.9313196347063,-691.2590994709004,0.04383412445533729,0.0036184673834777667,5,True,252,1200,1,0,0 days 00:00:00.136374,siv,0.06270897373145387
11,2012-08-22 13:30:00+00:00,-692.5376220495324,-681.9493347869981,-688.2771146231922,0.044288040348057583,0.003661546125276778,5,True,252,1200,1,0,0 days 00:00:00.192898,siv,0.06274634212510664
12,2012-08-29 13:30:00+00:00,-692.8239980112018,-682.2357107486674,-688.5634905848616,0.04422835116232832,0.0036573974585126555,5,True,252,1200,1,0,0 days 00:00:00.114998,siv,0.06275419719868096
13,2012-09-06 13:30:00+00:00,-692.6957105148273,-682.107423252293,-688.4352030884871,0.04430670537226935,0.003659238280995042,5,True,252,1200,1,0,0 days 00:00:00.153008,siv,0.06268916705604588
14,2012-09-13 13:30:00+00:00,-693.102344059652,-682.5140567971176,-688.8418366333118,0.04417478581384329,0.003653366400555452,5,True,252,1200,1,0,0 days 00:00:00.156769,siv,0.0627920400049056
15,2012-09-20 13:30:00+00:00,-695.3697447696337,-684.7814575070994,-691.1092373432936,0.04382121014415438,0.0036206604005600378,5,True,252,1200,1,0,0 days 00:00:00.128000,siv,0.06281490473922333
16,2012-09-27 13:30:00+00:00,-707.6575286731664,-697.0692414106321,-703.3970212468263,0.04260595755075018,0.0034484386609565996,5,True,252,1200,1,0,0 days 00:00:00.127995,siv,0.06305584730078301
17,2012-10-04 13:30:00+00:00,-706.7046276198115,-696.1163403572772,-702.4441201934713,0.042474306583085514,0.0034614394733246344,5,True,252,1200,1,0,0 days 00:00:00.085000,siv,0.06330725306901909
18,2012-10-11 13:30:00+00:00,-696.9076930545804,-686.319405792046,-692.6471856282402,0.043021600564601054,0.0035998187146075765,5,True,252,1200,1,0,0 days 00:00:00.162996,siv,0.06584341100355959
19,2012-10-18 13:30:00+00:00,-706.8064445544848,-696.2181572919504,-702.5459371281446,0.04245099520418408,0.0034600382396516123,5,True,252,1200,1,0,0 days 00:00:00.083998,siv,0.06288258116284308
20,2012-10-25 13:30:00+00:00,-710.3325097842556,-699.7442225217213,-706.0720023579155,0.0419286807941133,0.0034119381132749955,5,True,252,1200,1,0,0 days 00:00:00.090011,siv,0.06280501970644514
21,2012-11-05 14:30:00+00:00,-710.7874442282563,-700.199156965722,-706.5269368019161,0.04186435663790439,0.0034057834446251274,5,True,252,1200,1,0,0 days 00:00:00.090992,siv,0.06281226217904771
22,2012-11-12 14:30:00+00:00,-707.7974678542824,-697.2091805917481,-703.5369604279423,0.042072303994491564,0.003446435674700451,5,True,252,1200,1,0,0 days 00:00:00.185004,siv,0.06321884893960691
23,2012-11-19 14:30:00+00:00,-708.281799938569,-697.6935126760346,-704.0212925122288,0.0417635749082781,0.003439798831251669,5,True,252,1200,1,0,0 days 00:00:00.194003,siv,0.0629315760599407
24,2012-11-27 14:30:00+00:00,-711.3858377974053,-700.797550534871,-707.1253303710652,0.04120537422997199,0.0033977864599500866,5,True,252,1200,1,0,0 days 00:00:00.309995,siv,0.06300254314818149
25,2012-12-04 14:30:00+00:00,-715.9755040486456,-705.3872167861113,-711.7149966223054,0.04039266169506066,0.0033363791996326203,5,True,252,1200,1,0,0 days 00:00:00.187007,siv,0.06279599620897
26,2012-12-11 14:30:00+00:00,-714.05409713962,-703.4658098770857,-709.7935897132799,0.04073785774673515,0.0033619133357851282,5,True,252,1200,1,0,0 days 00:00:00.161993,siv,0.062996182880995
27,2012-12-18 14:30:00+00:00,-712.249310952321,-701.6610236897867,-707.9888035259809,0.04096029448229546,0.0033860800124209762,5,True,252,1200,1,0,0 days 00:00:00.153039,siv,0.06285453252029088
28,2012-12-26 14:30:00+00:00,-708.6931189799906,-698.1048317174562,-704.4326115536504,0.041318415862023436,0.0034342117183486565,5,True,252,1200,1,0,0 days 00:00:00.159006,siv,0.06282805318712933
29,2013-01-03 14:30:00+00:00,-710.9739170693434,-700.3856298068091,-706.7134096430033,0.0410402403437549,0.0034032971757647643,5,True,252,1200,1,0,0 days 00:00:00.200631,siv,0.06296751959016218
30,2013-01-10 14:30:00+00:00,-712.5854604884358,-701.9971732259015,-708.3249530620957,0.04061376727411405,0.0033815774458706266,5,True,252,1200,1,0,0 days 00:00:00.134001,siv,0.06283371495868405
31,2013-01-17 14:30:00+00:00,-716.696408295726,-706.1081210331917,-712.4359008693858,0.04047406988382621,0.003326841091918963,5,True,252,1200,1,0,0 days 00:00:00.111996,siv,0.0627742076182973
32,2013-01-25 14:30:00+00:00,-719.0357177944105,-708.4474305318762,-714.7752103680704,0.04010013209877705,0.003296106350383432,5,True,252,1200,1,0,0 days 00:00:00.086023,siv,0.06279905748991874
33,2013-02-01 14:30:00+00:00,-719.6719765867896,-709.0836893242553,-715.4114691604494,0.03996370541274971,0.003287792514621727,5,True,252,1200,1,0,0 days 00:00:00.090978,siv,0.06278218115018631
34,2013-02-08 14:30:00+00:00,-719.4928528904767,-708.9045656279424,-715.2323454641365,0.04004071840310091,0.0032901508018018046,5,True,252,1200,1,0,0 days 00:00:00.126998,siv,0.06289270148078331
35,2013-02-15 14:30:00+00:00,-717.7341253099968,-707.1458380474625,-713.4736178836566,0.04030950333369719,0.0033131739671836704,5,True,252,1200,1,0,0 days 00:00:00.068999,siv,0.06290829736269897
36,2013-02-25 14:30:00+00:00,-719.4996205349136,-708.9113332723792,-715.2391131085734,0.04037251185413349,0.0032900587379161403,5,True,252,1200,1,0,0 days 00:00:00.085999,siv,0.06285223173309071
37,2013-03-04 14:30:00+00:00,-721.0546410095025,-710.4663537469681,-716.7941335831623,0.03998174116481618,0.0032698329560277373,5,True,252,1200,1,0,0 days 00:00:00.113009,siv,0.06290923881281722
38,2013-03-11 13:30:00+00:00,-723.2179353909877,-712.6296481284534,-718.9574279646475,0.039548161519545884,0.003241873034042959,5,True,252,1200,1,0,0 days 00:00:00.148996,siv,0.06285481726055404
39,2013-03-18 13:30:00+00:00,-724.5629306001866,-713.9746433376523,-720.3024231738465,0.03926118591778629,0.0032246346753148896,5,True,252,1200,1,0,0 days 00:00:00.094028,siv,0.06295446582508692
40,2013-03-25 13:30:00+00:00,-726.7285742579921,-716.1402869954578,-722.468066831652,0.03883102523731755,0.0031969862957770038,5,True,252,1200,1,0,0 days 00:00:00.092972,siv,0.06276859996895508
41,2013-04-02 13:30:00+00:00,-720.681587361344,-710.0933000988097,-716.4210799350038,0.03970129818681654,0.0032746295305567472,5,True,252,1200,1,0,0 days 00:00:00.099998,siv,0.06275186058688158
42,2013-04-09 13:30:00+00:00,-737.1585889459956,-726.5703016834613,-732.8980815196554,0.03875194691096004,0.0030673982480056926,5,True,252,1200,1,0,0 days 00:00:00.195999,siv,0.06282671533234718
43,2013-04-16 13:30:00+00:00,-736.7573539498316,-726.1690666872972,-732.4968465234914,0.03876867837573668,0.0030722851704231982,5,True,252,1200,1,0,0 days 00:00:00.098023,siv,0.06281606075436436
44,2013-04-23 13:30:00+00:00,-739.9975863988722,-729.4092991363378,-735.737078972532,0.038662192623399795,0.003033041551921752,5,True,252,1200,1,0,0 days 00:00:00.090980,siv,0.06285386486488427
45,2013-04-30 13:30:00+00:00,-756.0729151404609,-745.4846278779265,-751.8124077141207,0.03733522849301443,0.0028456029374507993,5,True,252,1200,1,0,0 days 00:00:00.088034,siv,0.0628428706940108
46,2013-05-07 13:30:00+00:00,-777.0378144058176,-766.4495271432833,-772.7773069794774,0.03609025659829782,0.002618433381419427,5,True,252,1200,1,0,0 days 00:00:00.095964,siv,0.06283019423520986
47,2013-05-14 13:30:00+00:00,-780.1360349105483,-769.547747648014,-775.8755274842082,0.035712059481879124,0.0025866091730410534,5,True,252,1200,1,0,0 days 00:00:00.090067,siv,0.06326531556788766
48,2013-05-21 13:30:00+00:00,-795.8958766867987,-785.3075894242644,-791.6353692604586,0.035079844502902996,0.0024296507529123473,5,True,252,1200,1,0,0 days 00:00:00.072930,siv,0.06307750106281308
49,2013-05-29 13:30:00+00:00,-730.661306956957,-720.0730196944227,-726.4007995306168,0.03768584758115233,0.0031476089678459315,5,True,252,1200,1,0,0 days 00:00:00.113005,siv,0.06247700740306567
50,2013-06-05 13:30:00+00:00,-729.1380217344425,-718.5497344719082,-724.8775143081024,0.03776766262036458,0.003166349678546724,5,True,252,1200,1,0,0 days 00:00:00.069003,siv,0.06222453894621497
51,2013-06-12 13:30:00+00:00,-730.0208316988115,-719.4325444362772,-725.7603242724714,0.03760076794717722,0.00315527391217461,5,True,252,1200,1,0,0 days 00:00:00.084237,siv,0.06219148778690343
52,2013-06-19 13:30:00+00:00,-729.2314574899721,-718.6431702274377,-724.9709500636319,0.037811117999256946,0.003166118065267598,5,True,252,1200,1,0,0 days 00:00:00.121002,siv,0.06259182913584592
53,2013-06-26 13:30:00+00:00,-735.6215224245192,-725.0332351619849,-731.361014998179,0.03731988492093336,0.0030861266129376384,5,True,252,1200,1,0,0 days 00:00:00.108998,siv,0.062303888752406646
54,2013-07-03 13:30:00+00:00,-728.4944656191539,-717.9061783566195,-724.2339581928137,0.037404116934595395,0.003174526791902422,5,True,252,1200,1,0,0 days 00:00:00.087000,siv,0.0628996483045662
55,2013-07-11 13:30:00+00:00,-736.4663270452264,-725.8780397826921,-732.2058196188863,0.03732428659179266,0.003076140295719859,5,True,252,1200,1,0,0 days 00:00:00.093044,siv,0.06248793495355551
56,2013-07-18 13:30:00+00:00,-739.8375677193566,-729.2492804568222,-735.5770602930164,0.03692310754248939,0.003035327955701562,5,True,252,1200,1,0,0 days 00:00:00.134053,siv,0.062342222892162916
57,2013-07-25 13:30:00+00:00,-748.2827082100181,-737.6944209474838,-744.0222007836779,0.03651863260833722,0.0029363993912969724,5,True,252,1200,1,0,0 days 00:00:00.175891,siv,0.06282122048584074
58,2013-08-01 13:30:00+00:00,-760.0544231935099,-749.4661359309756,-755.7939157671698,0.03552011007267957,0.002800929461794344,5,True,252,1200,1,0,0 days 00:00:00.315773,siv,0.0616034472868958
59,2013-08-08 13:30:00+00:00,-763.8150566416317,-753.2267693790974,-759.5545492152916,0.034897948760574594,0.0027591511942101255,5,True,252,1200,1,0,0 days 00:00:00.230551,siv,0.06145992597740118
60,2013-08-15 13:30:00+00:00,-772.3810669224519,-761.7927796599175,-768.1205594961117,0.0341925189951738,0.002667163614226243,5,True,252,1200,1,0,0 days 00:00:00.165003,siv,0.061280435222477794
61,2013-08-22 13:30:00+00:00,-771.9008935108246,-761.3126062482903,-767.6403860844845,0.034314116499178454,0.002673082263232099,5,True,252,1200,1,0,0 days 00:00:00.121999,siv,0.06141898074517655
62,2013-08-29 13:30:00+00:00,-763.900969304865,-753.3126820423307,-759.6404618785249,0.03505364448006599,0.002758165206744865,5,True,252,1200,1,0,0 days 00:00:00.116001,siv,0.06135213363763964
63,2013-09-06 13:30:00+00:00,-761.1275809906582,-750.5392937281239,-756.867073564318,0.03512335929969971,0.002788689237611402,5,True,252,1200,1,0,0 days 00:00:00.113006,siv,0.061458072606960755
64,2013-09-13 13:30:00+00:00,-760.0693255038078,-749.4810382412735,-755.8088180774677,0.03542908603061763,0.0028014597743958912,5,True,252,1200,1,0,0 days 00:00:00.138579,siv,0.061746912545053524
65,2013-09-20 13:30:00+00:00,-767.3690750314707,-756.7807877689364,-763.1085676051306,0.03469772968099464,0.0027203303233282318,5,True,252,1200,1,0,0 days 00:00:00.086020,siv,0.06129077626455762
66,2013-09-27 13:30:00+00:00,-766.1075030403964,-755.5192157778621,-761.8469956140563,0.03501367389911379,0.0027340383177997026,5,True,252,1200,1,0,0 days 00:00:00.095981,siv,0.061369333627376926
67,2013-10-04 13:30:00+00:00,-763.990631703734,-753.4023444411997,-759.7301242773939,0.03524062966268231,0.0027570932921505264,5,True,252,1200,1,0,0 days 00:00:00.082005,siv,0.06135053792130265
68,2013-10-11 13:30:00+00:00,-768.4947034530493,-757.906416190515,-764.2341960267091,0.03486738690692779,0.002708203962997737,5,True,252,1200,1,0,0 days 00:00:00.081003,siv,0.06141896121281183
69,2013-10-18 13:30:00+00:00,-793.2563618812582,-782.6680746187238,-788.995854454918,0.03352756499744268,0.0024547175446720296,5,True,252,1200,1,0,0 days 00:00:00.116999,siv,0.06091528647869688
70,2013-10-25 13:30:00+00:00,-791.3518309722516,-780.7635437097173,-787.0913235459115,0.03382757972494146,0.00247328367057234,5,True,252,1200,1,0,0 days 00:00:00.086996,siv,0.061058592273901334
71,2013-11-01 13:30:00+00:00,-794.1529577751666,-783.5646705126322,-789.8924503488264,0.03358567419960921,0.0024459978930194133,5,True,252,1200,1,0,0 days 00:00:00.111999,siv,0.060939559182262446
72,2013-11-08 14:30:00+00:00,-770.5651932414543,-759.97690597892,-766.3046858151141,0.0346096285284407,0.0026876738528837465,5,True,252,1200,1,0,0 days 00:00:00.124025,siv,0.06403875247634079
73,2013-11-15 14:30:00+00:00,-771.3768725415447,-760.7885852790104,-767.1163651152045,0.034259329999890904,0.0026776041907294293,5,True,252,1200,1,0,0 days 00:00:00.209974,siv,0.06147631736408745
74,2013-11-22 14:30:00+00:00,-772.5472474753727,-761.9589602128384,-768.2867400490326,0.0340861105880004,0.0026653025915810797,5,True,252,1200,1,0,0 days 00:00:00.102001,siv,0.0616049843657324
75,2013-12-02 14:30:00+00:00,-767.1877906004632,-756.5995033379289,-762.9272831741231,0.03477257218467376,0.00272236605544225,5,True,252,1200,1,0,0 days 00:00:00.084004,siv,0.06160304327967072
76,2013-12-09 14:30:00+00:00,-765.4397725860398,-754.8514853235055,-761.1792651596996,0.03491464997038144,0.002741277335010703,5,True,252,1200,1,0,0 days 00:00:00.218998,siv,0.06131323474242271
77,2013-12-16 14:30:00+00:00,-766.5238963633229,-755.9356091007886,-762.2633889369828,0.03483427706426468,0.0027306358559008696,5,True,252,1200,1,0,0 days 00:00:00.194003,siv,0.061704631327403725
78,2013-12-23 14:30:00+00:00,-775.2727950544739,-764.6845077919396,-771.0122876281338,0.033888518541225765,0.00263631121010422,5,True,252,1200,1,0,0 days 00:00:00.210849,siv,0.06121519956221351
79,2013-12-31 14:30:00+00:00,-776.7025449435895,-766.1142576810552,-772.4420375172493,0.033737322500728646,0.0026214491549622133,5,True,252,1200,1,0,0 days 00:00:00.176003,siv,0.061177709585569555
80,2014-01-08 14:30:00+00:00,-774.5280070889188,-763.9397198263845,-770.2674996625786,0.034137932838807596,0.0026441185002658925,5,True,252,1200,1,0,0 days 00:00:00.112001,siv,0.06117839882692743
81,2014-01-15 14:30:00+00:00,-776.9397347567029,-766.3514474941686,-772.6792273303628,0.034185539029309195,0.00261927800514335,5,True,252,1200,1,0,0 days 00:00:00.171002,siv,0.06137282815102323
82,2014-01-23 14:30:00+00:00,-774.618928830212,-764.0306415676777,-770.3584214038718,0.03436215480717933,0.002643270589299611,5,True,252,1200,1,0,0 days 00:00:00.130992,siv,0.0613041957518298
83,2014-01-30 14:30:00+00:00,-774.5463715363954,-763.9580842738611,-770.2858641100553,0.03423845647280698,0.0026439660727898616,5,True,252,1200,1,0,0 days 00:00:00.087993,siv,0.06122429330023
84,2014-02-06 14:30:00+00:00,-773.2981054274732,-762.7098181649388,-769.037598001133,0.034427276755311056,0.002657062551301316,5,True,252,1200,1,0,0 days 00:00:00.080002,siv,0.06124072096345724
85,2014-02-13 14:30:00+00:00,-770.8922835325756,-760.3039962700412,-766.6317761062354,0.03481162602116176,0.0026825820758830834,5,True,252,1200,1,0,0 days 00:00:00.076037,siv,0.06153378842962435
86,2014-02-21 14:30:00+00:00,-770.9465438713202,-760.3582566087858,-766.68603644498,0.03463716361001411,0.0026821067392447094,5,True,252,1200,1,0,0 days 00:00:00.090000,siv,0.06163129663966835
87,2014-02-28 14:30:00+00:00,-766.3952835317617,-755.8069962692274,-762.1347761054216,0.03527038226602321,0.0027309438385865817,5,True,252,1200,1,0,0 days 00:00:00.068999,siv,0.061501718361206645
88,2014-03-07 14:30:00+00:00,-766.0922714393063,-755.503984176772,-761.8317640129661,0.03531265960566959,0.0027342180647527124,5,True,252,1200,1,0,0 days 00:00:00.066965,siv,0.06154764133398376
89,2014-03-14 13:30:00+00:00,-764.9921050788954,-754.4038178163611,-760.7315976525553,0.03549491635839462,0.002746828542564725,5,True,252,1200,1,0,0 days 00:00:00.097038,siv,0.06170416232168916
90,2014-03-21 13:30:00+00:00,-765.5602808454151,-754.9719935828808,-761.299773419075,0.03543187917813621,0.0027400411319939712,5,True,252,1200,1,0,0 days 00:00:00.164964,siv,0.06161167424680482
91,2014-03-28 13:30:00+00:00,-771.8414770984799,-761.2531898359456,-767.5809696721398,0.034924221967532657,0.0026728682138006878,5,True,252,1200,1,0,0 days 00:00:00.099997,siv,0.06161479907536815
92,2014-04-04 13:30:00+00:00,-766.2095034906475,-755.6212162281132,-761.9489960643074,0.03542725826631735,0.002733196861268911,5,True,252,1200,1,0,0 days 00:00:00.097008,siv,0.06161241548784502
93,2014-04-11 13:30:00+00:00,-765.3773961235362,-754.7891088610019,-761.116888697196,0.03556928250508558,0.002742731975414081,5,True,252,1200,1,0,0 days 00:00:00.101006,siv,0.061823595512310064
94,2014-04-21 13:30:00+00:00,-766.7003235008223,-756.1120362382879,-762.4398160744821,0.035332436067850706,0.00272797296274292,5,True,252,1200,1,0,0 days 00:00:00.103023,siv,0.06173182159271508
95,2014-04-28 13:30:00+00:00,-766.7778616411052,-756.1895743785709,-762.5173542147651,0.035265982767669554,0.00272693345769184,5,True,252,1200,1,0,0 days 00:00:00.101998,siv,0.06170034927646139
96,2014-05-05 13:30:00+00:00,-764.2771938365071,-753.6889065739728,-760.0166864101669,0.03560510644989627,0.002754085311491541,5,True,252,1200,1,0,0 days 00:00:00.092975,siv,0.06175676627866833
97,2014-05-12 13:30:00+00:00,-763.8588792444126,-753.2705919818783,-759.5983718180725,0.035621431208616064,0.0027597820908476724,5,True,252,1200,1,0,0 days 00:00:00.104992,siv,0.062051048110954764
98,2014-05-19 13:30:00+00:00,-766.6629164700074,-756.0746292074731,-762.4024090436673,0.035351533044323355,0.002728446420536735,5,True,252,1200,1,0,0 days 00:00:00.116998,siv,0.06183549554955028
99,2014-05-27 13:30:00+00:00,-844.0052456271791,-833.4169583646448,-839.7447382008389,0.0326850168879601,0.002007387858019616,5,True,252,1200,1,0,0 days 00:00:00.117035,siv,0.06298677380768446
100,2014-06-03 13:30:00+00:00,-849.4390589114518,-838.8507716489174,-845.1785514851116,0.032288535124159266,0.0019645388361368274,5,True,252,1200,1,0,0 days 00:00:00.089971,siv,0.0626753509994086
101,2014-06-10 13:30:00+00:00,-850.12886926934,-839.5405820068057,-845.8683618429999,0.03216736516789579,0.001959158840629112,5,True,252,1200,1,0,0 days 00:00:00.090996,siv,0.06264937147912494
102,2014-06-17 13:30:00+00:00,-848.2080675287624,-837.6197802662281,-843.9475601024222,0.03244952693296037,0.001974137143605905,5,True,252,1200,1,0,0 days 00:00:00.081010,siv,0.06267994108669553
103,2014-06-24 13:30:00+00:00,-848.3214382059697,-837.7331509434354,-844.0609307796295,0.03243930759384534,0.0019732719341483823,5,True,252,1200,1,0,0 days 00:00:00.083999,siv,0.06277736042432966
104,2014-07-01 13:30:00+00:00,-854.5234634818402,-843.9351762193058,-850.2629560555,0.032228336256607974,0.0019253150865063213,5,True,252,1200,1,0,0 days 00:00:00.078995,siv,0.063047904542354
105,2014-07-09 13:30:00+00:00,-841.313258276674,-830.7249710141397,-837.0527508503338,0.03256323774922804,0.0020289490994385645,5,True,252,1200,1,0,0 days 00:00:00.230097,siv,0.06286509487438031
106,2014-07-16 13:30:00+00:00,-844.7821129312609,-834.1938256687266,-840.5216055049208,0.03214293658459259,0.002001209132215887,5,True,252,1200,1,0,0 days 00:00:00.392580,siv,0.06282481228264251
107,2014-07-23 13:30:00+00:00,-845.5979708762326,-835.0096836136983,-841.3374634498924,0.03202976924624209,0.001994775824507995,5,True,252,1200,1,0,0 days 00:00:00.159408,siv,0.06311936258021777
108,2014-07-30 13:30:00+00:00,-861.5794651661337,-850.9911779035994,-857.3189577397935,0.030909456675185232,0.0018721781720760214,5,True,252,1200,1,0,0 days 00:00:00.139168,siv,0.06288400963956262
109,2014-08-06 13:30:00+00:00,-859.2736980265098,-848.6854107639755,-855.0131906001697,0.03129009718802893,0.0018893869775606716,5,True,252,1200,1,0,0 days 00:00:00.103989,siv,0.06296214232097538
110,2014-08-13 13:30:00+00:00,-852.1686314630684,-841.5803442005341,-847.9081240367283,0.03172253161407318,0.001943415610867665,5,True,252,1200,1,0,0 days 00:00:00.147506,siv,0.06320059310358998
111,2014-08-20 13:30:00+00:00,-856.9372123665754,-846.3489251040411,-852.6767049402353,0.03144396248104544,0.0019069863420911595,5,True,252,1200,1,0,0 days 00:00:00.098999,siv,0.06298382955550313
112,2014-08-27 13:30:00+00:00,-866.2415063582606,-855.6532190957263,-861.9809989319205,0.0308645536631387,0.001837861037546878,5,True,252,1200,1,0,0 days 00:00:00.085998,siv,0.06338009514564985
113,2014-09-04 13:30:00+00:00,-868.8381132804221,-858.2498260178878,-864.577605854082,0.03055680357902481,0.0018190208419452544,5,True,252,1200,1,0,0 days 00:00:00.130125,siv,0.06335893105167638
114,2014-09-11 13:30:00+00:00,-870.3334399258387,-859.7451526633043,-866.0729324994985,0.030245235707305657,0.0018082591019234668,5,True,252,1200,1,0,0 days 00:00:00.080990,siv,0.06290558320588188
115,2014-09-18 13:30:00+00:00,-867.0635175765855,-856.4752303140511,-862.8030101502453,0.03056067045967733,0.0018318758466919253,5,True,252,1200,1,0,0 days 00:00:00.163005,siv,0.06314676772248928
116,2014-09-25 13:30:00+00:00,-854.3474831356033,-843.759195873069,-850.0869757092631,0.031267695050710566,0.0019266837673545137,5,True,252,1200,1,0,0 days 00:00:00.104001,siv,0.0632670922943165
117,2014-10-02 13:30:00+00:00,-851.7156633828293,-841.127376120295,-847.4551559564892,0.03144545225234137,0.0019469090591586907,5,True,252,1200,1,0,0 days 00:00:00.109005,siv,0.06287055583841714
118,2014-10-09 13:30:00+00:00,-850.3836078393691,-839.7953205768348,-846.123100413029,0.03167274204096922,0.001957230483123863,5,True,252,1200,1,0,0 days 00:00:00.098997,siv,0.0630289447214733
119,2014-10-16 13:30:00+00:00,-827.2559376032463,-816.6676503407119,-822.9954301769061,0.03264256389451062,0.0021453591979750174,5,True,252,1200,1,0,0 days 00:00:00.115998,siv,0.06298879601158468
120,2014-10-23 13:30:00+00:00,-824.8290542400433,-814.240766977509,-820.5685468137032,0.03295032781576252,0.0021661199401536184,5,True,252,1200,1,0,0 days 00:00:00.064005,siv,0.06294284750660718
121,2014-10-30 13:30:00+00:00,-813.1025808215751,-802.5142935590408,-808.8420733952349,0.03370379187529228,0.0022692989649374285,5,True,252,1200,1,0,0 days 00:00:00.186995,siv,0.0628949377725413
122,2014-11-06 14:30:00+00:00,-810.0107099834566,-799.4224227209223,-805.7502025571165,0.03393380320329415,0.0022973113288067156,5,True,252,1200,1,0,0 days 00:00:00.136000,siv,0.06297739942871569
123,2014-11-13 14:30:00+00:00,-832.3437734623002,-821.7554861997659,-828.08326603596,0.033637795124962275,0.0021024786490602184,5,True,252,1200,1,0,0 days 00:00:00.138004,siv,0.06306114241305016
124,2014-11-20 14:30:00+00:00,-822.8159446507653,-812.227657388231,-818.5554372244252,0.03438788502318576,0.0021834933561845566,5,True,252,1200,1,0,0 days 00:00:00.117995,siv,0.06302450300164804
125,2014-11-28 14:30:00+00:00,-805.3981765834366,-794.8098893209022,-801.1376691570964,0.03498923114554141,0.0023397527562390216,5,True,252,1200,1,0,0 days 00:00:00.159006,siv,0.06566043172533922
126,2014-12-05 14:30:00+00:00,-806.1801402870184,-795.5918530244841,-801.9196328606782,0.034717489995916215,0.0023325000776666634,5,True,252,1200,1,0,0 days 00:00:00.162998,siv,0.06292318774248537
127,2014-12-12 14:30:00+00:00,-806.4767298541495,-795.8884425916152,-802.2162224278094,0.03470714109990962,0.002329756284480761,5,True,252,1200,1,0,0 days 00:00:00.139993,siv,0.06291004761265821
128,2014-12-19 14:30:00+00:00,-804.7673295539522,-794.1790422914179,-800.506822127612,0.035043165421947305,0.002345615322328238,5,True,252,1200,1,0,0 days 00:00:00.128004,siv,0.06323732796722376
129,2014-12-29 14:30:00+00:00,-806.128630083873,-795.5403428213386,-801.8681226575328,0.035032868086374486,0.002332977948939485,5,True,252,1200,1,0,0 days 00:00:00.090003,siv,0.06294509520790463
130,2015-01-06 14:30:00+00:00,-806.7289461886563,-796.140658926122,-802.4684387623162,0.034998907812789457,0.0023274269656798343,5,True,252,1200,1,0,0 days 00:00:00.127998,siv,0.06304887886978564
131,2015-01-13 14:30:00+00:00,-808.6025964403665,-798.0143091778322,-804.3420890140263,0.034833009297620246,0.002310186074986509,5,True,252,1200,1,0,0 days 00:00:00.158001,siv,0.062889735268498
132,2015-01-21 14:30:00+00:00,-808.5053253902832,-797.9170381277489,-804.2448179639431,0.03491320030195483,0.002311078037716296,5,True,252,1200,1,0,0 days 00:00:00.111005,siv,0.06324465297026824
133,2015-01-28 14:30:00+00:00,-809.263045209986,-798.6747579474517,-805.0025377836458,0.03485487475408787,0.002304139706899382,5,True,252,1200,1,0,0 days 00:00:00.123995,siv,0.06289432397570643
134,2015-02-04 14:30:00+00:00,-808.4480237944668,-797.8597365319325,-804.1875163681267,0.03498928827716731,0.0023116032933031528,5,True,252,1200,1,0,0 days 00:00:00.241999,siv,0.06289860153990925
135,2015-02-11 14:30:00+00:00,-807.7527408320351,-797.1644535695008,-803.492233405695,0.03506829073460913,0.0023179904994331813,5,True,252,1200,1,0,0 days 00:00:00.166998,siv,0.06301406381541132
136,2015-02-19 14:30:00+00:00,-798.5570565990455,-787.9687693365112,-794.2965491727053,0.03556196022571366,0.002404130829444334,5,True,252,1200,1,0,0 days 00:00:00.200002,siv,0.06289059668642612
137,2015-02-26 14:30:00+00:00,-786.424281904939,-775.8359946424047,-782.1637744785988,0.03614519871923561,0.002522709896830303,5,True,252,1200,1,0,0 days 00:00:00.166469,siv,0.0640580207762782
138,2015-03-05 14:30:00+00:00,-778.8746728077923,-768.286385545258,-774.6141653814522,0.03694072775520481,0.002599431747000561,5,True,252,1200,1,0,0 days 00:00:00.115912,siv,0.0629190943904384
139,2015-03-12 13:30:00+00:00,-780.1129421731345,-769.5246549106001,-775.8524347467943,0.036719789800236505,0.0025866871189252514,5,True,252,1200,1,0,0 days 00:00:00.162854,siv,0.06283878101627433
140,2015-03-19 13:30:00+00:00,-778.7774638665038,-768.1891766039695,-774.5169564401637,0.03692488390988442,0.002600439093483439,5,True,252,1200,1,0,0 days 00:00:00.134194,siv,0.06290730037053435
141,2015-03-26 13:30:00+00:00,-779.7187242212436,-769.1304369587093,-775.4582167949035,0.036716841975804146,0.0025907428629489203,5,True,252,1200,1,0,0 days 00:00:00.168958,siv,0.06289733533460143
142,2015-04-02 13:30:00+00:00,-770.4408312326885,-759.8525439701542,-766.1803238063484,0.03705529341888752,0.002687908136802611,5,True,252,1200,1,0,0 days 00:00:00.332553,siv,0.06294657776128275
143,2015-04-10 13:30:00+00:00,-770.9709679865381,-760.3826807240038,-766.7104605601979,0.03691517647943637,0.002682259994696953,5,True,252,1200,1,0,0 days 00:00:00.177000,siv,0.06292237482395352
144,2015-04-17 13:30:00+00:00,-769.892876066208,-759.3045888036737,-765.6323686398679,0.03687492608703593,0.002693757755554033,5,True,252,1200,1,0,0 days 00:00:00.118003,siv,0.06321235905834056
145,2015-04-24 13:30:00+00:00,-767.6465102703606,-757.0582230078263,-763.3860028440205,0.03707215554520308,0.002717873193855055,5,True,252,1200,1,0,0 days 00:00:00.170016,siv,0.06286636273656407
146,2015-05-01 13:30:00+00:00,-768.1940073323223,-757.6057200697879,-763.9334999059821,0.03699102483118383,0.0027119845001792337,5,True,252,1200,1,0,0 days 00:00:00.126983,siv,0.06305660401002891
147,2015-05-08 13:30:00+00:00,-769.9939268656032,-759.4056396030688,-765.733419439263,0.03675067385547117,0.002692676803443487,5,True,252,1200,1,0,0 days 00:00:00.121004,siv,0.06289611534718902
148,2015-05-15 13:30:00+00:00,-765.2060134261936,-754.6177261636593,-760.9455059998535,0.03712002358997622,0.0027443193495388734,5,True,252,1200,1,0,0 days 00:00:00.118002,siv,0.0634661020258908
149,2015-05-22 13:30:00+00:00,-770.6056363556678,-760.0173490931335,-766.3451289293276,0.036626868133021226,0.0026861489887291053,5,True,252,1200,1,0,0 days 00:00:00.140010,siv,0.0629073918995897
150,2015-06-01 13:30:00+00:00,-765.9746008234498,-755.3863135609155,-761.7140933971097,0.03699891663649716,0.0027359778824778518,5,True,252,1200,1,0,0 days 00:00:00.121984,siv,0.06312045700510116
151,2015-06-08 13:30:00+00:00,-765.0057407412208,-754.4174534786865,-760.7452333148807,0.03723913271782144,0.0027465072192747026,5,True,252,1200,1,0,0 days 00:00:00.160237,siv,0.06306182753127086
152,2015-06-15 13:30:00+00:00,-765.8259830906096,-755.2376958280753,-761.5654756642695,0.037100279797987114,0.0027375838832983846,5,True,252,1200,1,0,0 days 00:00:00.201999,siv,0.06297427285463114
153,2015-06-22 13:30:00+00:00,-763.9335439613557,-753.3452566988213,-759.6730365350155,0.03743091586638097,0.0027582213407058628,5,True,252,1200,1,0,0 days 00:00:00.402654,siv,0.06293212061871227
154,2015-06-29 13:30:00+00:00,-760.5587141853076,-749.9704269227733,-756.2982067589675,0.037924477464752575,0.0027954102043062524,5,True,252,1200,1,0,0 days 00:00:00.412936,siv,0.06307048748052486
155,2015-07-07 13:30:00+00:00,-781.9500882329681,-771.3618009704338,-777.689580806628,0.03685081815903977,0.0025679061682622505,5,True,252,1200,1,0,0 days 00:00:00.402592,siv,0.06298546184181995
156,2015-07-14 13:30:00+00:00,-776.8873589858814,-766.2990717233471,-772.6268515595413,0.03735723804546314,0.0026200174751219484,5,True,252,1200,1,0,0 days 00:00:00.214988,siv,0.06305594495070861
157,2015-07-21 13:30:00+00:00,-778.9100809424164,-768.321793679882,-774.6495735160762,0.03710900523390719,0.0025990670895367856,5,True,252,1200,1,0,0 days 00:00:00.212999,siv,0.0629719753611696
158,2015-07-28 13:30:00+00:00,-777.8046227339329,-767.2163354713986,-773.5441153075927,0.03726514191501611,0.0026104911813363088,5,True,252,1200,1,0,0 days 00:00:00.246011,siv,0.06291759977260304
159,2015-08-04 13:30:00+00:00,-777.5248324725206,-766.9365452099863,-773.2643250461805,0.03735765232842732,0.0026133976004886787,5,True,252,1200,1,0,0 days 00:00:00.178992,siv,0.06291816056012511
160,2015-08-11 13:30:00+00:00,-775.1452879207167,-764.5570006581823,-770.8847804943765,0.03750159764331325,0.0026382314971927293,5,True,252,1200,1,0,0 days 00:00:00.162995,siv,0.06358073308940163
161,2015-08-18 13:30:00+00:00,-782.0918971404441,-771.5036098779098,-777.8313897141039,0.03669141867634164,0.002566446211671734,5,True,252,1200,1,0,0 days 00:00:00.182108,siv,0.06281956493557421
162,2015-08-25 13:30:00+00:00,-781.706859281947,-771.1185720194127,-777.4463518556068,0.036737773560194295,0.0025703697959746324,5,True,252,1200,1,0,0 days 00:00:00.112002,siv,0.0628460038657885
163,2015-09-01 13:30:00+00:00,-783.2471964824073,-772.658909219873,-778.9866890560671,0.0367181769361043,0.002554724383017185,5,True,252,1200,1,0,0 days 00:00:00.131980,siv,0.06294527163865331
164,2015-09-09 13:30:00+00:00,-785.5973732079816,-775.0090859454473,-781.3368657816414,0.036575497921816295,0.0025309855299748027,5,True,252,1200,1,0,0 days 00:00:00.111986,siv,0.06280893470109837
165,2015-09-16 13:30:00+00:00,-780.60297019494,-770.0146829324057,-776.3424627685998,0.03689440295051033,0.0025816508187233595,5,True,252,1200,1,0,0 days 00:00:00.150448,siv,0.06280113751690335
166,2015-09-23 13:30:00+00:00,-786.5094979223094,-775.921210659775,-782.2489904959692,0.03647912822451514,0.0025218206548298914,5,True,252,1200,1,0,0 days 00:00:00.143009,siv,0.06272909199537922
167,2015-09-30 13:30:00+00:00,-791.4491490828783,-780.860861820344,-787.1886416565382,0.03609655475427764,0.002472928529898067,5,True,252,1200,1,0,0 days 00:00:00.200306,siv,0.0630708446803923
168,2015-10-07 13:30:00+00:00,-792.7935361211211,-782.2052488585867,-788.5330286947809,0.035910108797726985,0.002459700456140178,5,True,252,1200,1,0,0 days 00:00:00.160594,siv,0.06268429116787877
169,2015-10-14 13:30:00+00:00,-789.9051362017218,-779.3168489391875,-785.6446287753816,0.03635960700151528,0.0024883582241842237,5,True,252,1200,1,0,0 days 00:00:00.352530,siv,0.06382359552714671
170,2015-10-21 13:30:00+00:00,-797.7948899185463,-787.206602656012,-793.5343824922062,0.03582020095211652,0.002411454493367941,5,True,252,1200,1,0,0 days 00:00:00.242537,siv,0.06312958652434936
171,2015-10-28 13:30:00+00:00,-806.1691847942387,-795.5808975317044,-801.9086773678986,0.034905990633991475,0.0023329439733513397,5,True,252,1200,1,0,0 days 00:00:00.186848,siv,0.06376281710696256
172,2015-11-04 14:30:00+00:00,-814.8567026684262,-804.2684154058919,-810.5961952420861,0.03431484224583069,0.0022536473632157245,5,True,252,1200,1,0,0 days 00:00:00.186801,siv,0.0630965812593132
173,2015-11-11 14:30:00+00:00,-814.0344939026799,-803.4462066401455,-809.7739864763397,0.03426784912430004,0.0022611440193387386,5,True,252,1200,1,0,0 days 00:00:00.161126,siv,0.06335840302299439
174,2015-11-18 14:30:00+00:00,-823.4184182442974,-812.8301309817631,-819.1579108179573,0.03346213377009003,0.002178234130871841,5,True,252,1200,1,0,0 days 00:00:00.192017,siv,0.06269829859967481
175,2015-11-25 14:30:00+00:00,-825.0048423716679,-814.4165551091336,-820.7443349453278,0.033123213676987444,0.0021645552604605545,5,True,252,1200,1,0,0 days 00:00:00.248403,siv,0.06265812746950537
176,2015-12-03 14:30:00+00:00,-850.6850567215166,-840.0967694589823,-846.4245492951765,0.03205705532990371,0.0019549157986586004,5,True,252,1200,1,0,0 days 00:00:00.199765,siv,0.0629951913321802
177,2015-12-10 14:30:00+00:00,-849.4721357447637,-838.8838484822294,-845.2116283184235,0.03213051960288346,0.0019643030859676992,5,True,252,1200,1,0,0 days 00:00:00.192968,siv,0.06279185310416263
178,2015-12-17 14:30:00+00:00,-852.3441134896733,-841.755826227139,-848.0836060633331,0.03167738988481693,0.0019420284265602027,5,True,252,1200,1,0,0 days 00:00:00.337601,siv,0.06274064477651234
179,2015-12-24 14:30:00+00:00,-852.2532904183066,-841.6650031557723,-847.9927829919665,0.03166642736178658,0.0019427404424045825,5,True,252,1200,1,0,0 days 00:00:00.190022,siv,0.06277157637086847
180,2016-01-04 14:30:00+00:00,-852.6576590594385,-842.0693717969042,-848.3971516330984,0.03156187631024019,0.0019396221088342405,5,True,252,1200,1,0,0 days 00:00:00.209424,siv,0.06290941489781028
181,2016-01-11 14:30:00+00:00,-853.967716993346,-843.3794297308117,-849.7072095670059,0.03133406111936311,0.0019297442620615853,5,True,252,1200,1,0,0 days 00:00:00.172188,siv,0.0632229456918791
182,2016-01-19 14:30:00+00:00,-847.7221826290682,-837.1338953665339,-843.4616752027281,0.03187003955654492,0.0019779832083987006,5,True,252,1200,1,0,0 days 00:00:00.183997,siv,0.06299401104918727
183,2016-01-26 14:30:00+00:00,-848.9328065049618,-838.3445192424275,-844.6722990786217,0.031816046787572674,0.0019685389661478338,5,True,252,1200,1,0,0 days 00:00:00.191826,siv,0.06292376917377296
184,2016-02-02 14:30:00+00:00,-850.2413369746265,-839.6530497120922,-845.9808295482864,0.031567148176796476,0.001958354948879626,5,True,252,1200,1,0,0 days 00:00:00.122548,siv,0.06301225726108789
185,2016-02-09 14:30:00+00:00,-850.3449058229613,-839.756618560427,-846.0843983966212,0.03153970977797019,0.0019575372515855238,5,True,252,1200,1,0,0 days 00:00:00.269069,siv,0.06291347893376016
186,2016-02-17 14:30:00+00:00,-855.3810779054951,-844.7927906429608,-851.1205704791549,0.03129541775168628,0.001918784743391338,5,True,252,1200,1,0,0 days 00:00:00.260201,siv,0.06360025415312774
187,2016-02-24 14:30:00+00:00,-858.0843533718431,-847.4960661093088,-853.823845945503,0.03129494317949454,0.0018983171136196558,5,True,252,1200,1,0,0 days 00:00:00.258988,siv,0.06287902089817389
188,2016-03-02 14:30:00+00:00,-878.9042235687162,-868.3159363061819,-874.6437161423761,0.030258427182666785,0.0017477743628366597,5,True,252,1200,1,0,0 days 00:00:00.235336,siv,0.06308896023290804
189,2016-03-09 14:30:00+00:00,-873.7848865699772,-863.1965993074429,-869.524379143637,0.03066696655515428,0.001783643505914448,5,True,252,1200,1,0,0 days 00:00:00.277884,siv,0.06296785125630959
190,2016-03-16 13:30:00+00:00,-871.6707560825763,-861.082468820042,-867.4102486562361,0.030798828904450522,0.0017986643866663547,5,True,252,1200,1,0,0 days 00:00:00.230446,siv,0.06275193379636049
191,2016-03-23 13:30:00+00:00,-860.4987615377671,-849.9104742752328,-856.238254111427,0.03163993688715366,0.0018801960531328115,5,True,252,1200,1,0,0 days 00:00:00.167623,siv,0.06286661416998725
192,2016-03-31 13:30:00+00:00,-860.2018204255943,-849.61353316306,-855.9413129992541,0.031685621477037546,0.001882507300202453,5,True,252,1200,1,0,0 days 00:00:00.282901,siv,0.06567727314090371
193,2016-04-07 13:30:00+00:00,-861.30241024343,-850.7141229808957,-857.0419028170899,0.03167542644184186,0.0018742176763692675,5,True,252,1200,1,0,0 days 00:00:00.161298,siv,0.06279559238422502
194,2016-04-14 13:30:00+00:00,-805.3228699105299,-794.7345826479956,-801.0623624841897,0.03384762707072795,0.0023404419949213428,5,True,252,1200,1,0,0 days 00:00:00.328980,siv,0.06356904275474222
195,2016-04-21 13:30:00+00:00,-789.1346110902774,-778.5463238277431,-784.8741036639373,0.034838957637249486,0.0024957317360451486,5,True,252,1200,1,0,0 days 00:00:00.167991,siv,0.0629807678852722
196,2016-04-28 13:30:00+00:00,-750.549936278611,-739.9616490160766,-746.2894288522708,0.03691102064180861,0.0029086139377831185,5,True,252,1200,1,0,0 days 00:00:00.162554,siv,0.06291981146241458
197,2016-05-05 13:30:00+00:00,-750.1443490174262,-739.5560617548919,-745.883841591086,0.036979575391421354,0.0029133297863810754,5,True,252,1200,1,0,0 days 00:00:00.299663,siv,0.06279108428778937
198,2016-05-12 13:30:00+00:00,-729.5135233946315,-718.9252361320972,-725.2530159682914,0.038264318063957095,0.0031618038643404537,5,True,252,1200,1,0,0 days 00:00:00.252663,siv,0.062499902365963395
199,2016-05-19 13:30:00+00:00,-685.3069507097863,-674.718663447252,-681.0464432834461,0.040266657866010296,0.00376816500258968,5,True,252,1200,1,0,0 days 00:00:00.276859,siv,0.06295667315601806
200,2016-05-26 13:30:00+00:00,-677.1377304170411,-666.5494431545068,-672.877222990701,0.041022189888719356,0.003892334342791426,5,True,252,1200,1,0,0 days 00:00:00.254029,siv,0.06284962503240858
201,2016-06-03 13:30:00+00:00,-674.6693549988403,-664.081067736306,-670.4088475725001,0.041394367240279575,0.0039306515493505645,5,True,252,1200,1,0,0 days 00:00:00.198070,siv,0.06288045228473974
202,2016-06-10 13:30:00+00:00,-672.4652625451832,-661.8769752826489,-668.2047551188431,0.04171566550809068,0.00396516832110408,5,True,252,1200,1,0,0 days 00:00:00.189929,siv,0.06292476179124377
203,2016-06-17 13:30:00+00:00,-672.062261731587,-661.4739744690527,-667.8017543052468,0.04166852055279891,0.00397150689207174,5,True,252,1200,1,0,0 days 00:00:00.193936,siv,0.06292380217380263
204,2016-06-24 13:30:00+00:00,-673.088520438671,-662.5002331761367,-668.8280130123309,0.04146596447420322,0.003955407814575312,5,True,252,1200,1,0,0 days 00:00:00.259004,siv,0.06298244850380155
205,2016-07-01 13:30:00+00:00,-672.7973049983885,-662.2090177358542,-668.5367975720484,0.0412690566837148,0.003959977530268842,5,True,252,1200,1,0,0 days 00:00:00.226273,siv,0.06296829075171431
206,2016-07-11 13:30:00+00:00,-672.7391904847251,-662.1509032221908,-668.478683058385,0.0412037545998555,0.003960878385025267,5,True,252,1200,1,0,0 days 00:00:00.177085,siv,0.06286855164942352
207,2016-07-18 13:30:00+00:00,-666.5309616287992,-655.9426743662649,-662.2704542024591,0.04185532729223395,0.004059656900966774,5,True,252,1200,1,0,0 days 00:00:00.152966,siv,0.06310943865996498
208,2016-07-25 13:30:00+00:00,-663.1803300673397,-652.5920428048054,-658.9198226409995,0.04246412399864729,0.004114014631931014,5,True,252,1200,1,0,0 days 00:00:00.170515,siv,0.06302129878139297
209,2016-08-01 13:30:00+00:00,-661.0433813066471,-650.4550940441128,-656.782873880307,0.04280552925352954,0.004149041197485349,5,True,252,1200,1,0,0 days 00:00:00.332795,siv,0.0630584549447023
210,2016-08-08 13:30:00+00:00,-661.0438788120235,-650.4555915494892,-656.7833713856834,0.0428075735089073,0.004149061317503079,5,True,252,1200,1,0,0 days 00:00:00.343460,siv,0.06310781314067007
211,2016-08-15 13:30:00+00:00,-658.294873076015,-647.7065858134807,-654.0343656496749,0.042869643779818195,0.004194539084384656,5,True,252,1200,1,0,0 days 00:00:00.274842,siv,0.06284079490457453
212,2016-08-22 13:30:00+00:00,-654.4261823208834,-643.8378950583491,-650.1656748945433,0.04346717464243713,0.004259443618016322,5,True,252,1200,1,0,0 days 00:00:00.242941,siv,0.06293459073266301
213,2016-08-29 13:30:00+00:00,-651.2635623556702,-640.6752750931358,-647.00305492933,0.04398624070670631,0.004313211123587221,5,True,252,1200,1,0,0 days 00:00:00.196156,siv,0.06282887442841453
214,2016-09-06 13:30:00+00:00,-650.6510199603878,-640.0627326978534,-646.3905125340476,0.04423173024513204,0.004323709024103734,5,True,252,1200,1,0,0 days 00:00:00.227212,siv,0.06286312809728369
215,2016-09-13 13:30:00+00:00,-653.3875459926729,-642.7992587301386,-649.1270385663328,0.04384604857032603,0.004277001819581869,5,True,252,1200,1,0,0 days 00:00:00.198019,siv,0.06280858431413035
216,2016-09-20 13:30:00+00:00,-653.821950167052,-643.2336629045177,-649.5614427407119,0.043818194076962094,0.00426966353740101,5,True,252,1200,1,0,0 days 00:00:00.209691,siv,0.06291070101728563
217,2016-09-27 13:30:00+00:00,-653.2525064742491,-642.6642192117148,-648.991999047909,0.04398823438200695,0.00427931711999394,5,True,252,1200,1,0,0 days 00:00:00.208430,siv,0.06292489109625417
218,2016-10-04 13:30:00+00:00,-654.5495945389772,-643.9613072764429,-650.289087112637,0.04376093962593363,0.004257334804820248,5,True,252,1200,1,0,0 days 00:00:00.166287,siv,0.06284178213954365
219,2016-10-11 13:30:00+00:00,-662.2668573876041,-651.6785701250698,-658.0063499612639,0.04305279313755516,0.004128961373703544,5,True,252,1200,1,0,0 days 00:00:00.164401,siv,0.06293638668202582
220,2016-10-18 13:30:00+00:00,-660.4237811264251,-649.8354938638907,-656.1632737000849,0.0433326132692598,0.0041592524207946764,5,True,252,1200,1,0,0 days 00:00:00.212135,siv,0.06287553333699755
221,2016-10-25 13:30:00+00:00,-659.1990191167755,-648.6107318542412,-654.9385116904353,0.043625169103274936,0.00417951441049043,5,True,252,1200,1,0,0 days 00:00:00.206404,siv,0.06287571106859415
222,2016-11-01 13:30:00+00:00,-655.458560277557,-644.8702730150227,-651.1980528512169,0.044393117294614995,0.00424200564891206,5,True,252,1200,1,0,0 days 00:00:00.100849,siv,0.0628186618925831
223,2016-11-08 14:30:00+00:00,-656.6607850276417,-646.0724977651074,-652.4002776013016,0.04440430128287584,0.004221857791180896,5,True,252,1200,1,0,0 days 00:00:00.110829,siv,0.06304636718116177
224,2016-11-15 14:30:00+00:00,-658.3705880865065,-647.7823008239722,-654.1100806601663,0.044037021839081564,0.004193264081847784,5,True,252,1200,1,0,0 days 00:00:00.123997,siv,0.06306428803524798
225,2016-11-22 14:30:00+00:00,-653.9540826423769,-643.3657953798426,-649.6935752160367,0.04488751662877766,0.004267415616529982,5,True,252,1200,1,0,0 days 00:00:00.126002,siv,0.06296470246768807
226,2016-11-30 14:30:00+00:00,-631.2798287394318,-620.6915414768974,-627.0193213130916,0.04688628312684989,0.004669147904893258,5,True,252,1200,1,0,0 days 00:00:00.120999,siv,0.06284479642147019
227,2016-12-07 14:30:00+00:00,-632.5819703666886,-621.9936831041542,-628.3214629403484,0.046666743921663235,0.004645061274924788,5,True,252,1200,1,0,0 days 00:00:00.100014,siv,0.06273488151733271
228,2016-12-14 14:30:00+00:00,-631.8796342038478,-621.2913469413135,-627.6191267775076,0.04701965401831097,0.004658024245216547,5,True,252,1200,1,0,0 days 00:00:00.097984,siv,0.06273066665922133
229,2016-12-21 14:30:00+00:00,-631.5881896372167,-620.9999023746824,-627.3276822108766,0.047006263276472934,0.004663412593378427,5,True,252,1200,1,0,0 days 00:00:00.221003,siv,0.06282138176747495
230,2016-12-29 14:30:00+00:00,-461.68801358427334,-451.09972632173907,-457.4275061579332,0.054961410766671555,0.00914876087453846,5,True,252,1200,1,0,0 days 00:00:00.131001,siv,0.060117359294385046
231,2017-01-06 14:30:00+00:00,-461.4360512767281,-450.84776401419384,-457.17554385038795,0.05522527232054972,0.009158105924822892,5,True,252,1200,1,0,0 days 00:00:00.135006,siv,0.06013074234015639
232,2017-01-13 14:30:00+00:00,-462.8892361972968,-452.3009489347625,-458.6287287709566,0.05496536310492032,0.009106163985144333,5,True,252,1200,1,0,0 days 00:00:00.139004,siv,0.060086388087851834
233,2017-01-23 14:30:00+00:00,-456.31158759442076,-445.7233003318865,-452.0510801680806,0.055858527254811025,0.009346395338114282,5,True,252,1200,1,0,0 days 00:00:00.146991,siv,0.06024231346978635
234,2017-01-30 14:30:00+00:00,-455.78610843200124,-445.197821169467,-451.5256010056611,0.056113406832668675,0.009365776223442325,5,True,252,1200,1,0,0 days 00:00:00.104002,siv,0.06025780347091341
235,2017-02-06 14:30:00+00:00,-456.19289074090364,-445.60460347836937,-451.9323833145635,0.05602073260699392,0.009350879556396753,5,True,252,1200,1,0,0 days 00:00:00.088175,siv,0.06027791749555049
236,2017-02-13 14:30:00+00:00,-456.4248502938909,-445.83656303135666,-452.1643428675508,0.05612462498007457,0.009342820139582748,5,True,252,1200,1,0,0 days 00:00:00.136350,siv,0.060228150879556595
237,2017-02-21 14:30:00+00:00,-458.0864491308258,-447.49816186829156,-453.8259417044857,0.055511184783235884,0.009280636611235968,5,True,252,1200,1,0,0 days 00:00:00.102409,siv,0.060250754164524425
238,2017-02-28 14:30:00+00:00,-456.40571038730525,-445.817423124771,-452.1452029609651,0.05610049213678927,0.009343102777399278,5,True,252,1200,1,0,0 days 00:00:00.094004,siv,0.06040674183052075
239,2017-03-07 14:30:00+00:00,-457.5581176857896,-446.96983042325536,-453.29761025944947,0.05552705199871501,0.009300118128946253,5,True,252,1200,1,0,0 days 00:00:00.099999,siv,0.06024426372259258
