asofdate,time,pointForecast,close,forecastday,product_name,MA_50,MA_diff_50
2008-05-19 13:30:00+00:00,2008-05-19 13:30:00+00:00,37.60217286416138,38.51,5,ovx,39.8554,0.0132000000000047
2008-05-27 13:30:00+00:00,2008-05-27 13:30:00+00:00,38.57781984593184,40.74,5,ovx,39.6772,-0.0076000000000036
2008-06-03 13:30:00+00:00,2008-06-03 13:30:00+00:00,40.81218018923566,41.75,5,ovx,39.463,0.0238000000000013
2008-06-10 13:30:00+00:00,2008-06-10 13:30:00+00:00,41.82094331818749,48.13,5,ovx,40.0832,0.1761999999999943
2008-06-17 13:30:00+00:00,2008-06-17 13:30:00+00:00,48.24658235624312,48.51,5,ovx,40.9734,0.1274000000000015
2008-06-24 13:30:00+00:00,2008-06-24 13:30:00+00:00,48.62352374406764,44.49,5,ovx,41.5022,0.0958000000000041
2008-07-01 13:30:00+00:00,2008-07-01 13:30:00+00:00,44.571915883126245,46.45,5,ovx,42.0286,0.2025999999999967
2008-07-09 13:30:00+00:00,2008-07-09 13:30:00+00:00,46.5459628144005,47.01,5,ovx,42.81360000000001,0.1498000000000061
2008-07-16 13:30:00+00:00,2008-07-16 13:30:00+00:00,47.11163861504208,52.02,5,ovx,43.7958,0.237400000000008
2008-07-23 13:30:00+00:00,2008-07-23 13:30:00+00:00,52.15114514676135,51.54,5,ovx,45.2176,0.2798000000000087
2008-07-30 13:30:00+00:00,2008-07-30 13:30:00+00:00,51.669576054466646,47.17,5,ovx,46.2978,0.1731999999999942
2008-08-13 13:30:00+00:00,2008-08-13 13:30:00+00:00,47.25193219634257,46.86,5,ovx,47.007200000000005,0.1223999999999989
2008-08-20 13:30:00+00:00,2008-08-20 13:30:00+00:00,46.94775663145161,44.03,5,ovx,47.4352,0.0456000000000003
2008-08-27 13:30:00+00:00,2008-08-27 13:30:00+00:00,44.09558034171827,48.21,5,ovx,47.4462,0.0015999999999962
2008-09-04 13:30:00+00:00,2008-09-04 13:30:00+00:00,48.2760376076449,44.79,5,ovx,47.229400000000005,-0.07439999999999
2008-09-11 13:30:00+00:00,2008-09-11 13:30:00+00:00,44.86868421871373,46.98,5,ovx,47.2158,0.0498000000000047
2008-09-18 13:30:00+00:00,2008-09-18 13:30:00+00:00,47.060416050768254,54.57,5,ovx,47.7364,0.1624000000000052
2008-09-25 13:30:00+00:00,2008-09-25 13:30:00+00:00,54.696798382654336,52.39,5,ovx,48.51839999999999,0.1075999999999908
2008-10-02 13:30:00+00:00,2008-10-02 13:30:00+00:00,52.5131736399159,57.85,5,ovx,49.47,0.1165999999999982
2008-10-09 13:30:00+00:00,2008-10-09 13:30:00+00:00,58.01454612244255,61.58,5,ovx,50.4336,0.2008000000000009
2008-10-16 13:30:00+00:00,2008-10-16 13:30:00+00:00,61.7524419073558,75.09,5,ovx,52.6896,0.5583999999999989
2008-10-23 13:30:00+00:00,2008-10-23 13:30:00+00:00,75.36008981418513,81.88,5,ovx,55.605,0.7003999999999948
2008-10-30 13:30:00+00:00,2008-10-30 13:30:00+00:00,82.19050971560898,80.35,5,ovx,59.4,0.726399999999991
2008-11-06 14:30:00+00:00,2008-11-06 14:30:00+00:00,80.65114990467055,90.25,5,ovx,63.2658,0.8408000000000015
2008-11-13 14:30:00+00:00,2008-11-13 14:30:00+00:00,90.5545465192211,82.27,5,ovx,66.99719999999999,0.7495999999999867
2008-11-20 14:30:00+00:00,2008-11-20 14:30:00+00:00,82.49285067103047,79.09,5,ovx,70.1746,0.6422000000000025
2008-11-28 14:30:00+00:00,2008-11-28 14:30:00+00:00,79.33113048396562,80.26,5,ovx,72.9148,0.5137999999999892
2008-12-05 14:30:00+00:00,2008-12-05 14:30:00+00:00,80.48453505724731,93.08,5,ovx,76.3388,0.8138000000000005
2008-12-12 14:30:00+00:00,2008-12-12 14:30:00+00:00,93.41856338522943,93.05,5,ovx,80.11139999999999,0.7039999999999793
2008-12-19 14:30:00+00:00,2008-12-19 14:30:00+00:00,93.43434419375112,86.67,5,ovx,83.0932,0.5018000000000029
2008-12-29 14:30:00+00:00,2008-12-29 14:30:00+00:00,86.99031994846953,95.91,5,ovx,85.05059999999999,0.4163999999999817
2009-01-06 14:30:00+00:00,2009-01-06 14:30:00+00:00,96.35270631449532,79.58,5,ovx,86.19699999999999,-0.0460000000000064
2009-01-13 14:30:00+00:00,2009-01-13 14:30:00+00:00,79.85719618096465,81.54,5,ovx,86.0686,0.0237999999999942
2009-01-21 14:30:00+00:00,2009-01-21 14:30:00+00:00,81.81184561840121,84.31,5,ovx,85.50319999999999,-0.1188000000000215
2009-01-28 14:30:00+00:00,2009-01-28 14:30:00+00:00,84.61817867407848,81.57,5,ovx,85.2414,-0.0139999999999957
2009-02-04 14:30:00+00:00,2009-02-04 14:30:00+00:00,81.84062884437729,70.92,5,ovx,85.0694,-0.1633999999999815
2009-02-11 14:30:00+00:00,2009-02-11 14:30:00+00:00,71.15264871124593,69.46,5,ovx,84.27599999999998,-0.2160000000000081
2009-02-19 14:30:00+00:00,2009-02-19 14:30:00+00:00,69.67893335286301,76.71,5,ovx,82.70880000000001,-0.3273999999999972
2009-02-26 14:30:00+00:00,2009-02-26 14:30:00+00:00,76.9740001971712,67.7,5,ovx,80.3008,-0.507000000000005
2009-03-05 14:30:00+00:00,2009-03-05 14:30:00+00:00,67.87502470649802,72.26,5,ovx,78.3762,-0.2882000000000033
2009-03-12 13:30:00+00:00,2009-03-12 13:30:00+00:00,72.4771596460575,67.66,5,ovx,76.44800000000001,-0.5649999999999835
2009-03-19 13:30:00+00:00,2009-03-19 13:30:00+00:00,67.82165320824765,79.59,5,ovx,74.7114,0.0001999999999924
2009-03-26 13:30:00+00:00,2009-03-26 13:30:00+00:00,79.74568541131327,59.08,5,ovx,72.6802,-0.4492000000000047
2009-04-02 13:30:00+00:00,2009-04-02 13:30:00+00:00,59.14764456802472,62.97,5,ovx,71.4436,-0.4268
2009-04-09 13:30:00+00:00,2009-04-09 13:30:00+00:00,63.09503833051601,54.97,5,ovx,69.0738,-0.5319999999999965
2009-04-17 13:30:00+00:00,2009-04-17 13:30:00+00:00,55.04370495494364,50.12,5,ovx,67.533,-0.4159999999999968
2009-04-24 13:30:00+00:00,2009-04-24 13:30:00+00:00,50.42025335586714,52.81,5,ovx,66.1024,-0.3329999999999984
2009-05-01 13:30:00+00:00,2009-05-01 13:30:00+00:00,52.88562231626272,50.2,5,ovx,64.1952,-0.5301999999999936
2009-05-08 13:30:00+00:00,2009-05-08 13:30:00+00:00,50.29920097705945,44.89,5,ovx,61.696000000000005,-0.4561999999999955
2009-05-15 13:30:00+00:00,2009-05-15 13:30:00+00:00,44.9557645883088,46.01,5,ovx,59.0188,-0.5250000000000057
2009-05-22 13:30:00+00:00,2009-05-22 13:30:00+00:00,46.04048022478471,40.95,5,ovx,55.9804,-0.5341999999999985
2009-06-01 13:30:00+00:00,2009-06-01 13:30:00+00:00,40.96897517711844,42.46,5,ovx,53.20360000000001,-0.7425999999999888
2009-06-08 13:30:00+00:00,2009-06-08 13:30:00+00:00,42.45418364523454,46.6,5,ovx,51.4778,-0.2496000000000009
2009-06-15 13:30:00+00:00,2009-06-15 13:30:00+00:00,46.60450484105408,46.84,5,ovx,49.51240000000001,-0.3225999999999942
2009-06-22 13:30:00+00:00,2009-06-22 13:30:00+00:00,46.82072395813082,46.95,5,ovx,48.3644,-0.1604000000000098
2009-06-29 13:30:00+00:00,2009-06-29 13:30:00+00:00,46.91352729416539,41.26,5,ovx,46.5912,-0.1771999999999991
2009-07-07 13:30:00+00:00,2009-07-07 13:30:00+00:00,41.227827149008775,50.25,5,ovx,45.69520000000001,-0.0511999999999943
2009-07-14 13:30:00+00:00,2009-07-14 13:30:00+00:00,50.265270472917614,48.0,5,ovx,45.3714,-0.044000000000004
2009-07-21 13:30:00+00:00,2009-07-21 13:30:00+00:00,48.02310076652061,44.24,5,ovx,45.1818,-0.0129999999999981
2009-07-28 13:30:00+00:00,2009-07-28 13:30:00+00:00,44.22935009856496,42.97,5,ovx,44.8642,-0.0607999999999933
2009-08-04 13:30:00+00:00,2009-08-04 13:30:00+00:00,42.9331937006317,47.18,5,ovx,45.3806,0.1245999999999938
2009-08-11 13:30:00+00:00,2009-08-11 13:30:00+00:00,47.18139930672353,46.23,5,ovx,45.8112,0.0754000000000019
2009-08-18 13:30:00+00:00,2009-08-18 13:30:00+00:00,46.22593423389471,44.5,5,ovx,45.8432,-0.0420000000000015
2009-08-25 13:30:00+00:00,2009-08-25 13:30:00+00:00,44.52240900023816,45.51,5,ovx,45.7252,-0.026600000000009
2009-09-01 13:30:00+00:00,2009-09-01 13:30:00+00:00,45.50983584886775,46.53,5,ovx,45.5914,-0.0083999999999946
2009-09-09 13:30:00+00:00,2009-09-09 13:30:00+00:00,46.5385089068898,46.37,5,ovx,45.878,0.1022000000000034
2009-09-16 13:30:00+00:00,2009-09-16 13:30:00+00:00,46.36737435876086,42.4,5,ovx,45.6886,-0.1570000000000035
2009-09-23 13:30:00+00:00,2009-09-23 13:30:00+00:00,42.38637356795181,41.23,5,ovx,44.7768,-0.1354000000000041
2009-09-30 13:30:00+00:00,2009-09-30 13:30:00+00:00,41.17213101398896,45.23,5,ovx,44.6834,0.0198000000000035
2009-10-07 13:30:00+00:00,2009-10-07 13:30:00+00:00,45.160070481470704,45.25,5,ovx,44.9598,0.0455999999999932
2009-10-14 13:30:00+00:00,2009-10-14 13:30:00+00:00,45.19096940598075,42.09,5,ovx,44.585,-0.1018000000000043
2009-10-21 13:30:00+00:00,2009-10-21 13:30:00+00:00,41.993777600946295,39.96,5,ovx,43.873000000000005,-0.125399999999999
2009-10-28 13:30:00+00:00,2009-10-28 13:30:00+00:00,39.841581324936286,41.24,5,ovx,43.354400000000005,-0.0651999999999972
2009-11-04 14:30:00+00:00,2009-11-04 14:30:00+00:00,41.08912572901464,40.6,5,ovx,42.8956,-0.0981999999999985
2009-11-11 14:30:00+00:00,2009-11-11 14:30:00+00:00,40.49799452081685,37.89,5,ovx,42.215,-0.1728000000000022
2009-11-18 14:30:00+00:00,2009-11-18 14:30:00+00:00,37.77027043117055,35.69,5,ovx,41.430600000000005,-0.2135999999999924
2009-11-25 14:30:00+00:00,2009-11-25 14:30:00+00:00,35.605512826475646,36.57,5,ovx,40.6602,-0.1165999999999982
2009-12-03 14:30:00+00:00,2009-12-03 14:30:00+00:00,36.46984485612616,40.56,5,ovx,40.6316,-0.0134000000000042
2009-12-10 14:30:00+00:00,2009-12-10 14:30:00+00:00,40.42764274502635,42.9,5,ovx,40.4398,-0.0465999999999979
2009-12-17 14:30:00+00:00,2009-12-17 14:30:00+00:00,42.76139875239529,39.08,5,ovx,40.0208,-0.1233999999999966
2009-12-24 14:30:00+00:00,2009-12-24 14:30:00+00:00,38.954464587787584,35.18,5,ovx,39.5214,-0.1381999999999976
2010-01-04 14:30:00+00:00,2010-01-04 14:30:00+00:00,35.059237724633896,35.44,5,ovx,39.211,-0.0904000000000024
2010-01-11 14:30:00+00:00,2010-01-11 14:30:00+00:00,35.32723809515352,30.0,5,ovx,38.4514,-0.2248000000000019
2010-01-19 14:30:00+00:00,2010-01-19 14:30:00+00:00,29.90184226013655,28.52,5,ovx,37.4322,-0.2416000000000053
2010-01-26 14:30:00+00:00,2010-01-26 14:30:00+00:00,28.42644473859753,33.78,5,ovx,36.8896,-0.0822000000000002
2010-02-02 14:30:00+00:00,2010-02-02 14:30:00+00:00,33.65311253550089,32.44,5,ovx,36.4644,-0.0650000000000048
2010-02-09 14:30:00+00:00,2010-02-09 14:30:00+00:00,32.328273739019224,38.74001,5,ovx,36.6310002,0.0434002000000006
2010-02-17 14:30:00+00:00,2010-02-17 14:30:00+00:00,38.65929773327517,35.38,5,ovx,36.1491996,-0.103599999999993
2010-02-24 14:30:00+00:00,2010-02-24 14:30:00+00:00,35.28036020164112,33.46001,5,ovx,35.3125996,-0.1887997999999981
2010-03-03 14:30:00+00:00,2010-03-03 14:30:00+00:00,33.3766667224668,34.53,5,ovx,34.599799600000004,-0.0909999999999939
2010-03-10 14:30:00+00:00,2010-03-10 14:30:00+00:00,34.431292990632336,33.28,5,ovx,34.1413994,-0.0380000000000038
2010-03-17 13:30:00+00:00,2010-03-17 13:30:00+00:00,33.16950992528776,32.47,5,ovx,33.8407994,-0.0593999999999965
2010-03-24 13:30:00+00:00,2010-03-24 13:30:00+00:00,32.385663228621794,29.34,5,ovx,33.6027998,-0.0131999999999976
2010-03-31 13:30:00+00:00,2010-03-31 13:30:00+00:00,29.25219774824833,29.61,5,ovx,33.5234,0.021800000000006
2010-04-08 13:30:00+00:00,2010-04-08 13:30:00+00:00,29.500657798392137,29.25,5,ovx,33.1305998,-0.090600000000002
2010-04-15 13:30:00+00:00,2010-04-15 13:30:00+00:00,29.167013134224508,26.89999,5,ovx,32.5509992,-0.1108001999999999
2010-04-22 13:30:00+00:00,2010-04-22 13:30:00+00:00,26.81718524656124,27.64999,5,ovx,31.5085988,-0.2218003999999993
2010-04-29 13:30:00+00:00,2010-04-29 13:30:00+00:00,27.57747199007736,29.53,5,ovx,30.783199,-0.1170000000000008
2010-05-06 13:30:00+00:00,2010-05-06 13:30:00+00:00,29.45979329261732,39.73,5,ovx,30.751798800000003,0.1253998000000002
2010-05-13 13:30:00+00:00,2010-05-13 13:30:00+00:00,39.70544441658295,36.46001,5,ovx,31.249199200000003,0.0386002000000011
2010-05-20 13:30:00+00:00,2010-05-20 13:30:00+00:00,36.42315183474783,46.46001,5,ovx,32.232,0.2636002000000026
2010-05-27 13:30:00+00:00,2010-05-27 13:30:00+00:00,46.48584079966302,40.7,5,ovx,33.342800000000004,0.1646
2010-06-04 13:30:00+00:00,2010-06-04 13:30:00+00:00,40.69851240219837,47.14999,5,ovx,34.6751996,0.3561997999999988
2010-06-11 13:30:00+00:00,2010-06-11 13:30:00+00:00,47.15556985003762,39.37,5,ovx,35.9129996,0.1951999999999927
2010-06-18 13:30:00+00:00,2010-06-18 13:30:00+00:00,39.34144466650525,35.25,5,ovx,36.72059959999999,0.1199999999999974
2010-06-25 13:30:00+00:00,2010-06-25 13:30:00+00:00,35.21019932363166,35.82001,5,ovx,37.5876002,0.1784004000000081
2010-07-02 13:30:00+00:00,2010-07-02 13:30:00+00:00,35.80017638144694,39.19,5,ovx,38.7172006,0.2308001999999973
2010-07-12 13:30:00+00:00,2010-07-12 13:30:00+00:00,39.16646327976367,33.2,5,ovx,39.4430014,0.0733999999999994
2010-07-19 13:30:00+00:00,2010-07-19 13:30:00+00:00,33.14330443278501,34.03,5,ovx,39.4228018,-0.1140000000000043
2010-07-26 13:30:00+00:00,2010-07-26 13:30:00+00:00,33.992890818520465,33.07001,5,ovx,38.8320014,-0.0677999999999983
2010-08-02 13:30:00+00:00,2010-08-02 13:30:00+00:00,33.043088933014445,31.62,5,ovx,37.7594008,-0.2968001999999998
2010-08-09 13:30:00+00:00,2010-08-09 13:30:00+00:00,31.574015114569374,31.31,5,ovx,36.5186006,-0.1878000000000028
2010-08-16 13:30:00+00:00,2010-08-16 13:30:00+00:00,31.264033263820245,35.41,5,ovx,35.5744004,-0.2347997999999975
2010-08-23 13:30:00+00:00,2010-08-23 13:30:00+00:00,35.37392568481722,33.56,5,ovx,34.7237998,-0.116199999999992
2010-08-30 13:30:00+00:00,2010-08-30 13:30:00+00:00,33.51890862118199,32.99001,5,ovx,34.3222004,-0.0451997999999989
2010-09-07 13:30:00+00:00,2010-09-07 13:30:00+00:00,32.95534922044385,33.28,5,ovx,34.0220002,-0.0508001999999976
2010-09-14 13:30:00+00:00,2010-09-14 13:30:00+00:00,33.2428643952009,32.07001,5,ovx,33.302200400000004,-0.1423997999999926
2010-09-21 13:30:00+00:00,2010-09-21 13:30:00+00:00,32.025751792710004,32.81,5,ovx,32.8594002,-0.007799999999996
2010-09-28 13:30:00+00:00,2010-09-28 13:30:00+00:00,32.77977409431592,30.82001,5,ovx,32.6036,-0.0641997999999972
2010-10-05 13:30:00+00:00,2010-10-05 13:30:00+00:00,30.77673687078383,31.88,5,ovx,32.3864,-0.0238002000000037
2010-10-12 13:30:00+00:00,2010-10-12 13:30:00+00:00,31.83614983715981,33.25999,5,ovx,32.3973992,0.0327997999999993
2010-10-19 13:30:00+00:00,2010-10-19 13:30:00+00:00,33.22534870392816,33.99001,5,ovx,32.5549998,0.0536001999999982
2010-10-26 13:30:00+00:00,2010-10-26 13:30:00+00:00,33.97371769950336,31.89,5,ovx,32.4009998,-0.0703999999999993
2010-11-02 13:30:00+00:00,2010-11-02 13:30:00+00:00,31.859536752972847,33.33,5,ovx,32.2592002,-0.0045999999999963
2010-11-09 14:30:00+00:00,2010-11-09 14:30:00+00:00,33.3001474192601,30.92999,5,ovx,32.0191998,-0.0412003999999939
2010-11-16 14:30:00+00:00,2010-11-16 14:30:00+00:00,30.901330117305573,33.42999,5,ovx,31.8229998,0.0029998000000013
2010-11-23 14:30:00+00:00,2010-11-23 14:30:00+00:00,33.41464109126475,31.60001,5,ovx,31.7923998,-0.0093999999999994
2010-12-01 14:30:00+00:00,2010-12-01 14:30:00+00:00,31.585008653554883,31.17,5,ovx,31.657599800000003,-0.0327999999999981
2010-12-08 14:30:00+00:00,2010-12-08 14:30:00+00:00,31.13832263637953,30.96001,5,ovx,31.7093998,0.002799999999997
2010-12-15 14:30:00+00:00,2010-12-15 14:30:00+00:00,30.9219164243183,28.46001,5,ovx,31.568,-0.0683997999999981
2010-12-22 14:30:00+00:00,2010-12-22 14:30:00+00:00,28.417003461751587,25.5,5,ovx,30.9826008,-0.1551997999999947
2010-12-30 14:30:00+00:00,2010-12-30 14:30:00+00:00,25.45985778003958,29.27,5,ovx,30.4340004,-0.0944002000000026
2011-01-06 14:30:00+00:00,2011-01-06 14:30:00+00:00,29.250020395803705,30.21001,5,ovx,30.115001000000003,-0.0335997999999975
2011-01-13 14:30:00+00:00,2011-01-13 14:30:00+00:00,30.197061826154755,27.73,5,ovx,29.7182008,-0.1120000000000054
2011-01-21 14:30:00+00:00,2011-01-21 14:30:00+00:00,27.718141827388948,26.53,5,ovx,29.3172006,-0.0879997999999986
2011-01-28 14:30:00+00:00,2011-01-28 14:30:00+00:00,26.501086675534275,33.25999,5,ovx,29.1598006,-0.0034000000000027
2011-02-04 14:30:00+00:00,2011-02-04 14:30:00+00:00,33.25709971672059,32.24001,5,ovx,29.2910002,0.0127999999999985
2011-02-11 14:30:00+00:00,2011-02-11 14:30:00+00:00,32.21245157427381,29.58,5,ovx,29.285,-0.0317999999999969
2011-02-18 14:30:00+00:00,2011-02-18 14:30:00+00:00,29.5568182569354,30.82001,5,ovx,29.2178,-0.0028000000000041
2011-02-28 14:30:00+00:00,2011-02-28 14:30:00+00:00,30.8092193265785,39.05,5,ovx,30.3605998,0.2117998000000014
2011-03-07 14:30:00+00:00,2011-03-07 14:30:00+00:00,39.069393152497376,45.16,5,ovx,31.9978,0.3932000000000002
2011-03-14 13:30:00+00:00,2011-03-14 13:30:00+00:00,45.21508259251708,40.99001,5,ovx,33.4896004,0.2344002000000031
2011-03-21 13:30:00+00:00,2011-03-21 13:30:00+00:00,41.02331724914828,39.10001,5,ovx,34.7252004,0.1777999999999977
2011-03-28 13:30:00+00:00,2011-03-28 13:30:00+00:00,39.14278001356899,34.28999,5,ovx,35.4698002,0.1311998000000045
2011-04-04 13:30:00+00:00,2011-04-04 13:30:00+00:00,34.30714618814011,33.32001,5,ovx,36.153401,0.1358002000000056
2011-04-11 13:30:00+00:00,2011-04-11 13:30:00+00:00,33.33920954364454,33.86,5,ovx,36.5244008,0.0120001999999956
2011-04-18 13:30:00+00:00,2011-04-18 13:30:00+00:00,33.888762454020096,30.72,5,ovx,36.4668008,-0.0304001999999954
2011-04-26 13:30:00+00:00,2011-04-26 13:30:00+00:00,30.731941307911622,30.67999,5,ovx,36.4678004,0.021999799999989
2011-05-03 13:30:00+00:00,2011-05-03 13:30:00+00:00,30.681307349885117,31.82001,5,ovx,36.483001,0.0200000000000031
2011-05-10 13:30:00+00:00,2011-05-10 13:30:00+00:00,31.81710855186428,40.45,5,ovx,36.1766012,0.0279999999999986
2011-05-17 13:30:00+00:00,2011-05-17 13:30:00+00:00,40.455958847685686,38.67,5,ovx,35.9672008,-0.129800000000003
2011-05-24 13:30:00+00:00,2011-05-24 13:30:00+00:00,38.65381656815172,36.58,5,ovx,35.4864002,-0.0882002000000028
2011-06-01 13:30:00+00:00,2011-06-01 13:30:00+00:00,36.547183295770616,34.77,5,ovx,34.7269994,-0.0866001999999994
2011-06-08 13:30:00+00:00,2011-06-08 13:30:00+00:00,34.74100307251817,32.83,5,ovx,34.4645996,-0.0291998000000006
2011-06-15 13:30:00+00:00,2011-06-15 13:30:00+00:00,32.79583806296473,35.75,5,ovx,34.4691992,0.048599799999998
2011-06-22 13:30:00+00:00,2011-06-22 13:30:00+00:00,35.743768886553646,34.28999,5,ovx,34.6919994,0.0085997999999989
2011-06-29 13:30:00+00:00,2011-06-29 13:30:00+00:00,34.28051057604686,32.28999,5,ovx,34.8409992,0.0313997999999955
2011-07-07 13:30:00+00:00,2011-07-07 13:30:00+00:00,32.2641961025608,30.96001,5,ovx,34.8871996,0.0056003999999987
2011-07-14 13:30:00+00:00,2011-07-14 13:30:00+00:00,30.94219701660834,33.57001,5,ovx,35.1007994,0.0349999999999965
2011-07-21 13:30:00+00:00,2011-07-21 13:30:00+00:00,33.57132076113008,31.08,5,ovx,34.483799399999995,-0.1874000000000037
2011-07-28 13:30:00+00:00,2011-07-28 13:30:00+00:00,31.0704329377908,33.13,5,ovx,33.5721996,-0.1108000000000046
2011-08-04 13:30:00+00:00,2011-08-04 13:30:00+00:00,33.13635849565245,42.94,5,ovx,33.407799600000004,0.1272000000000019
2011-08-11 13:30:00+00:00,2011-08-11 13:30:00+00:00,42.99321426835096,50.25,5,ovx,35.383200200000005,0.3096000000000032
2011-08-18 13:30:00+00:00,2011-08-18 13:30:00+00:00,50.32217502035677,57.42,5,ovx,36.8162004,0.4917999999999978
2011-08-25 13:30:00+00:00,2011-08-25 13:30:00+00:00,57.54005522466637,51.42,5,ovx,38.5367998,0.3134000000000014
2011-09-01 13:30:00+00:00,2011-09-01 13:30:00+00:00,51.51022921344481,42.77,5,ovx,39.4922002,0.1696001999999978
2011-09-09 13:30:00+00:00,2011-09-09 13:30:00+00:00,42.81561100778288,49.45,5,ovx,40.7602002,0.3432001999999983
2011-09-16 13:30:00+00:00,2011-09-16 13:30:00+00:00,49.53968288469239,41.7,5,ovx,42.080800200000006,0.2147998000000015
2011-09-23 13:30:00+00:00,2011-09-23 13:30:00+00:00,41.74871970641785,54.63,5,ovx,43.7609998,0.4211998000000037
2011-09-30 13:30:00+00:00,2011-09-30 13:30:00+00:00,54.76101573826276,55.67999,5,ovx,45.8769992,0.4919998000000021
2011-10-07 13:30:00+00:00,2011-10-07 13:30:00+00:00,55.81355649370537,49.71001,5,ovx,48.07259880000001,0.331600200000004
2011-10-14 13:30:00+00:00,2011-10-14 13:30:00+00:00,49.79571109114743,45.35001,5,ovx,49.16779939999999,0.0482001999999894
2011-10-21 13:30:00+00:00,2011-10-21 13:30:00+00:00,45.40457716592915,48.03,5,ovx,48.676599,-0.044399999999996
2011-10-28 13:30:00+00:00,2011-10-28 13:30:00+00:00,48.10474074667218,41.58,5,ovx,48.4585994,-0.3168000000000006
2011-11-04 13:30:00+00:00,2011-11-04 13:30:00+00:00,41.62248438533816,42.45,5,ovx,47.8001998,-0.179399999999994
2011-11-11 14:30:00+00:00,2011-11-11 14:30:00+00:00,42.50928957466129,46.60001,5,ovx,47.8896,0.0766002000000014
2011-11-18 14:30:00+00:00,2011-11-18 14:30:00+00:00,46.675845227344645,42.94,5,ovx,47.6064,-0.1302000000000021
2011-11-28 14:30:00+00:00,2011-11-28 14:30:00+00:00,42.99755776961166,44.52,5,ovx,48.12320019999999,0.0563999999999964
2011-12-05 14:30:00+00:00,2011-12-05 14:30:00+00:00,44.59782929053885,39.34,5,ovx,47.2114002,-0.3058000000000049
2011-12-12 14:30:00+00:00,2011-12-12 14:30:00+00:00,39.37459724991426,40.45,5,ovx,45.8496006,-0.3045997999999983
2011-12-19 14:30:00+00:00,2011-12-19 14:30:00+00:00,40.50154360241665,41.27,5,ovx,44.709001,-0.1688001999999997
2011-12-27 14:30:00+00:00,2011-12-27 14:30:00+00:00,41.3427314804156,36.95,5,ovx,43.687201,-0.1680002000000016
2012-01-04 14:30:00+00:00,2012-01-04 14:30:00+00:00,36.99087468884022,39.03999,5,ovx,42.6820014,-0.1798002000000025
2012-01-11 14:30:00+00:00,2012-01-11 14:30:00+00:00,39.08042783353293,35.52,5,ovx,41.810801,-0.1212000000000017
2012-01-19 14:30:00+00:00,2012-01-19 14:30:00+00:00,35.55373378404235,33.50999,5,ovx,40.8214008,-0.1788001999999977
2012-01-26 14:30:00+00:00,2012-01-26 14:30:00+00:00,33.53693908876141,31.97,5,ovx,39.4930004,-0.2926001999999954
2012-02-02 14:30:00+00:00,2012-02-02 14:30:00+00:00,31.98609348384725,31.81,5,ovx,38.3126008,-0.2225999999999999
2012-02-09 14:30:00+00:00,2012-02-09 14:30:00+00:00,31.80993177745,32.42999,5,ovx,36.5622008,-0.2418002000000001
2012-02-16 14:30:00+00:00,2012-02-16 14:30:00+00:00,32.43892628828053,33.99001,5,ovx,35.8598012,-0.106999800000004
2012-02-24 14:30:00+00:00,2012-02-24 14:30:00+00:00,34.001160827265224,33.8,5,ovx,35.3048012,-0.1329999999999955
2012-03-02 14:30:00+00:00,2012-03-02 14:30:00+00:00,33.76861181476952,32.91,5,ovx,34.4052012,-0.1672000000000011
2012-03-09 14:30:00+00:00,2012-03-09 14:30:00+00:00,32.88167888048045,31.42,5,ovx,34.0116006,-0.110599999999998
2012-03-16 13:30:00+00:00,2012-03-16 13:30:00+00:00,31.382154084980304,28.67999,5,ovx,33.0444002,-0.2072000000000002
2012-03-23 13:30:00+00:00,2012-03-23 13:30:00+00:00,28.6343828482737,28.17,5,ovx,32.125,-0.1469999999999984
2012-03-30 13:30:00+00:00,2012-03-30 13:30:00+00:00,28.1427660093842,29.0,5,ovx,31.507200200000003,-0.0901998000000006
2012-04-09 13:30:00+00:00,2012-04-09 13:30:00+00:00,28.979861843491733,29.84,5,ovx,31.0946004,-0.0426000000000001
2012-04-16 13:30:00+00:00,2012-04-16 13:30:00+00:00,29.82664484778692,29.78,5,ovx,30.9246002,-0.0405999999999977
2012-04-23 13:30:00+00:00,2012-04-23 13:30:00+00:00,29.7703665281235,26.91,5,ovx,30.5316004,-0.1103998000000032
2012-04-30 13:30:00+00:00,2012-04-30 13:30:00+00:00,26.897501022871047,25.14999,5,ovx,29.677399600000005,-0.1768003999999976
2012-05-07 13:30:00+00:00,2012-05-07 13:30:00+00:00,25.130114730876684,29.07001,5,ovx,29.0385998,-0.0945997999999974
2012-05-14 13:30:00+00:00,2012-05-14 13:30:00+00:00,29.02927906351393,30.96001,5,ovx,28.6469998,-0.0389997999999991
2012-05-22 13:30:00+00:00,2012-05-22 13:30:00+00:00,30.92776685851491,29.75,5,ovx,28.4949996,-0.0334000000000003
2012-05-30 13:30:00+00:00,2012-05-30 13:30:00+00:00,29.72319752344308,33.32001,5,ovx,28.6623998,0.092800399999998
2012-06-06 13:30:00+00:00,2012-06-06 13:30:00+00:00,33.31782642989421,35.58,5,ovx,29.6607998,0.1482000000000027
2012-06-13 13:30:00+00:00,2012-06-13 13:30:00+00:00,35.587065052078984,39.07001,5,ovx,30.739,0.2014002000000019
2012-06-20 13:30:00+00:00,2012-06-20 13:30:00+00:00,39.08987146579489,34.66,5,ovx,31.3805996,0.0964000000000027
2012-06-27 13:30:00+00:00,2012-06-27 13:30:00+00:00,34.65429510257289,33.45,5,ovx,31.9045996,0.0733999999999994
2012-07-05 13:30:00+00:00,2012-07-05 13:30:00+00:00,33.44663365837508,38.22,5,ovx,32.7273992,0.2261999999999986
2012-07-12 13:30:00+00:00,2012-07-12 13:30:00+00:00,38.25166397845489,34.46001,5,ovx,33.8673994,0.186200399999997
2012-07-19 13:30:00+00:00,2012-07-19 13:30:00+00:00,34.46533017507529,36.74001,5,ovx,34.635999,0.1533999999999977
2012-07-26 13:30:00+00:00,2012-07-26 13:30:00+00:00,36.76184864357264,34.10001,5,ovx,35.2579992,0.0627999999999957
2012-08-02 13:30:00+00:00,2012-08-02 13:30:00+00:00,34.111975834710414,33.60001,5,ovx,35.49080000000001,0.0770002000000076
2012-08-09 13:30:00+00:00,2012-08-09 13:30:00+00:00,33.59432249078628,30.78,5,ovx,35.5788,-0.0508001999999976
2012-08-16 13:30:00+00:00,2012-08-16 13:30:00+00:00,30.69596298441912,31.73,5,ovx,34.8896,-0.0769999999999981
2012-08-23 13:30:00+00:00,2012-08-23 13:30:00+00:00,31.689056928633875,31.75999,5,ovx,34.0867998,-0.1462003999999979
2012-08-30 13:30:00+00:00,2012-08-30 13:30:00+00:00,31.70803698618822,31.95,5,ovx,33.8455998,-0.0542000000000015
2012-09-07 13:30:00+00:00,2012-09-07 13:30:00+00:00,31.908055499056594,32.77,5,ovx,33.6091998,-0.0136000000000038
2012-09-14 13:30:00+00:00,2012-09-14 13:30:00+00:00,32.729817479813455,34.07001,5,ovx,33.3070004,-0.0829998000000031
2012-09-21 13:30:00+00:00,2012-09-21 13:30:00+00:00,34.035989318418295,33.21001,5,ovx,33.1454008,-0.0249999999999985
2012-09-28 13:30:00+00:00,2012-09-28 13:30:00+00:00,33.15987702485495,32.45,5,ovx,33.0316012,-0.0858002000000084
2012-10-05 13:30:00+00:00,2012-10-05 13:30:00+00:00,32.38737417530942,32.75999,5,ovx,32.8098006,-0.0268004000000061
2012-10-12 13:30:00+00:00,2012-10-12 13:30:00+00:00,32.69991435196972,33.69,5,ovx,32.8830002,0.0017997999999934
2012-10-19 13:30:00+00:00,2012-10-19 13:30:00+00:00,33.64482047393939,31.91,5,ovx,32.937400000000004,0.0226000000000041
2012-10-26 13:30:00+00:00,2012-10-26 13:30:00+00:00,31.85211318143467,32.21001,5,ovx,33.1916004,0.0096001999999941
2012-11-06 14:30:00+00:00,2012-11-06 14:30:00+00:00,32.16191582462772,32.02,5,ovx,33.2886002,0.0052001999999973
2012-11-13 14:30:00+00:00,2012-11-13 14:30:00+00:00,31.976085448459745,31.27,5,ovx,33.234,-0.0136000000000038
2012-11-20 14:30:00+00:00,2012-11-20 14:30:00+00:00,31.21333265185144,29.83,5,ovx,33.003,-0.0587999999999979
2012-11-28 14:30:00+00:00,2012-11-28 14:30:00+00:00,29.78732627128265,28.69,5,ovx,32.6079996,-0.1076002000000002
2012-12-05 14:30:00+00:00,2012-12-05 14:30:00+00:00,28.625991281520893,29.13,5,ovx,31.956799400000005,-0.0816001999999933
2012-12-12 14:30:00+00:00,2012-12-12 14:30:00+00:00,29.090849965478807,29.13,5,ovx,31.5511992,-0.0664000000000015
2012-12-19 14:30:00+00:00,2012-12-19 14:30:00+00:00,29.09267042635171,27.64,5,ovx,31.0991998,-0.102399799999997
2012-12-27 14:30:00+00:00,2012-12-27 14:30:00+00:00,27.58648764003668,28.08,5,ovx,30.5057998,-0.1121999999999978
2013-01-04 14:30:00+00:00,2013-01-04 14:30:00+00:00,28.05296246959106,26.03,5,ovx,30.0182,-0.117600000000003
2013-01-11 14:30:00+00:00,2013-01-11 14:30:00+00:00,25.988946472464924,24.57001,5,ovx,29.1702,-0.1527999999999991
2013-01-18 14:30:00+00:00,2013-01-18 14:30:00+00:00,24.53144270060143,21.98,5,ovx,28.4056004,-0.2008000000000009
2013-01-28 14:30:00+00:00,2013-01-28 14:30:00+00:00,21.9422474708273,22.98,5,ovx,27.4476008,-0.1658000000000008
2013-02-04 14:30:00+00:00,2013-02-04 14:30:00+00:00,22.946409909573912,23.96001,5,ovx,26.6638006,-0.1173998000000047
2013-02-11 14:30:00+00:00,2013-02-11 14:30:00+00:00,23.93151930772957,21.67999,5,ovx,26.040000200000005,-0.1402001999999953
2013-02-19 14:30:00+00:00,2013-02-19 14:30:00+00:00,21.64554225469961,22.44,5,ovx,25.333600399999995,-0.1338000000000079
2013-02-26 14:30:00+00:00,2013-02-26 14:30:00+00:00,22.40388450916096,25.89999,5,ovx,24.9310002,-0.0646001999999974
2013-03-05 14:30:00+00:00,2013-03-05 14:30:00+00:00,25.873138384872103,22.41,5,ovx,24.4151998,-0.1046000000000013
2013-03-12 13:30:00+00:00,2013-03-12 13:30:00+00:00,22.377104466276176,18.77,5,ovx,23.627599600000003,-0.1861999999999994
2013-03-19 13:30:00+00:00,2013-03-19 13:30:00+00:00,18.728288543356573,21.14,5,ovx,22.803799400000003,-0.0977999999999958
2013-03-26 13:30:00+00:00,2013-03-26 13:30:00+00:00,21.11239554921214,17.81,5,ovx,22.2481994,-0.1352001999999998
2013-04-03 13:30:00+00:00,2013-04-03 13:30:00+00:00,17.780919266678403,21.74001,5,ovx,21.7407994,-0.0047998000000006
2013-04-11 13:30:00+00:00,2013-04-11 13:30:00+00:00,21.717639685792584,21.2,5,ovx,21.5885992,-0.0356000000000022
2013-04-18 13:30:00+00:00,2013-04-18 13:30:00+00:00,21.17441937985012,28.53,5,ovx,22.0819996,0.0913998000000013
2013-04-25 13:30:00+00:00,2013-04-25 13:30:00+00:00,28.527296604187956,22.67999,5,ovx,22.2519996,0.0199999999999995
2013-05-02 13:30:00+00:00,2013-05-02 13:30:00+00:00,22.66040178261914,24.49001,5,ovx,22.5469994,0.0410002000000027
2013-05-09 13:30:00+00:00,2013-05-09 13:30:00+00:00,24.49010382867569,23.24001,5,ovx,22.359599600000003,-0.0531995999999956
2013-05-16 13:30:00+00:00,2013-05-16 13:30:00+00:00,23.22386165383058,24.39,5,ovx,22.3829998,0.0395999999999965
2013-05-23 13:30:00+00:00,2013-05-23 13:30:00+00:00,24.374532668654165,23.3,5,ovx,22.6694002,0.090600000000002
2013-05-31 13:30:00+00:00,2013-05-31 13:30:00+00:00,23.26837194631405,24.41,5,ovx,23.0970006,0.0654000000000003
2013-06-07 13:30:00+00:00,2013-06-07 13:30:00+00:00,24.389233026456992,22.41,5,ovx,23.5950004,0.0919999999999987
2013-06-14 13:30:00+00:00,2013-06-14 13:30:00+00:00,22.362549961475445,21.22,5,ovx,23.8460004,-0.0104001999999994
2013-06-21 13:30:00+00:00,2013-06-21 13:30:00+00:00,21.1624512796218,23.67999,5,ovx,23.975,0.0495998000000028
2013-06-28 13:30:00+00:00,2013-06-28 13:30:00+00:00,23.64494339703444,22.37,5,ovx,23.5128002,-0.1232000000000006
2013-07-08 13:30:00+00:00,2013-07-08 13:30:00+00:00,22.326739108525924,25.37,5,ovx,23.5050004,0.0538002000000013
2013-07-15 13:30:00+00:00,2013-07-15 13:30:00+00:00,25.33425912140125,23.72,5,ovx,23.556200200000003,-0.0154001999999984
2013-07-22 13:30:00+00:00,2013-07-22 13:30:00+00:00,23.67720687664861,24.23,5,ovx,23.5508002,0.0197997999999941
2013-07-29 13:30:00+00:00,2013-07-29 13:30:00+00:00,24.193709639007736,22.78999,5,ovx,23.492,-0.0320001999999988
2013-08-05 13:30:00+00:00,2013-08-05 13:30:00+00:00,22.7484140267558,22.87,5,ovx,23.4263996,-0.0086000000000012
2013-08-12 13:30:00+00:00,2013-08-12 13:30:00+00:00,22.832492631357216,22.67999,5,ovx,23.3181992,-0.0346001999999998
2013-08-19 13:30:00+00:00,2013-08-19 13:30:00+00:00,22.648779931202608,23.48,5,ovx,23.261799,0.0214000000000034
2013-08-26 13:30:00+00:00,2013-08-26 13:30:00+00:00,23.457449552028944,23.42999,5,ovx,23.4405982,0.0441997999999976
2013-09-03 13:30:00+00:00,2013-09-03 13:30:00+00:00,23.40456918858195,29.41,5,ovx,24.0537988,0.1146001999999981
2013-09-10 13:30:00+00:00,2013-09-10 13:30:00+00:00,29.396015837435968,27.12,5,ovx,24.5139984,0.0950000000000024
2013-09-17 13:30:00+00:00,2013-09-17 13:30:00+00:00,27.09697096647515,23.17,5,ovx,24.4069984,-0.044000000000004
2013-09-24 13:30:00+00:00,2013-09-24 13:30:00+00:00,23.136607576034766,22.5,5,ovx,24.1313986,-0.0243999999999999
2013-10-01 13:30:00+00:00,2013-10-01 13:30:00+00:00,22.457111741567854,22.57,5,ovx,23.9777986,-0.0332000000000043
2013-10-08 13:30:00+00:00,2013-10-08 13:30:00+00:00,22.53090162344752,21.95,5,ovx,23.818798800000003,-0.0167998000000011
2013-10-15 13:30:00+00:00,2013-10-15 13:30:00+00:00,21.909318338586687,23.52,5,ovx,23.786399,0.0129999999999981
2013-10-22 13:30:00+00:00,2013-10-22 13:30:00+00:00,23.48248485018477,21.62,5,ovx,23.6429992,-0.0211998000000015
2013-10-29 13:30:00+00:00,2013-10-29 13:30:00+00:00,21.58577043914303,20.64,5,ovx,23.4279994,-0.0568000000000026
2013-11-05 14:30:00+00:00,2013-11-05 14:30:00+00:00,20.60030492673057,22.18,5,ovx,23.205,-0.0249998000000033
2013-11-12 14:30:00+00:00,2013-11-12 14:30:00+00:00,22.146531706136013,20.32,5,ovx,22.3966,-0.1818000000000026
2013-11-19 14:30:00+00:00,2013-11-19 14:30:00+00:00,20.284669913411047,19.83,5,ovx,21.5798,-0.1458000000000012
2013-11-26 14:30:00+00:00,2013-11-26 14:30:00+00:00,19.794586586117195,18.64,5,ovx,21.125,-0.0905999999999984
2013-12-04 14:30:00+00:00,2013-12-04 14:30:00+00:00,18.606684997810547,19.06,5,ovx,20.8846,-0.068800000000003
2013-12-11 14:30:00+00:00,2013-12-11 14:30:00+00:00,19.02990943701659,17.98,5,ovx,20.4664,-0.0918000000000027
2013-12-18 14:30:00+00:00,2013-12-18 14:30:00+00:00,17.942792295374748,17.26,5,ovx,20.0758,-0.0937999999999981
2013-12-26 14:30:00+00:00,2013-12-26 14:30:00+00:00,17.224802470462816,15.2,5,ovx,19.4002,-0.1663999999999994
2014-01-03 14:30:00+00:00,2014-01-03 14:30:00+00:00,15.16135235615908,20.6,5,ovx,19.1056,-0.0203999999999986
2014-01-10 14:30:00+00:00,2014-01-10 14:30:00+00:00,20.575570151216027,19.47,5,ovx,18.963,-0.0233999999999987
2014-01-17 14:30:00+00:00,2014-01-17 14:30:00+00:00,19.451941398041058,17.12,5,ovx,18.6938,-0.1012000000000021
2014-01-27 14:30:00+00:00,2014-01-27 14:30:00+00:00,17.096168201148583,20.89,5,ovx,18.5756,0.0113999999999983
2014-02-03 14:30:00+00:00,2014-02-03 14:30:00+00:00,20.883614326277826,21.65,5,ovx,18.674,0.0364000000000004
2014-02-10 14:30:00+00:00,2014-02-10 14:30:00+00:00,21.64629982096326,19.18,5,ovx,18.783,0.0107999999999996
2014-02-18 14:30:00+00:00,2014-02-18 14:30:00+00:00,19.165195789101546,18.43,5,ovx,18.6872,-0.012599999999999
2014-02-25 14:30:00+00:00,2014-02-25 14:30:00+00:00,18.42285683485693,18.47,5,ovx,18.6852,0.0097999999999984
2014-03-04 14:30:00+00:00,2014-03-04 14:30:00+00:00,18.44887465478289,19.88,5,ovx,18.8396,0.0523999999999986
2014-03-11 13:30:00+00:00,2014-03-11 13:30:00+00:00,19.866285440672428,20.67,5,ovx,19.296,0.1093999999999972
2014-03-18 13:30:00+00:00,2014-03-18 13:30:00+00:00,20.66967922237025,20.25,5,ovx,19.559,-0.0070000000000014
2014-03-25 13:30:00+00:00,2014-03-25 13:30:00+00:00,20.256016217824392,19.19,5,ovx,19.5234,-0.0055999999999976
2014-04-01 13:30:00+00:00,2014-04-01 13:30:00+00:00,19.190381371881287,19.61,5,ovx,19.587,0.0498000000000011
2014-04-08 13:30:00+00:00,2014-04-08 13:30:00+00:00,19.611555596530053,18.89,5,ovx,19.5566,-0.0400000000000027
2014-04-15 13:30:00+00:00,2014-04-15 13:30:00+00:00,18.883326433625808,18.71,5,ovx,19.3502,-0.0588000000000015
2014-04-23 13:30:00+00:00,2014-04-23 13:30:00+00:00,18.68165891987848,18.46,5,ovx,19.2182,-0.0144000000000019
2014-04-30 13:30:00+00:00,2014-04-30 13:30:00+00:00,18.43960922187821,19.37,5,ovx,19.2438,0.0187999999999988
2014-05-07 13:30:00+00:00,2014-05-07 13:30:00+00:00,19.351435320503917,17.71,5,ovx,19.2436,-0.0152000000000001
2014-05-14 13:30:00+00:00,2014-05-14 13:30:00+00:00,17.687743516105932,16.72,5,ovx,19.0024,-0.0632000000000019
2014-05-21 13:30:00+00:00,2014-05-21 13:30:00+00:00,16.695688480982422,16.38,5,ovx,18.574,-0.0857999999999989
2014-05-29 13:30:00+00:00,2014-05-29 13:30:00+00:00,16.357569106347718,15.55,5,ovx,18.0858,-0.0940000000000012
2014-06-05 13:30:00+00:00,2014-06-05 13:30:00+00:00,15.523158380170818,15.14,5,ovx,17.6752,-0.0809999999999995
2014-06-12 13:30:00+00:00,2014-06-12 13:30:00+00:00,15.111171472350868,19.17,5,ovx,17.300800000000002,-0.0087999999999972
2014-06-19 13:30:00+00:00,2014-06-19 13:30:00+00:00,19.156748464368334,18.05,5,ovx,17.254199999999997,-0.0168000000000034
2014-06-26 13:30:00+00:00,2014-06-26 13:30:00+00:00,18.04288818727146,16.97,5,ovx,17.1824,-0.0348000000000006
2014-07-03 13:30:00+00:00,2014-07-03 13:30:00+00:00,16.94993400403977,15.59,5,ovx,16.928,-0.0573999999999976
2014-07-11 13:30:00+00:00,2014-07-11 13:30:00+00:00,15.559209918774664,17.26,5,ovx,16.6842,-0.0421999999999975
2014-07-18 13:30:00+00:00,2014-07-18 13:30:00+00:00,17.236056839406682,17.39,5,ovx,16.639,-0.0063999999999992
2014-07-25 13:30:00+00:00,2014-07-25 13:30:00+00:00,17.370664895143427,16.67,5,ovx,16.613000000000003,-0.0009999999999941
2014-08-01 13:30:00+00:00,2014-08-01 13:30:00+00:00,16.647812769123348,19.39,5,ovx,16.785,0.0601999999999982
2014-08-08 13:30:00+00:00,2014-08-08 13:30:00+00:00,19.3795226464333,18.88,5,ovx,17.084,0.0666000000000011
2014-08-15 13:30:00+00:00,2014-08-15 13:30:00+00:00,18.867823218746103,18.59,5,ovx,17.3144,0.0689999999999955
2014-08-22 13:30:00+00:00,2014-08-22 13:30:00+00:00,18.57091807083201,16.51,5,ovx,17.5718,-0.0532000000000003
2014-08-29 13:30:00+00:00,2014-08-29 13:30:00+00:00,16.487140876766848,16.68,5,ovx,17.402800000000003,-0.0273999999999965
2014-09-08 13:30:00+00:00,2014-09-08 13:30:00+00:00,16.647349776677697,20.43,5,ovx,17.5076,0.0692000000000021
2014-09-15 13:30:00+00:00,2014-09-15 13:30:00+00:00,20.404745303227,20.17,5,ovx,17.9044,0.0915999999999996
2014-09-22 13:30:00+00:00,2014-09-22 13:30:00+00:00,20.15894194094472,19.98,5,ovx,18.162,0.0543999999999975
2014-09-29 13:30:00+00:00,2014-09-29 13:30:00+00:00,19.974805049834355,19.86,5,ovx,18.3956,0.0493999999999985
2014-10-06 13:30:00+00:00,2014-10-06 13:30:00+00:00,19.852599305122204,24.62,5,ovx,19.0492,0.1589999999999989
2014-10-13 13:30:00+00:00,2014-10-13 13:30:00+00:00,24.63343668620041,31.32,5,ovx,20.0692,0.2386000000000017
2014-10-20 13:30:00+00:00,2014-10-20 13:30:00+00:00,31.36738663651056,29.36,5,ovx,21.542,0.2095999999999946
2014-10-27 13:30:00+00:00,2014-10-27 13:30:00+00:00,29.403690165921,32.44,5,ovx,22.8336,0.2769999999999939
2014-11-03 14:30:00+00:00,2014-11-03 14:30:00+00:00,32.501188152244765,31.84,5,ovx,24.058200000000003,0.3066000000000031
2014-11-10 14:30:00+00:00,2014-11-10 14:30:00+00:00,31.891669996389503,30.72,5,ovx,25.4938,0.2808000000000028
2014-11-17 14:30:00+00:00,2014-11-17 14:30:00+00:00,30.77468634443905,34.39,5,ovx,26.8392,0.279200000000003
2014-11-24 14:30:00+00:00,2014-11-24 14:30:00+00:00,34.469064487418194,36.28,5,ovx,28.2522,0.3222000000000022
2014-12-02 14:30:00+00:00,2014-12-02 14:30:00+00:00,36.381687955758885,38.57,5,ovx,30.0598,0.3718000000000003
2014-12-09 14:30:00+00:00,2014-12-09 14:30:00+00:00,38.66823598185792,37.56,5,ovx,31.722,0.3540000000000027
2014-12-16 14:30:00+00:00,2014-12-16 14:30:00+00:00,37.668235567067015,55.77,5,ovx,34.405,0.6229999999999976
2014-12-23 14:30:00+00:00,2014-12-23 14:30:00+00:00,56.02658368570234,53.97,5,ovx,37.1728,0.4530000000000029
2014-12-31 14:30:00+00:00,2014-12-31 14:30:00+00:00,54.23829941251121,50.24,5,ovx,39.1008,0.4176000000000002
2015-01-08 14:30:00+00:00,2015-01-08 14:30:00+00:00,50.44910412209852,50.96,5,ovx,41.4862,0.3703999999999965
2015-01-15 14:30:00+00:00,2015-01-15 14:30:00+00:00,51.14643865906978,57.77,5,ovx,43.8076,0.5186000000000064
2015-01-23 14:30:00+00:00,2015-01-23 14:30:00+00:00,58.029644819758296,57.62,5,ovx,46.3774,0.5379999999999967
2015-01-30 14:30:00+00:00,2015-01-30 14:30:00+00:00,57.87742140506492,58.62,5,ovx,48.7248,0.4846000000000074
2015-02-06 14:30:00+00:00,2015-02-06 14:30:00+00:00,58.87467484449896,60.83,5,ovx,51.3862,0.4909999999999996
2015-02-13 14:30:00+00:00,2015-02-13 14:30:00+00:00,61.10256552843208,55.53,5,ovx,53.4608,0.3391999999999981
2015-02-23 14:30:00+00:00,2015-02-23 14:30:00+00:00,55.765680139429605,58.67,5,ovx,55.4154,0.4222000000000037
2015-03-02 14:30:00+00:00,2015-03-02 14:30:00+00:00,58.94785320687593,54.92,5,ovx,55.979,-0.0169999999999959
2015-03-09 13:30:00+00:00,2015-03-09 13:30:00+00:00,55.155852060531394,48.99,5,ovx,55.3626,-0.0995999999999952
2015-03-16 13:30:00+00:00,2015-03-16 13:30:00+00:00,49.16449039709703,56.93,5,ovx,55.294,0.1338000000000079
2015-03-23 13:30:00+00:00,2015-03-23 13:30:00+00:00,57.14782456585721,49.32,5,ovx,55.19200000000001,-0.0327999999999875
2015-03-30 13:30:00+00:00,2015-03-30 13:30:00+00:00,49.50190293411186,51.98,5,ovx,54.821000000000005,-0.1158000000000001
2015-04-07 13:30:00+00:00,2015-04-07 13:30:00+00:00,52.18611573439491,46.25,5,ovx,54.131,-0.2274000000000029
2015-04-14 13:30:00+00:00,2015-04-14 13:30:00+00:00,46.42025946731226,44.65,5,ovx,53.07639999999999,-0.2794000000000096
2015-04-21 13:30:00+00:00,2015-04-21 13:30:00+00:00,44.80768825251526,41.04,5,ovx,51.2864,-0.3958000000000012
2015-04-28 13:30:00+00:00,2015-04-28 13:30:00+00:00,41.171891696025206,37.31,5,ovx,49.25900000000001,-0.3643999999999963
2015-05-05 13:30:00+00:00,2015-05-05 13:30:00+00:00,37.40887843878229,36.24,5,ovx,47.265,-0.448599999999999
2015-05-12 13:30:00+00:00,2015-05-12 13:30:00+00:00,36.33601170439076,33.74,5,ovx,45.2704,-0.4236000000000004
2015-05-19 13:30:00+00:00,2015-05-19 13:30:00+00:00,33.83443796674506,34.82,5,ovx,43.5774,-0.2834000000000003
2015-05-27 13:30:00+00:00,2015-05-27 13:30:00+00:00,34.93000273910269,35.29,5,ovx,41.685,-0.4328000000000074
2015-06-03 13:30:00+00:00,2015-06-03 13:30:00+00:00,35.40014063671984,37.4,5,ovx,39.863,-0.2383999999999986
2015-06-10 13:30:00+00:00,2015-06-10 13:30:00+00:00,37.53099335550535,31.79,5,ovx,38.2916,-0.4038000000000039
2015-06-17 13:30:00+00:00,2015-06-17 13:30:00+00:00,31.886723878232733,32.83,5,ovx,36.5316,-0.2683999999999997
2015-06-24 13:30:00+00:00,2015-06-24 13:30:00+00:00,32.912827410915014,29.6,5,ovx,35.0256,-0.3010000000000019
2015-07-01 13:30:00+00:00,2015-07-01 13:30:00+00:00,29.658776727953004,34.11,5,ovx,33.9002,-0.1386000000000038
2015-07-09 13:30:00+00:00,2015-07-09 13:30:00+00:00,34.21073127906377,42.04,5,ovx,34.1046,0.0945999999999998
2015-07-16 13:30:00+00:00,2015-07-16 13:30:00+00:00,42.19770504755798,35.92,5,ovx,34.2598,-0.0063999999999992
2015-07-23 13:30:00+00:00,2015-07-23 13:30:00+00:00,36.02791198350086,38.46,5,ovx,34.329,0.0944000000000002
2015-07-30 13:30:00+00:00,2015-07-30 13:30:00+00:00,38.58702521847744,37.33,5,ovx,35.002,0.0502000000000038
2015-08-06 13:30:00+00:00,2015-08-06 13:30:00+00:00,37.44615080463099,41.54,5,ovx,35.702400000000004,0.125
2015-08-13 13:30:00+00:00,2015-08-13 13:30:00+00:00,41.67102913599712,43.23,5,ovx,36.3738,0.1165999999999982
2015-08-20 13:30:00+00:00,2015-08-20 13:30:00+00:00,43.38890213841247,42.58,5,ovx,37.0502,0.2157999999999944
2015-08-27 13:30:00+00:00,2015-08-27 13:30:00+00:00,42.72600775155113,49.03,5,ovx,38.622800000000005,0.3240000000000052
2015-09-03 13:30:00+00:00,2015-09-03 13:30:00+00:00,49.24300105746013,50.44,5,ovx,40.9486,0.4167999999999949
2015-09-11 13:30:00+00:00,2015-09-11 13:30:00+00:00,50.63536719698884,49.63,5,ovx,42.7518,0.3104000000000084
2015-09-18 13:30:00+00:00,2015-09-18 13:30:00+00:00,49.80223980277332,45.84,5,ovx,43.6274,0.0760000000000005
2015-09-25 13:30:00+00:00,2015-09-25 13:30:00+00:00,46.00042114929695,47.71,5,ovx,44.7454,0.2357999999999975
2015-10-02 13:30:00+00:00,2015-10-02 13:30:00+00:00,47.87299284004119,42.86,5,ovx,45.7376,0.0880000000000009
2015-10-09 13:30:00+00:00,2015-10-09 13:30:00+00:00,42.963230432898285,42.8,5,ovx,46.1476,0.1094000000000079
2015-10-16 13:30:00+00:00,2015-10-16 13:30:00+00:00,42.87452568248933,39.58,5,ovx,46.407,-0.039200000000001
2015-10-23 13:30:00+00:00,2015-10-23 13:30:00+00:00,39.60246462552557,41.51,5,ovx,46.327200000000005,-0.0343999999999908
2015-10-30 13:30:00+00:00,2015-10-30 13:30:00+00:00,41.55408765304913,41.95,5,ovx,46.5874,-0.0126000000000061
2015-11-06 14:30:00+00:00,2015-11-06 14:30:00+00:00,42.00309680888747,39.85,5,ovx,45.8706,-0.1835999999999984
2015-11-13 14:30:00+00:00,2015-11-13 14:30:00+00:00,39.89304617965941,46.26,5,ovx,44.7738,-0.0836000000000041
2015-11-20 14:30:00+00:00,2015-11-20 14:30:00+00:00,46.32170514274584,44.93,5,ovx,44.327200000000005,-0.093999999999994
2015-11-30 14:30:00+00:00,2015-11-30 14:30:00+00:00,44.982123397300406,48.14,5,ovx,44.2376,0.0459999999999922
2015-12-07 14:30:00+00:00,2015-12-07 14:30:00+00:00,48.19342839439948,49.0,5,ovx,44.2706,0.0258000000000038
2015-12-14 14:30:00+00:00,2015-12-14 14:30:00+00:00,49.07188752984804,55.36,5,ovx,44.89019999999999,0.25
2015-12-21 14:30:00+00:00,2015-12-21 14:30:00+00:00,55.384295282429285,49.18,5,ovx,45.4346,0.1275999999999939
2015-12-29 14:30:00+00:00,2015-12-29 14:30:00+00:00,49.15870731933418,45.27,5,ovx,45.81,0.1138000000000047
2016-01-06 14:30:00+00:00,2016-01-06 14:30:00+00:00,45.239043053216015,52.36,5,ovx,46.57899999999999,0.2169999999999845
2016-01-13 14:30:00+00:00,2016-01-13 14:30:00+00:00,52.34434526079198,60.67,5,ovx,48.24979999999999,0.3743999999999872
2016-01-21 14:30:00+00:00,2016-01-21 14:30:00+00:00,60.6983997271173,65.79,5,ovx,50.5214,0.5187999999999988
2016-01-28 14:30:00+00:00,2016-01-28 14:30:00+00:00,65.83623240366794,65.99,5,ovx,52.7676,0.3946000000000111
2016-02-04 14:30:00+00:00,2016-02-04 14:30:00+00:00,66.03681089684339,66.78,5,ovx,54.8734,0.4369999999999976
2016-02-11 14:30:00+00:00,2016-02-11 14:30:00+00:00,66.79650442458939,77.79,5,ovx,57.2682,0.5930000000000035
2016-02-19 14:30:00+00:00,2016-02-19 14:30:00+00:00,77.86959390808086,62.46,5,ovx,59.34,0.269200000000005
2016-02-26 14:30:00+00:00,2016-02-26 14:30:00+00:00,62.48671517151227,59.96,5,ovx,60.4382,0.0919999999999845
2016-03-04 14:30:00+00:00,2016-03-04 14:30:00+00:00,59.97308393326679,51.89,5,ovx,61.0572,0.0542000000000015
2016-03-11 14:30:00+00:00,2016-03-11 14:30:00+00:00,51.910349385923226,50.25,5,ovx,61.607200000000006,0.0996000000000023
2016-03-18 13:30:00+00:00,2016-03-18 13:30:00+00:00,50.25349198560666,44.98,5,ovx,61.40560000000001,-0.1475999999999899
2016-03-28 13:30:00+00:00,2016-03-28 13:30:00+00:00,44.947086394072144,45.98,5,ovx,59.8768,-0.2937999999999903
2016-04-04 13:30:00+00:00,2016-04-04 13:30:00+00:00,45.96703064163115,50.89,5,ovx,58.28,-0.2979999999999947
2016-04-11 13:30:00+00:00,2016-04-11 13:30:00+00:00,50.89459865842172,49.04,5,ovx,56.5636,-0.3390000000000057
2016-04-18 13:30:00+00:00,2016-04-18 13:30:00+00:00,49.0661261481872,46.45,5,ovx,54.7654,-0.4065999999999974
2016-04-25 13:30:00+00:00,2016-04-25 13:30:00+00:00,46.46807472298178,44.24,5,ovx,51.9642,-0.6710000000000065
2016-05-02 13:30:00+00:00,2016-05-02 13:30:00+00:00,44.27361595549108,45.15,5,ovx,49.319,-0.3462000000000031
2016-05-09 13:30:00+00:00,2016-05-09 13:30:00+00:00,45.19283456416662,44.14,5,ovx,47.40520000000001,-0.3163999999999873
2016-05-16 13:30:00+00:00,2016-05-16 13:30:00+00:00,44.180341694220665,42.03,5,ovx,46.0996,-0.197199999999988
2016-05-23 13:30:00+00:00,2016-05-23 13:30:00+00:00,42.086656411224816,39.44,5,ovx,45.036,-0.2162000000000006
2016-05-31 13:30:00+00:00,2016-05-31 13:30:00+00:00,39.4765648945568,38.08,5,ovx,44.0408,-0.1380000000000052
2016-06-07 13:30:00+00:00,2016-06-07 13:30:00+00:00,38.091692568518354,36.19,5,ovx,43.2112,-0.1957999999999984
2016-06-14 13:30:00+00:00,2016-06-14 13:30:00+00:00,36.1987153662048,43.07,5,ovx,42.396,-0.156400000000012
2016-06-21 13:30:00+00:00,2016-06-21 13:30:00+00:00,43.11789978006206,40.37,5,ovx,41.766000000000005,-0.1734000000000009
2016-06-28 13:30:00+00:00,2016-06-28 13:30:00+00:00,40.41741768645545,40.18,5,ovx,41.127,-0.125399999999999
2016-07-06 13:30:00+00:00,2016-07-06 13:30:00+00:00,40.20764956544036,41.43,5,ovx,40.657,-0.0561999999999969
2016-07-13 13:30:00+00:00,2016-07-13 13:30:00+00:00,41.43417379057346,43.1,5,ovx,40.5024,-0.0409999999999968
2016-07-20 13:30:00+00:00,2016-07-20 13:30:00+00:00,43.1297049148705,37.02,5,ovx,39.8096,-0.142400000000002
2016-07-27 13:30:00+00:00,2016-07-27 13:30:00+00:00,37.02854954421174,41.6,5,ovx,39.638,-0.0086000000000083
2016-08-03 13:30:00+00:00,2016-08-03 13:30:00+00:00,41.60664560278212,44.64,5,ovx,39.8568,0.1039999999999992
2016-08-10 13:30:00+00:00,2016-08-10 13:30:00+00:00,44.6588752289205,39.32,5,ovx,40.2618,0.0248000000000061
2016-08-17 13:30:00+00:00,2016-08-17 13:30:00+00:00,39.3091070952766,35.12,5,ovx,40.3352,-0.0213999999999998
2016-08-24 13:30:00+00:00,2016-08-24 13:30:00+00:00,35.10364554370589,37.46,5,ovx,40.0596,-0.1122000000000014
2016-08-31 13:30:00+00:00,2016-08-31 13:30:00+00:00,37.420156204171015,39.5,5,ovx,39.6452,-0.017400000000002
2016-09-08 13:30:00+00:00,2016-09-08 13:30:00+00:00,39.441199933380446,38.21,5,ovx,39.382,-0.0394000000000005
2016-09-15 13:30:00+00:00,2016-09-15 13:30:00+00:00,38.17075871852394,40.9,5,ovx,39.5676,-0.0106000000000037
2016-09-22 13:30:00+00:00,2016-09-22 13:30:00+00:00,40.867346697762216,41.57,5,ovx,39.4076,-0.0306000000000068
2016-09-29 13:30:00+00:00,2016-09-29 13:30:00+00:00,41.53584034774068,42.05,5,ovx,40.0602,0.1006
2016-10-06 13:30:00+00:00,2016-10-06 13:30:00+00:00,42.03735442660679,35.92,5,ovx,39.7954,-0.1135999999999981
2016-10-13 13:30:00+00:00,2016-10-13 13:30:00+00:00,35.893561526067565,37.22,5,ovx,39.1744,-0.1484000000000023
2016-10-20 13:30:00+00:00,2016-10-20 13:30:00+00:00,37.19993617904098,32.48,5,ovx,38.518,-0.1368000000000009
2016-10-27 13:30:00+00:00,2016-10-27 13:30:00+00:00,32.44773562428259,35.86,5,ovx,38.1892,0.014800000000001
2016-11-03 13:30:00+00:00,2016-11-03 13:30:00+00:00,35.82996783789538,41.49,5,ovx,38.5516,0.080600000000004
2016-11-10 14:30:00+00:00,2016-11-10 14:30:00+00:00,41.48991460378618,42.44,5,ovx,39.1132,0.0587999999999979
2016-11-17 14:30:00+00:00,2016-11-17 14:30:00+00:00,42.44192868121564,47.37,5,ovx,40.0296,0.1832000000000064
2016-11-25 14:30:00+00:00,2016-11-25 14:30:00+00:00,47.385967616582604,53.46,5,ovx,40.7618,0.2512000000000043
2016-12-02 14:30:00+00:00,2016-12-02 14:30:00+00:00,53.48072664724669,35.51,5,ovx,41.2804,-0.1212000000000017
2016-12-09 14:30:00+00:00,2016-12-09 14:30:00+00:00,35.45916852945524,35.21,5,ovx,40.4892,-0.1367999999999938
2016-12-16 14:30:00+00:00,2016-12-16 14:30:00+00:00,35.15788418814448,29.18,5,ovx,39.9052,-0.1347999999999984
2016-12-23 14:30:00+00:00,2016-12-23 14:30:00+00:00,29.12361018949724,29.9,5,ovx,39.0596,-0.1463999999999998
2017-01-03 14:30:00+00:00,2017-01-03 14:30:00+00:00,29.852091275508837,32.88,5,ovx,38.6922,0.0079999999999955
2017-01-10 14:30:00+00:00,2017-01-10 14:30:00+00:00,32.826058173392866,33.61,5,ovx,38.5172,-0.0449999999999946
2017-01-18 14:30:00+00:00,2017-01-18 14:30:00+00:00,33.526333597644665,31.24,5,ovx,37.665,-0.2049999999999983
2017-01-25 14:30:00+00:00,2017-01-25 14:30:00+00:00,31.15109825875981,30.41,5,ovx,36.3794,-0.2405999999999934
2017-02-01 14:30:00+00:00,2017-02-01 14:30:00+00:00,30.316802537561216,30.65,5,ovx,34.5778,-0.3344000000000093
2017-02-08 14:30:00+00:00,2017-02-08 14:30:00+00:00,30.552198840820843,29.09,5,ovx,32.69,-0.4874000000000009
2017-02-15 14:30:00+00:00,2017-02-15 14:30:00+00:00,28.985114515385103,27.75,5,ovx,30.871,-0.1552000000000006
2017-02-23 14:30:00+00:00,2017-02-23 14:30:00+00:00,27.649145828051896,25.79,5,ovx,29.8896,-0.1883999999999943
2017-03-02 14:30:00+00:00,2017-03-02 14:30:00+00:00,25.694010494249515,25.94,5,ovx,29.258000000000003,-0.0647999999999946
2017-03-09 14:30:00+00:00,2017-03-09 14:30:00+00:00,25.865710407206063,31.98,5,ovx,29.2078,0.0416000000000025
2017-03-16 13:30:00+00:00,2017-03-16 13:30:00+00:00,31.91893470408513,28.63,5,ovx,29.29,-0.0850000000000008
2017-03-23 13:30:00+00:00,2017-03-23 13:30:00+00:00,28.58125918334262,29.79,5,ovx,28.9748,-0.076399999999996
2017-03-30 13:30:00+00:00,2017-03-30 13:30:00+00:00,29.74237677084077,27.82,5,ovx,28.765,-0.0683999999999969
2017-04-06 13:30:00+00:00,2017-04-06 13:30:00+00:00,27.76471747289598,26.79,5,ovx,28.4872,-0.0723999999999946
2017-04-13 13:30:00+00:00,2017-04-13 13:30:00+00:00,26.73146896729151,26.02,5,ovx,28.129,-0.0925999999999973
2017-04-21 13:30:00+00:00,2017-04-21 13:30:00+00:00,25.96026093028853,30.06,5,ovx,28.0278,0.0193999999999974
2017-04-28 13:30:00+00:00,2017-04-28 13:30:00+00:00,30.01514424019981,28.55,5,ovx,28.23,0.0159999999999982
2017-05-05 13:30:00+00:00,2017-05-05 13:30:00+00:00,28.504175022229173,33.83,5,ovx,28.8624,0.1607999999999947
2017-05-12 13:30:00+00:00,2017-05-12 13:30:00+00:00,33.79241179985707,33.72,5,ovx,29.7168,0.1555999999999997
2017-05-19 13:30:00+00:00,2017-05-19 13:30:00+00:00,33.69222787496019,29.76,5,ovx,30.1222,-0.0443999999999995
2017-05-26 13:30:00+00:00,2017-05-26 13:30:00+00:00,29.71833997491356,30.04,5,ovx,30.0948,0.0282000000000017
2017-06-05 13:30:00+00:00,2017-06-05 13:30:00+00:00,30.01694990029823,33.71,5,ovx,30.3746,0.0783999999999949
2017-06-12 13:30:00+00:00,2017-06-12 13:30:00+00:00,33.705442991762915,33.95,5,ovx,30.7482,0.1225999999999913
2017-06-19 13:30:00+00:00,2017-06-19 13:30:00+00:00,33.92724229708315,30.34,5,ovx,31.0994,0.0709999999999944
2017-06-26 13:30:00+00:00,2017-06-26 13:30:00+00:00,30.302497986832684,31.77,5,ovx,31.6548,0.1150000000000019
2017-07-03 13:30:00+00:00,2017-07-03 13:30:00+00:00,31.73098143196614,30.26,5,ovx,31.8946,0.0040000000000013
2017-07-11 13:30:00+00:00,2017-07-11 13:30:00+00:00,30.237584227734548,33.61,5,ovx,32.263000000000005,0.1012000000000057
2017-07-18 13:30:00+00:00,2017-07-18 13:30:00+00:00,33.579012908082625,29.96,5,ovx,32.1058,-0.0773999999999972
2017-07-25 13:30:00+00:00,2017-07-25 13:30:00+00:00,29.93140368659102,29.18,5,ovx,31.6448,-0.090799999999998
2017-08-01 13:30:00+00:00,2017-08-01 13:30:00+00:00,29.140707162055183,30.54,5,ovx,31.3946,0.0155999999999991
2017-08-08 13:30:00+00:00,2017-08-08 13:30:00+00:00,30.49510126746502,29.44,5,ovx,31.2028,-0.012000000000004
2017-08-15 13:30:00+00:00,2017-08-15 13:30:00+00:00,29.40095350806416,29.31,5,ovx,30.9078,-0.0879999999999974
2017-08-22 13:30:00+00:00,2017-08-22 13:30:00+00:00,29.281999342294387,27.97,5,ovx,30.4284,-0.1195999999999983
2017-08-29 13:30:00+00:00,2017-08-29 13:30:00+00:00,27.94073378975039,30.49,5,ovx,30.256400000000003,0.0030000000000001
2017-09-06 13:30:00+00:00,2017-09-06 13:30:00+00:00,30.467401790328445,30.07,5,ovx,29.9634,-0.0339999999999989
2017-09-13 13:30:00+00:00,2017-09-13 13:30:00+00:00,30.036442728311307,26.62,5,ovx,29.7366,-0.0728000000000008
2017-09-20 13:30:00+00:00,2017-09-20 13:30:00+00:00,26.574156557662537,26.99,5,ovx,29.0882,-0.132400000000004
2017-09-27 13:30:00+00:00,2017-09-27 13:30:00+00:00,26.94523089703841,27.29,5,ovx,28.6806,-0.0534000000000034
2017-10-04 13:30:00+00:00,2017-10-04 13:30:00+00:00,27.238569783393608,27.04,5,ovx,28.4856,-0.0428000000000032
2017-10-11 13:30:00+00:00,2017-10-11 13:30:00+00:00,27.00470314274028,26.43,5,ovx,28.1624,-0.0822000000000038
2017-10-18 13:30:00+00:00,2017-10-18 13:30:00+00:00,26.391627562246573,26.41,5,ovx,27.8304,-0.0606000000000044
2017-10-25 13:30:00+00:00,2017-10-25 13:30:00+00:00,26.37678859622405,25.44,5,ovx,27.4648,-0.0773999999999972
2017-11-01 13:30:00+00:00,2017-11-01 13:30:00+00:00,25.41078448678309,25.65,5,ovx,27.1434,-0.0464000000000019
2017-11-08 14:30:00+00:00,2017-11-08 14:30:00+00:00,25.60442866242448,27.99,5,ovx,26.906,-0.0500000000000007
2017-11-15 14:30:00+00:00,2017-11-15 14:30:00+00:00,27.941354218720114,29.84,5,ovx,26.9142,-0.0045999999999999
2017-11-22 14:30:00+00:00,2017-11-22 14:30:00+00:00,29.78022992578809,26.83,5,ovx,26.8116,0.0042000000000044
2017-11-30 14:30:00+00:00,2017-11-30 14:30:00+00:00,26.770898842780184,25.95,5,ovx,26.898000000000003,-0.0207999999999977
2017-12-07 14:30:00+00:00,2017-12-07 14:30:00+00:00,25.89649851531437,23.13,5,ovx,26.5398,-0.0832000000000015
2017-12-14 14:30:00+00:00,2017-12-14 14:30:00+00:00,23.08949768153397,23.0,5,ovx,26.128200000000003,-0.0807999999999964
2017-12-21 14:30:00+00:00,2017-12-21 14:30:00+00:00,22.96466225119924,17.86,5,ovx,25.3592,-0.1713999999999984
2017-12-29 14:30:00+00:00,2017-12-29 14:30:00+00:00,17.8272729611829,21.32,5,ovx,24.814,-0.1018000000000007
2018-01-08 14:30:00+00:00,2018-01-08 14:30:00+00:00,21.29075548313082,21.9,5,ovx,24.5114,-0.0708000000000055
2018-01-16 14:30:00+00:00,2018-01-16 14:30:00+00:00,21.87084634323476,26.41,5,ovx,24.3762,0.0151999999999965
2018-01-23 14:30:00+00:00,2018-01-23 14:30:00+00:00,26.393255120032787,22.34,5,ovx,23.9852,-0.1130000000000031
2018-01-30 14:30:00+00:00,2018-01-30 14:30:00+00:00,22.31167722303902,22.92,5,ovx,23.3138,-0.1384000000000043
2018-02-06 14:30:00+00:00,2018-02-06 14:30:00+00:00,22.89257723766985,26.59,5,ovx,23.0108,-0.0047999999999994
2018-02-13 14:30:00+00:00,2018-02-13 14:30:00+00:00,26.579304000647536,30.39,5,ovx,23.183000000000003,0.0888000000000026
2018-02-21 14:30:00+00:00,2018-02-21 14:30:00+00:00,30.403979365952488,26.93,5,ovx,23.582600000000003,0.076000000000004
2018-02-28 14:30:00+00:00,2018-02-28 14:30:00+00:00,26.934456341215025,26.92,5,ovx,23.7782,0.0783999999999984
2018-03-07 14:30:00+00:00,2018-03-07 14:30:00+00:00,26.925814212817624,26.94,5,ovx,24.499,0.1816000000000031
2018-03-14 13:30:00+00:00,2018-03-14 13:30:00+00:00,26.941045919283344,25.21,5,ovx,24.983,0.0777999999999998
2018-03-21 13:30:00+00:00,2018-03-21 13:30:00+00:00,25.18299686740101,25.95,5,ovx,25.2696,0.081000000000003
2018-03-28 13:30:00+00:00,2018-03-28 13:30:00+00:00,25.933071569538843,26.67,5,ovx,25.5868,0.0051999999999949
2018-04-05 13:30:00+00:00,2018-04-05 13:30:00+00:00,26.658298150305463,24.38,5,ovx,25.8974,0.0407999999999972
2018-04-12 13:30:00+00:00,2018-04-12 13:30:00+00:00,24.367228169112074,28.73,5,ovx,26.3472,0.1162000000000027
2018-04-19 13:30:00+00:00,2018-04-19 13:30:00+00:00,28.73616830879718,29.36,5,ovx,26.81,0.0553999999999987
2018-04-26 13:30:00+00:00,2018-04-26 13:30:00+00:00,29.35864510693529,26.86,5,ovx,26.7336,-0.0706000000000059
2018-05-03 13:30:00+00:00,2018-05-03 13:30:00+00:00,26.850781730138632,26.69,5,ovx,26.717,-0.0047999999999994
2018-05-10 13:30:00+00:00,2018-05-10 13:30:00+00:00,26.66798591867835,26.61,5,ovx,26.900800000000004,-0.0061999999999926
2018-05-17 13:30:00+00:00,2018-05-17 13:30:00+00:00,26.58414682908117,25.11,5,ovx,26.8448,-0.0366000000000035
2018-05-24 13:30:00+00:00,2018-05-24 13:30:00+00:00,25.08046940088649,25.37,5,ovx,26.8688,0.003199999999996
2018-06-01 13:30:00+00:00,2018-06-01 13:30:00+00:00,25.349758446010288,28.65,5,ovx,27.1654,0.0539999999999949
2018-06-08 13:30:00+00:00,2018-06-08 13:30:00+00:00,28.63995561286461,27.59,5,ovx,27.321,0.0183999999999997
2018-06-15 13:30:00+00:00,2018-06-15 13:30:00+00:00,27.56783940513137,27.64,5,ovx,27.4172,0.0652000000000043
2018-06-22 13:30:00+00:00,2018-06-22 13:30:00+00:00,27.6245822595069,25.52,5,ovx,27.4196,-0.0642000000000031
2018-06-29 13:30:00+00:00,2018-06-29 13:30:00+00:00,25.495256056471323,27.18,5,ovx,27.219,-0.0436000000000014
2018-07-09 13:30:00+00:00,2018-07-09 13:30:00+00:00,27.167921457262803,28.12,5,ovx,27.221400000000003,0.0252000000000052
2018-07-16 13:30:00+00:00,2018-07-16 13:30:00+00:00,28.101564770491017,29.01,5,ovx,27.2988,0.0463999999999984
2018-07-23 13:30:00+00:00,2018-07-23 13:30:00+00:00,29.004719673006832,26.15,5,ovx,27.2814,-0.0091999999999998
2018-07-30 13:30:00+00:00,2018-07-30 13:30:00+00:00,26.13834748312323,25.83,5,ovx,27.2324,0.0144000000000019
2018-08-06 13:30:00+00:00,2018-08-06 13:30:00+00:00,25.814813550102013,25.42,5,ovx,27.2606,0.0010000000000012
2018-08-13 13:30:00+00:00,2018-08-13 13:30:00+00:00,25.408357700481886,25.31,5,ovx,26.997200000000003,-0.0667999999999935
2018-08-20 13:30:00+00:00,2018-08-20 13:30:00+00:00,25.298293550454616,25.26,5,ovx,26.740600000000004,-0.0465999999999944
2018-08-27 13:30:00+00:00,2018-08-27 13:30:00+00:00,25.25126909579857,23.68,5,ovx,26.4664,-0.0792000000000001
2018-09-04 13:30:00+00:00,2018-09-04 13:30:00+00:00,23.66110293080012,26.7,5,ovx,26.236,0.0236000000000018
2018-09-11 13:30:00+00:00,2018-09-11 13:30:00+00:00,26.691001204533567,27.14,5,ovx,26.198599999999995,-0.0008000000000052
2018-09-18 13:30:00+00:00,2018-09-18 13:30:00+00:00,27.1375375259659,26.8,5,ovx,26.0202,-0.0263999999999988
2018-09-25 13:30:00+00:00,2018-09-25 13:30:00+00:00,26.797371454291607,26.83,5,ovx,25.8712,-0.0436000000000014
2018-10-02 13:30:00+00:00,2018-10-02 13:30:00+00:00,26.82951581001466,27.68,5,ovx,25.8932,0.0305999999999961
2018-10-09 13:30:00+00:00,2018-10-09 13:30:00+00:00,27.6798458495498,27.9,5,ovx,26.210600000000003,0.0414000000000029
2018-10-16 13:30:00+00:00,2018-10-16 13:30:00+00:00,27.902517653372698,28.59,5,ovx,26.4762,0.063400000000005
2018-10-23 13:30:00+00:00,2018-10-23 13:30:00+00:00,28.599457278312418,29.38,5,ovx,26.744799999999994,0.0813999999999914
2018-10-30 13:30:00+00:00,2018-10-30 13:30:00+00:00,29.398160974737404,29.9,5,ovx,27.064999999999998,0.0927999999999933
2018-11-06 14:30:00+00:00,2018-11-06 14:30:00+00:00,29.91963648837495,34.15,5,ovx,27.8562,0.2093999999999951
2018-11-13 14:30:00+00:00,2018-11-13 14:30:00+00:00,34.18207883480918,55.71,5,ovx,29.2722,0.5802000000000014
2018-11-20 14:30:00+00:00,2018-11-20 14:30:00+00:00,55.85324199911851,56.56,5,ovx,31.26,0.5884000000000036
2018-11-28 14:30:00+00:00,2018-11-28 14:30:00+00:00,56.72582685106156,53.99,5,ovx,34.2626,0.5437999999999974
2018-12-06 14:30:00+00:00,2018-12-06 14:30:00+00:00,54.13018060708175,50.13,5,ovx,36.8068,0.465999999999994
2018-12-13 14:30:00+00:00,2018-12-13 14:30:00+00:00,50.28411000896631,39.25,5,ovx,38.25,0.2314000000000007
2018-12-20 14:30:00+00:00,2018-12-20 14:30:00+00:00,39.33432037384435,52.89,5,ovx,40.3206,0.4998000000000004
2018-12-28 14:30:00+00:00,2018-12-28 14:30:00+00:00,53.105328775159336,53.11,5,ovx,42.91700000000001,0.4904000000000081
2019-01-07 14:30:00+00:00,2019-01-07 14:30:00+00:00,53.3115069701307,50.42,5,ovx,45.3346,0.4207999999999998
2019-01-14 14:30:00+00:00,2019-01-14 14:30:00+00:00,50.58559196768026,40.81,5,ovx,46.7042,0.2181999999999959
2019-01-22 14:30:00+00:00,2019-01-22 14:30:00+00:00,40.89948439327325,38.26,5,ovx,47.279,0.0822000000000002
2019-01-29 14:30:00+00:00,2019-01-29 14:30:00+00:00,38.34837080157008,37.13,5,ovx,47.0422,-0.3716000000000008
2019-02-05 14:30:00+00:00,2019-02-05 14:30:00+00:00,37.20523230948016,34.57,5,ovx,45.8566,-0.4398000000000053
2019-02-12 14:30:00+00:00,2019-02-12 14:30:00+00:00,34.61984803480455,32.69,5,ovx,43.50639999999999,-0.426000000000009
2019-02-20 14:30:00+00:00,2019-02-20 14:30:00+00:00,32.70228975050985,30.76,5,ovx,41.4264,-0.3873999999999995
2019-02-27 14:30:00+00:00,2019-02-27 14:30:00+00:00,30.77588298701948,31.01,5,ovx,40.382000000000005,-0.1647999999999996
2019-03-06 14:30:00+00:00,2019-03-06 14:30:00+00:00,31.03948810299498,29.69,5,ovx,38.4658,-0.4639999999999986
2019-03-13 13:30:00+00:00,2019-03-13 13:30:00+00:00,29.70474865248546,28.13,5,ovx,35.9306,-0.4996000000000009
2019-03-20 13:30:00+00:00,2019-03-20 13:30:00+00:00,28.14712579317783,27.21,5,ovx,33.401,-0.4641999999999981
2019-03-27 13:30:00+00:00,2019-03-27 13:30:00+00:00,27.21848358410171,28.11,5,ovx,31.9018,-0.2539999999999978
2019-04-03 13:30:00+00:00,2019-04-03 13:30:00+00:00,28.11165833781681,25.57,5,ovx,30.78,-0.2537999999999982
2019-04-10 13:30:00+00:00,2019-04-10 13:30:00+00:00,25.56548294698536,24.68,5,ovx,29.55,-0.2489999999999987
2019-04-17 13:30:00+00:00,2019-04-17 13:30:00+00:00,24.66691163835572,25.19,5,ovx,28.6588,-0.1876000000000068
2019-04-25 13:30:00+00:00,2019-04-25 13:30:00+00:00,25.17943105050373,25.57,5,ovx,27.8984,-0.1423999999999985
2019-05-02 13:30:00+00:00,2019-05-02 13:30:00+00:00,25.55694869737298,30.49,5,ovx,27.7766,-0.005399999999998
2019-05-09 13:30:00+00:00,2019-05-09 13:30:00+00:00,30.49983487760091,32.48,5,ovx,27.8624,0.0293999999999989
2019-05-16 13:30:00+00:00,2019-05-16 13:30:00+00:00,32.50490412086907,29.42,5,ovx,28.0214,-0.0054000000000016
2019-05-23 13:30:00+00:00,2019-05-23 13:30:00+00:00,29.43208866681857,33.79,5,ovx,28.0196,0.1132000000000026
2019-05-31 13:30:00+00:00,2019-05-31 13:30:00+00:00,33.82313290831755,46.91,5,ovx,29.1174,0.3939999999999948
2019-06-07 13:30:00+00:00,2019-06-07 13:30:00+00:00,47.00452145469656,38.75,5,ovx,30.608799999999995,0.2127999999999943
2019-06-14 13:30:00+00:00,2019-06-14 13:30:00+00:00,38.794917615670094,42.89,5,ovx,32.0482,0.3464000000000027
2019-06-21 13:30:00+00:00,2019-06-21 13:30:00+00:00,42.968134769513725,42.13,5,ovx,33.8736,0.3489999999999966
2019-06-28 13:30:00+00:00,2019-06-28 13:30:00+00:00,42.19802576792485,39.46,5,ovx,35.2604,0.2853999999999956
2019-07-08 13:30:00+00:00,2019-07-08 13:30:00+00:00,39.51517068598929,34.0,5,ovx,36.284,0.1685999999999978
2019-07-15 13:30:00+00:00,2019-07-15 13:30:00+00:00,34.02304402329761,30.83,5,ovx,36.337,0.0067999999999983
2019-07-22 13:30:00+00:00,2019-07-22 13:30:00+00:00,30.842576460648207,33.63,5,ovx,36.5164,0.0230000000000032
2019-07-29 13:30:00+00:00,2019-07-29 13:30:00+00:00,33.66087691022126,31.63,5,ovx,36.5718,0.0442000000000035
2019-08-05 13:30:00+00:00,2019-08-05 13:30:00+00:00,31.66034513515956,37.04,5,ovx,37.0496,0.0649999999999977
2019-08-12 13:30:00+00:00,2019-08-12 13:30:00+00:00,37.09317605523304,34.43,5,ovx,36.841,-0.2496000000000009
2019-08-19 13:30:00+00:00,2019-08-19 13:30:00+00:00,34.47182415184561,32.99,5,ovx,36.0088,-0.1152000000000015
2019-08-26 13:30:00+00:00,2019-08-26 13:30:00+00:00,33.02046586347824,35.42,5,ovx,35.2572,-0.149400000000007
2019-09-03 13:30:00+00:00,2019-09-03 13:30:00+00:00,35.47317611290033,35.73,5,ovx,34.297200000000004,-0.127999999999993
2019-09-10 13:30:00+00:00,2019-09-10 13:30:00+00:00,35.780082086544965,33.55,5,ovx,33.719,-0.1181999999999945
2019-09-17 13:30:00+00:00,2019-09-17 13:30:00+00:00,33.583509876397265,44.89,5,ovx,34.1262,0.2177999999999968
2019-09-24 13:30:00+00:00,2019-09-24 13:30:00+00:00,44.98604344546632,38.74,5,ovx,35.051,0.1582000000000007
2019-10-01 13:30:00+00:00,2019-10-01 13:30:00+00:00,38.80020654664846,38.88,5,ovx,35.5286,0.1049999999999968
2019-10-08 13:30:00+00:00,2019-10-08 13:30:00+00:00,38.93723846383964,39.49,5,ovx,36.2738,0.157199999999996
2019-10-15 13:30:00+00:00,2019-10-15 13:30:00+00:00,39.53928104468274,39.47,5,ovx,36.8134,0.0486000000000004
2019-10-22 13:30:00+00:00,2019-10-22 13:30:00+00:00,39.52521283636513,35.52,5,ovx,36.927600000000005,0.021800000000006
2019-10-29 13:30:00+00:00,2019-10-29 13:30:00+00:00,35.55676385013896,35.7,5,ovx,37.0148,0.0542000000000015
2019-11-05 14:30:00+00:00,2019-11-05 14:30:00+00:00,35.72886329286944,33.77,5,ovx,37.1394,-0.0329999999999941
2019-11-12 14:30:00+00:00,2019-11-12 14:30:00+00:00,33.77685152739334,33.74,5,ovx,37.0978,-0.0397999999999996
2019-11-19 14:30:00+00:00,2019-11-19 14:30:00+00:00,33.73308596336323,32.94,5,ovx,37.0984,-0.0121999999999999
2019-11-26 14:30:00+00:00,2019-11-26 14:30:00+00:00,32.912088160852896,31.25,5,ovx,36.2954,-0.2727999999999966
2019-12-04 14:30:00+00:00,2019-12-04 14:30:00+00:00,31.174520828154343,32.21,5,ovx,35.7234,-0.1306000000000011
2019-12-11 14:30:00+00:00,2019-12-11 14:30:00+00:00,32.15581855592896,27.81,5,ovx,34.799,-0.2214000000000027
2019-12-18 14:30:00+00:00,2019-12-18 14:30:00+00:00,27.766285665741787,26.77,5,ovx,33.5104,-0.2544000000000039
2019-12-26 14:30:00+00:00,2019-12-26 14:30:00+00:00,26.69709312370935,24.08,5,ovx,32.0732,-0.3078000000000003
2020-01-03 14:30:00+00:00,2020-01-03 14:30:00+00:00,24.00278703695163,31.92,5,ovx,31.1572,-0.0720000000000027
2020-01-10 14:30:00+00:00,2020-01-10 14:30:00+00:00,31.85381719603013,30.38,5,ovx,30.8118,-0.1064000000000007
2020-01-17 14:30:00+00:00,2020-01-17 14:30:00+00:00,30.339568417060597,28.6,5,ovx,30.5252,-0.1034000000000041
2020-01-27 14:30:00+00:00,2020-01-27 14:30:00+00:00,28.57154254254909,37.72,5,ovx,30.4952,0.0795999999999992
2020-02-03 14:30:00+00:00,2020-02-03 14:30:00+00:00,37.72861824268057,41.81,5,ovx,30.9686,0.1774000000000022
2020-02-10 14:30:00+00:00,2020-02-10 14:30:00+00:00,41.84677746079348,39.01,5,ovx,31.5878,0.1552000000000006
2020-02-18 14:30:00+00:00,2020-02-18 14:30:00+00:00,39.03741254275101,33.47,5,ovx,31.759,0.0252000000000052
2020-02-25 14:30:00+00:00,2020-02-25 14:30:00+00:00,33.48711053181983,42.5,5,ovx,32.5016,0.2937999999999974
2020-03-03 14:30:00+00:00,2020-03-03 14:30:00+00:00,42.54412243154913,50.8,5,ovx,34.6894,0.4805999999999955
2020-03-10 13:30:00+00:00,2020-03-10 13:30:00+00:00,50.90479357557994,92.93,5,ovx,39.7304,1.3770000000000024
2020-03-17 13:30:00+00:00,2020-03-17 13:30:00+00:00,93.35985157886611,133.32,5,ovx,49.1106,2.0279999999999987
2020-03-24 13:30:00+00:00,2020-03-24 13:30:00+00:00,134.176230145342,170.86,5,ovx,63.45360000000001,2.8096000000000103
2020-03-31 13:30:00+00:00,2020-03-31 13:30:00+00:00,172.06222274880164,170.55,5,ovx,76.5556,2.8389999999999844
2020-04-07 13:30:00+00:00,2020-04-07 13:30:00+00:00,171.8222224388686,139.13,5,ovx,88.2366,2.0281999999999982
2020-04-15 13:30:00+00:00,2020-04-15 13:30:00+00:00,140.09651284837028,120.38,5,ovx,96.8334,1.5714000000000112
2020-04-22 13:30:00+00:00,2020-04-22 13:30:00+00:00,121.12323715911369,236.8,5,ovx,113.0096,3.95580000000001
2020-04-29 13:30:00+00:00,2020-04-29 13:30:00+00:00,238.8628216711776,195.59,5,ovx,128.73,3.2424000000000035
2020-05-06 13:30:00+00:00,2020-05-06 13:30:00+00:00,197.06798867255188,115.39,5,ovx,135.56820000000002,1.4578000000000202
2020-05-13 13:30:00+00:00,2020-05-13 13:30:00+00:00,115.95117798480295,82.83,5,ovx,140.47879999999998,0.6405999999999779
2020-05-20 13:30:00+00:00,2020-05-20 13:30:00+00:00,83.14117527632617,73.62,5,ovx,140.5264,-0.3862000000000023
2020-05-28 13:30:00+00:00,2020-05-28 13:30:00+00:00,73.91457985620538,72.98,5,ovx,136.274,-1.206799999999987
2020-06-04 13:30:00+00:00,2020-06-04 13:30:00+00:00,73.18172178943354,65.13,5,ovx,125.3082,-2.114599999999996
2020-06-11 13:30:00+00:00,2020-06-11 13:30:00+00:00,65.22418455434716,69.96,5,ovx,115.6578,-2.011799999999994
2020-06-18 13:30:00+00:00,2020-06-18 13:30:00+00:00,70.09502302019754,61.35,5,ovx,107.2804,-1.55559999999997
2020-06-25 13:30:00+00:00,2020-06-25 13:30:00+00:00,61.44948721656702,62.69,5,ovx,100.887,-1.153800000000004
2020-07-02 13:30:00+00:00,2020-07-02 13:30:00+00:00,62.81159845612554,51.29,5,ovx,86.6274,-3.710200000000015
2020-07-10 13:30:00+00:00,2020-07-10 13:30:00+00:00,51.357748277677565,49.71,5,ovx,72.4292,-2.9176000000000077
2020-07-17 13:30:00+00:00,2020-07-17 13:30:00+00:00,49.81051155487215,40.22,5,ovx,66.7212,-1.5033999999999992
2020-07-24 13:30:00+00:00,2020-07-24 13:30:00+00:00,40.2510913126074,42.35,5,ovx,61.17,-0.8095999999999961
2020-07-31 13:30:00+00:00,2020-07-31 13:30:00+00:00,42.39734824989143,44.43,5,ovx,57.7522,-0.5837999999999894
2020-08-07 13:30:00+00:00,2020-08-07 13:30:00+00:00,44.46506236694897,37.43,5,ovx,53.7042,-0.7109999999999985
2020-08-14 13:30:00+00:00,2020-08-14 13:30:00+00:00,37.43582465876801,35.1,5,ovx,50.6796,-0.6006000000000071
2020-08-21 13:30:00+00:00,2020-08-21 13:30:00+00:00,35.095669755348894,33.68,5,ovx,47.30499999999999,-0.7256
2020-08-28 13:30:00+00:00,2020-08-28 13:30:00+00:00,33.68533393006962,32.06,5,ovx,44.0472,-0.585799999999999
2020-09-04 13:30:00+00:00,2020-09-04 13:30:00+00:00,32.06092217242032,44.02,5,ovx,41.71019999999999,-0.3734000000000037
2020-09-14 13:30:00+00:00,2020-09-14 13:30:00+00:00,44.06941530770921,49.41,5,ovx,41.1284,-0.0376000000000047
2020-09-21 13:30:00+00:00,2020-09-21 13:30:00+00:00,49.47537798302804,42.89,5,ovx,40.1796,-0.1364000000000018
2020-09-28 13:30:00+00:00,2020-09-28 13:30:00+00:00,42.90653812992128,40.64,5,ovx,39.5998,0.0084000000000017
2020-10-05 13:30:00+00:00,2020-10-05 13:30:00+00:00,40.64699550108599,49.44,5,ovx,40.265,0.1418000000000034
2020-10-12 13:30:00+00:00,2020-10-12 13:30:00+00:00,49.484742279098064,44.04,5,ovx,40.4878,-0.0078000000000031
2020-10-19 13:30:00+00:00,2020-10-19 13:30:00+00:00,44.05849090893807,43.35,5,ovx,41.025,0.118399999999994
2020-10-26 13:30:00+00:00,2020-10-26 13:30:00+00:00,43.379899748742375,53.05,5,ovx,42.2142,0.3590000000000017
2020-11-02 14:30:00+00:00,2020-11-02 14:30:00+00:00,53.14028025771812,66.73,5,ovx,45.12,0.6610000000000014
2020-11-09 14:30:00+00:00,2020-11-09 14:30:00+00:00,66.90591776414486,52.2,5,ovx,47.4186,0.4027999999999991
2020-11-16 14:30:00+00:00,2020-11-16 14:30:00+00:00,52.30511187025962,46.89,5,ovx,48.6144,0.0574000000000012
2020-11-23 14:30:00+00:00,2020-11-23 14:30:00+00:00,46.95874002347632,42.79,5,ovx,47.9582,-0.1323999999999969
2020-12-01 14:30:00+00:00,2020-12-01 14:30:00+00:00,42.83721301490504,47.81,5,ovx,48.3738,0.0984000000000051
2020-12-08 14:30:00+00:00,2020-12-08 14:30:00+00:00,47.8694134001936,37.7,5,ovx,48.1638,-0.0587999999999979
2020-12-15 14:30:00+00:00,2020-12-15 14:30:00+00:00,37.73379679300042,39.34,5,ovx,47.2358,-0.2020000000000124
2020-12-22 14:30:00+00:00,2020-12-22 14:30:00+00:00,39.40156151226978,42.06,5,ovx,46.7686,-0.0396
2020-12-30 14:30:00+00:00,2020-12-30 14:30:00+00:00,42.14628793185181,38.01,5,ovx,46.2642,-0.1067999999999997
2021-01-07 14:30:00+00:00,2021-01-07 14:30:00+00:00,38.05450670087741,36.06,5,ovx,45.430200000000006,-0.3397999999999967
2021-01-14 14:30:00+00:00,2021-01-14 14:30:00+00:00,36.074169885689415,37.95,5,ovx,42.8656,-0.5756000000000085
2021-01-22 14:30:00+00:00,2021-01-22 14:30:00+00:00,37.96892707877403,36.25,5,ovx,40.9242,-0.3190000000000097
2021-01-29 14:30:00+00:00,2021-01-29 14:30:00+00:00,36.26857528735053,40.2,5,ovx,39.9462,-0.1338000000000008
2021-02-05 14:30:00+00:00,2021-02-05 14:30:00+00:00,40.211377826205904,34.94,5,ovx,39.166,-0.1570000000000035
2021-02-12 14:30:00+00:00,2021-02-12 14:30:00+00:00,34.9342262721433,34.25,5,ovx,38.0176,-0.2712000000000003
2021-02-22 14:30:00+00:00,2021-02-22 14:30:00+00:00,34.24383456957809,38.57,5,ovx,37.7358,0.0173999999999949
2021-03-01 14:30:00+00:00,2021-03-01 14:30:00+00:00,38.58146460283353,42.56,5,ovx,37.8744,0.0643999999999991
2021-03-08 14:30:00+00:00,2021-03-08 14:30:00+00:00,42.52848591645398,38.89,5,ovx,37.8194,-0.0634000000000014
2021-03-15 13:30:00+00:00,2021-03-15 13:30:00+00:00,38.80774891449753,39.38,5,ovx,37.7126,0.0274
2021-03-22 13:30:00+00:00,2021-03-22 13:30:00+00:00,39.20876953267716,40.28,5,ovx,37.9904,0.0844000000000022
2021-03-29 13:30:00+00:00,2021-03-29 13:30:00+00:00,40.032556787027936,44.16,5,ovx,39.4294,0.1242000000000018
2021-04-06 13:30:00+00:00,2021-04-06 13:30:00+00:00,43.918481563814495,42.41,5,ovx,40.0082,0.1232000000000042
2021-04-13 13:30:00+00:00,2021-04-13 13:30:00+00:00,42.20746633803039,35.2,5,ovx,39.956,-0.1000000000000085
2021-04-20 13:30:00+00:00,2021-04-20 13:30:00+00:00,35.03571783859672,35.68,5,ovx,39.7208,0.014800000000001
2021-04-27 13:30:00+00:00,2021-04-27 13:30:00+00:00,35.41409897033379,38.44,5,ovx,40.3174,0.0837999999999965
2021-05-04 13:30:00+00:00,2021-05-04 13:30:00+00:00,38.20055863471071,37.15,5,ovx,40.3618,-0.0283999999999977
2021-05-11 13:30:00+00:00,2021-05-11 13:30:00+00:00,37.00889419237931,37.93,5,ovx,40.055,-0.0926000000000044
2021-05-18 13:30:00+00:00,2021-05-18 13:30:00+00:00,37.77208195658811,37.01,5,ovx,39.8792,-0.0375999999999976
2021-05-25 13:30:00+00:00,2021-05-25 13:30:00+00:00,36.90435567483531,36.23,5,ovx,39.8608,-0.0630000000000023
2021-06-02 13:30:00+00:00,2021-06-02 13:30:00+00:00,36.12461243854077,32.77,5,ovx,39.014,-0.1501999999999981
2021-06-09 13:30:00+00:00,2021-06-09 13:30:00+00:00,32.681631569522665,31.79,5,ovx,37.1858,-0.2473999999999989
2021-06-16 13:30:00+00:00,2021-06-16 13:30:00+00:00,31.69527646578092,33.83,5,ovx,36.2344,-0.1715999999999979
2021-06-23 13:30:00+00:00,2021-06-23 13:30:00+00:00,33.73918012425228,34.68,5,ovx,35.8616,-0.010399999999997
2021-06-30 13:30:00+00:00,2021-06-30 13:30:00+00:00,34.606157205317366,32.74,5,ovx,35.5916,-0.0587999999999979
2021-07-08 13:30:00+00:00,2021-07-08 13:30:00+00:00,32.66702170299926,38.8,5,ovx,35.2624,0.0071999999999974
2021-07-15 13:30:00+00:00,2021-07-15 13:30:00+00:00,38.7643723881847,38.04,5,ovx,35.2406,0.0178000000000011
2021-07-22 13:30:00+00:00,2021-07-22 13:30:00+00:00,38.00814534007549,36.44,5,ovx,35.7506,-0.0298000000000016
2021-07-29 13:30:00+00:00,2021-07-29 13:30:00+00:00,36.42237090911004,33.36,5,ovx,35.5104,-0.0730000000000075
2021-08-05 13:30:00+00:00,2021-08-05 13:30:00+00:00,33.3373022793373,39.09,5,ovx,35.483,0.0571999999999945
2021-08-12 13:30:00+00:00,2021-08-12 13:30:00+00:00,39.098290003668296,36.5,5,ovx,36.0716,0.0745999999999966
2021-08-19 13:30:00+00:00,2021-08-19 13:30:00+00:00,36.50732613294114,40.98,5,ovx,36.7716,0.1837999999999979
2021-08-26 13:30:00+00:00,2021-08-26 13:30:00+00:00,41.015973586343605,36.33,5,ovx,37.2508,0.0499999999999971
2021-09-02 13:30:00+00:00,2021-09-02 13:30:00+00:00,36.34039708030564,31.35,5,ovx,37.1948,-0.0666000000000011
2021-09-10 13:30:00+00:00,2021-09-10 13:30:00+00:00,31.334523482125825,33.54,5,ovx,37.3788,0.0159999999999982
2021-09-17 13:30:00+00:00,2021-09-17 13:30:00+00:00,33.48165765136278,32.32,5,ovx,36.9886,-0.1296000000000035
2021-09-24 13:30:00+00:00,2021-09-24 13:30:00+00:00,32.29695756269896,34.01,5,ovx,36.6092,-0.0805999999999969
2021-10-01 13:30:00+00:00,2021-10-01 13:30:00+00:00,33.978548866887955,37.38,5,ovx,35.9548,0.0187999999999988
2021-10-08 13:30:00+00:00,2021-10-08 13:30:00+00:00,37.33782589704916,38.0,5,ovx,36.4924,0.0928000000000039
2021-10-15 13:30:00+00:00,2021-10-15 13:30:00+00:00,37.99007951394881,34.05,5,ovx,36.3864,-0.1007999999999995
2021-10-22 13:30:00+00:00,2021-10-22 13:30:00+00:00,34.01677264806844,36.87,5,ovx,36.0274,0.0073999999999969
2021-10-29 13:30:00+00:00,2021-10-29 13:30:00+00:00,36.835662298505845,37.92,5,ovx,35.7926,-0.0611999999999994
2021-11-05 13:30:00+00:00,2021-11-05 13:30:00+00:00,37.841368459922265,37.84,5,ovx,35.794200000000004,0.0302000000000006
2021-11-12 14:30:00+00:00,2021-11-12 14:30:00+00:00,37.78719007356037,36.1,5,ovx,36.023599999999995,0.0949999999999917
2021-11-19 14:30:00+00:00,2021-11-19 14:30:00+00:00,36.05158826025447,37.13,5,ovx,36.2342,0.0718000000000032
2021-11-29 14:30:00+00:00,2021-11-29 14:30:00+00:00,37.09838393142381,63.34,5,ovx,37.6608,0.6204000000000036
2021-12-06 14:30:00+00:00,2021-12-06 14:30:00+00:00,63.41968728260975,56.21,5,ovx,40.9212,0.4440000000000026
2021-12-13 14:30:00+00:00,2021-12-13 14:30:00+00:00,56.30048829048398,45.88,5,ovx,41.9314,0.1699999999999946
2021-12-20 14:30:00+00:00,2021-12-20 14:30:00+00:00,45.90718196638511,60.24,5,ovx,43.3348,0.4447999999999936
2021-12-28 14:30:00+00:00,2021-12-28 14:30:00+00:00,60.34643032920548,41.23,5,ovx,44.2176,0.1435999999999992
2022-01-04 14:30:00+00:00,2022-01-04 14:30:00+00:00,41.23785709367005,39.48,5,ovx,44.645,0.0522000000000062
2022-01-11 14:30:00+00:00,2022-01-11 14:30:00+00:00,39.47595818281871,34.31,5,ovx,44.76419999999999,-0.0722000000000093
2022-01-19 14:30:00+00:00,2022-01-19 14:30:00+00:00,34.312139670341686,42.75,5,ovx,44.9556,0.0981999999999985
2022-01-26 14:30:00+00:00,2022-01-26 14:30:00+00:00,42.78086287119939,45.67,5,ovx,45.7842,0.1914000000000015
2022-02-02 14:30:00+00:00,2022-02-02 14:30:00+00:00,45.69387970149376,41.86,5,ovx,46.594,0.0945999999999855
2022-02-09 14:30:00+00:00,2022-02-09 14:30:00+00:00,41.880655080875904,39.4,5,ovx,46.083400000000005,-0.4787999999999996
2022-02-16 14:30:00+00:00,2022-02-16 14:30:00+00:00,39.42470064443668,49.38,5,ovx,44.211000000000006,-0.1365999999999942
2022-02-24 14:30:00+00:00,2022-02-24 14:30:00+00:00,49.431530345298384,49.04,5,ovx,44.64900000000001,0.063200000000009
2022-03-03 14:30:00+00:00,2022-03-03 14:30:00+00:00,49.07658753556248,64.37,5,ovx,45.03940000000001,0.0826000000000064
2022-03-10 14:30:00+00:00,2022-03-10 14:30:00+00:00,64.50905803081572,67.34,5,ovx,47.955,0.522199999999998
2022-03-17 13:30:00+00:00,2022-03-17 13:30:00+00:00,67.49665612555626,67.78,5,ovx,50.436400000000006,0.5660000000000096
2022-03-24 13:30:00+00:00,2022-03-24 13:30:00+00:00,67.86936031520267,69.14,5,ovx,53.653400000000005,0.6966000000000037
2022-03-31 13:30:00+00:00,2022-03-31 13:30:00+00:00,69.23368445985926,57.66,5,ovx,56.0414,0.2981999999999942
2022-04-07 13:30:00+00:00,2022-04-07 13:30:00+00:00,57.7431677094831,54.23,5,ovx,56.9412,0.1711999999999989
2022-04-14 13:30:00+00:00,2022-04-14 13:30:00+00:00,54.3006172762934,53.38,5,ovx,57.893600000000006,0.2304000000000101
