,asofdate,pnl,strategy,positionType,position_identifier
0,2019-05-15 00:00:00-04:00,0.0,arma_ma,no_position,XLY_no_position_0
1,2019-05-16 00:00:00-04:00,0.0,arma_ma,no_position,XLY_no_position_0
2,2019-05-17 00:00:00-04:00,0.0,arma_ma,no_position,XLY_no_position_0
3,2019-05-20 00:00:00-04:00,0.0,arma_ma,no_position,XLY_no_position_0
4,2019-05-21 00:00:00-04:00,0.0,arma_ma,no_position,XLY_no_position_0
5,2019-05-22 00:00:00-04:00,0.0,arma_ma,no_position,XLY_no_position_5
6,2019-05-23 00:00:00-04:00,0.0,arma_ma,no_position,XLY_no_position_5
7,2019-05-24 00:00:00-04:00,0.0,arma_ma,no_position,XLY_no_position_5
8,2019-05-28 00:00:00-04:00,0.0,arma_ma,no_position,XLY_no_position_5
9,2019-05-29 00:00:00-04:00,0.0,arma_ma,no_position,XLY_no_position_5
10,2019-05-30 00:00:00-04:00,0.0,arma_ma,no_position,XLY_no_position_10
11,2019-05-31 00:00:00-04:00,0.0,arma_ma,no_position,XLY_no_position_10
12,2019-06-03 00:00:00-04:00,0.0,arma_ma,no_position,XLY_no_position_10
13,2019-06-04 00:00:00-04:00,0.0,arma_ma,no_position,XLY_no_position_10
14,2019-06-05 00:00:00-04:00,0.0,arma_ma,no_position,XLY_no_position_10
15,2019-06-06 00:00:00-04:00,0.5386199951171733,arma_ma,long,XLY_long_15
16,2019-06-07 00:00:00-04:00,0.5578079223632955,arma_ma,long,XLY_long_15
17,2019-06-10 00:00:00-04:00,1.5869369506835795,arma_ma,long,XLY_long_15
18,2019-06-11 00:00:00-04:00,0.9425430297851705,arma_ma,long,XLY_long_15
19,2019-06-12 00:00:00-04:00,0.43280029296875,arma_ma,long,XLY_long_15
20,2019-06-13 00:00:00-04:00,-0.02886199951171875,arma_ma,long,XLY_long_20
21,2019-06-14 00:00:00-04:00,1.0098800659179688,arma_ma,long,XLY_long_20
22,2019-06-17 00:00:00-04:00,0.25005340576171875,arma_ma,long,XLY_long_20
23,2019-06-18 00:00:00-04:00,0.04808807373048296,arma_ma,long,XLY_long_20
24,2019-06-19 00:00:00-04:00,0.8656005859374716,arma_ma,long,XLY_long_20
25,2019-06-20 00:00:00-04:00,0.21158599853515625,arma_ma,long,XLY_long_25
26,2019-06-21 00:00:00-04:00,0.798271179199233,arma_ma,long,XLY_long_25
27,2019-06-24 00:00:00-04:00,-0.5365905761718608,arma_ma,long,XLY_long_25
28,2019-06-25 00:00:00-04:00,-0.61767578125,arma_ma,long,XLY_long_25
29,2019-06-26 00:00:00-04:00,-1.1001815795898438,arma_ma,long,XLY_long_25
30,2019-06-27 00:00:00-04:00,-0.36672210693357954,arma_ma,short,XLY_short_30
31,2019-06-28 00:00:00-04:00,-0.7141876220703125,arma_ma,short,XLY_short_30
32,2019-07-01 00:00:00-04:00,-0.328125,arma_ma,short,XLY_short_30
33,2019-07-02 00:00:00-04:00,-1.013343811035142,arma_ma,short,XLY_short_30
34,2019-07-03 00:00:00-04:00,-0.2509155273437642,arma_ma,short,XLY_short_30
35,2019-07-05 00:00:00-04:00,1.013336181640625,arma_ma,long,XLY_long_35
36,2019-07-08 00:00:00-04:00,0.1351165771484375,arma_ma,long,XLY_long_35
37,2019-07-09 00:00:00-04:00,0.14478302001953125,arma_ma,long,XLY_long_35
38,2019-07-10 00:00:00-04:00,0.12545013427734375,arma_ma,long,XLY_long_35
39,2019-07-11 00:00:00-04:00,0.4246520996093892,arma_ma,long,XLY_long_35
40,2019-07-12 00:00:00-04:00,0.2412719726562358,arma_ma,long,XLY_long_40
41,2019-07-15 00:00:00-04:00,1.3607635498046733,arma_ma,long,XLY_long_40
42,2019-07-16 00:00:00-04:00,0.38603973388671875,arma_ma,long,XLY_long_40
43,2019-07-17 00:00:00-04:00,-0.15441131591795454,arma_ma,long,XLY_long_40
44,2019-07-18 00:00:00-04:00,-1.1484527587890625,arma_ma,long,XLY_long_40
45,2019-07-19 00:00:00-04:00,0.0,arma_ma,no_position,XLY_no_position_45
46,2019-07-22 00:00:00-04:00,0.0,arma_ma,no_position,XLY_no_position_45
47,2019-07-23 00:00:00-04:00,0.0,arma_ma,no_position,XLY_no_position_45
48,2019-07-24 00:00:00-04:00,0.0,arma_ma,no_position,XLY_no_position_45
49,2019-07-25 00:00:00-04:00,0.0,arma_ma,no_position,XLY_no_position_45
50,2019-07-26 00:00:00-04:00,-0.6659317016601705,arma_ma,long,XLY_long_50
51,2019-07-29 00:00:00-04:00,0.5404663085937642,arma_ma,long,XLY_long_50
52,2019-07-30 00:00:00-04:00,-0.579078674316392,arma_ma,long,XLY_long_50
53,2019-07-31 00:00:00-04:00,-0.8010101318359517,arma_ma,long,XLY_long_50
54,2019-08-01 00:00:00-04:00,-1.3511199951171733,arma_ma,long,XLY_long_50
55,2019-08-02 00:00:00-04:00,0.0,arma_ma,no_position,XLY_no_position_55
56,2019-08-05 00:00:00-04:00,0.0,arma_ma,no_position,XLY_no_position_55
57,2019-08-06 00:00:00-04:00,0.0,arma_ma,no_position,XLY_no_position_55
58,2019-08-07 00:00:00-04:00,0.0,arma_ma,no_position,XLY_no_position_55
59,2019-08-08 00:00:00-04:00,0.0,arma_ma,no_position,XLY_no_position_55
60,2019-08-09 00:00:00-04:00,2.1810836791991903,arma_ma,long,XLY_long_60
61,2019-08-12 00:00:00-04:00,-1.0809020996093466,arma_ma,long,XLY_long_60
62,2019-08-13 00:00:00-04:00,-1.659942626953125,arma_ma,long,XLY_long_60
63,2019-08-14 00:00:00-04:00,1.8529586791992045,arma_ma,long,XLY_long_60
64,2019-08-15 00:00:00-04:00,-3.5804901123046875,arma_ma,long,XLY_long_60
65,2019-08-16 00:00:00-04:00,0.0,arma_ma,no_position,XLY_no_position_65
66,2019-08-19 00:00:00-04:00,0.0,arma_ma,no_position,XLY_no_position_65
67,2019-08-20 00:00:00-04:00,0.0,arma_ma,no_position,XLY_no_position_65
68,2019-08-21 00:00:00-04:00,0.0,arma_ma,no_position,XLY_no_position_65
69,2019-08-22 00:00:00-04:00,0.0,arma_ma,no_position,XLY_no_position_65
70,2019-08-23 00:00:00-04:00,0.02893829345701704,arma_ma,long,XLY_long_70
71,2019-08-26 00:00:00-04:00,-3.069000244140611,arma_ma,long,XLY_long_70
72,2019-08-27 00:00:00-04:00,1.10986328125,arma_ma,long,XLY_long_70
73,2019-08-28 00:00:00-04:00,-0.5597381591796875,arma_ma,long,XLY_long_70
74,2019-08-29 00:00:00-04:00,1.4090194702148438,arma_ma,long,XLY_long_70
75,2019-08-30 00:00:00-04:00,1.7178802490234375,arma_ma,long,XLY_long_75
76,2019-09-03 00:00:00-04:00,-0.6948928833007812,arma_ma,long,XLY_long_75
77,2019-09-04 00:00:00-04:00,-0.4728851318359375,arma_ma,long,XLY_long_75
78,2019-09-05 00:00:00-04:00,1.1388092041015625,arma_ma,long,XLY_long_75
79,2019-09-06 00:00:00-04:00,2.2197113037109375,arma_ma,long,XLY_long_75
80,2019-09-09 00:00:00-04:00,0.28952789306640625,arma_ma,long,XLY_long_80
81,2019-09-10 00:00:00-04:00,0.45361328125,arma_ma,long,XLY_long_80
82,2019-09-11 00:00:00-04:00,-0.4729156494140625,arma_ma,long,XLY_long_80
83,2019-09-12 00:00:00-04:00,0.2219696044921733,arma_ma,long,XLY_long_80
84,2019-09-13 00:00:00-04:00,0.5694046020508097,arma_ma,long,XLY_long_80
85,2019-09-16 00:00:00-04:00,0.0,arma_ma,no_position,XLY_no_position_85
86,2019-09-17 00:00:00-04:00,0.0,arma_ma,no_position,XLY_no_position_85
87,2019-09-18 00:00:00-04:00,0.0,arma_ma,no_position,XLY_no_position_85
88,2019-09-19 00:00:00-04:00,0.0,arma_ma,no_position,XLY_no_position_85
89,2019-09-20 00:00:00-04:00,0.0,arma_ma,no_position,XLY_no_position_85
90,2019-09-23 00:00:00-04:00,1.3517608642577983,arma_ma,short,XLY_short_90
91,2019-09-24 00:00:00-04:00,-0.406707763671875,arma_ma,short,XLY_short_90
92,2019-09-25 00:00:00-04:00,1.2490921020507955,arma_ma,short,XLY_short_90
93,2019-09-26 00:00:00-04:00,-1.0554351806640767,arma_ma,short,XLY_short_90
94,2019-09-27 00:00:00-04:00,0.503532409667983,arma_ma,short,XLY_short_90
95,2019-09-30 00:00:00-04:00,0.40668487548828125,arma_ma,short,XLY_short_95
96,2019-10-01 00:00:00-04:00,-0.997344970703125,arma_ma,short,XLY_short_95
97,2019-10-02 00:00:00-04:00,0.9779739379882812,arma_ma,short,XLY_short_95
98,2019-10-03 00:00:00-04:00,2.0818405151367188,arma_ma,short,XLY_short_95
99,2019-10-04 00:00:00-04:00,-0.55194091796875,arma_ma,short,XLY_short_95
100,2019-10-07 00:00:00-04:00,-1.0748062133789062,arma_ma,short,XLY_short_100
101,2019-10-08 00:00:00-04:00,0.5035171508789062,arma_ma,short,XLY_short_100
102,2019-10-09 00:00:00-04:00,1.2103729248046875,arma_ma,short,XLY_short_100
103,2019-10-10 00:00:00-04:00,-0.9683074951171875,arma_ma,short,XLY_short_100
104,2019-10-11 00:00:00-04:00,-0.764930725097642,arma_ma,short,XLY_short_100
105,2019-10-14 00:00:00-04:00,1.3072204589843892,arma_ma,long,XLY_long_105
106,2019-10-15 00:00:00-04:00,-0.05810546875,arma_ma,long,XLY_long_105
107,2019-10-16 00:00:00-04:00,1.0263824462890483,arma_ma,long,XLY_long_105
108,2019-10-17 00:00:00-04:00,0.48413848876954546,arma_ma,long,XLY_long_105
109,2019-10-18 00:00:00-04:00,0.30988311767578125,arma_ma,long,XLY_long_105
110,2019-10-21 00:00:00-04:00,-0.2324066162109375,arma_ma,long,XLY_long_110
111,2019-10-22 00:00:00-04:00,0.4163665771484375,arma_ma,long,XLY_long_110
112,2019-10-23 00:00:00-04:00,-0.7552642822265625,arma_ma,long,XLY_long_110
113,2019-10-24 00:00:00-04:00,-0.5422515869140625,arma_ma,long,XLY_long_110
114,2019-10-25 00:00:00-04:00,-0.05809783935546875,arma_ma,long,XLY_long_110
115,2019-10-28 00:00:00-04:00,0.0,arma_ma,no_position,XLY_no_position_115
116,2019-10-29 00:00:00-04:00,0.0,arma_ma,no_position,XLY_no_position_115
117,2019-10-30 00:00:00-04:00,0.0,arma_ma,no_position,XLY_no_position_115
118,2019-10-31 00:00:00-04:00,0.0,arma_ma,no_position,XLY_no_position_115
119,2019-11-01 00:00:00-04:00,0.0,arma_ma,no_position,XLY_no_position_115
120,2019-11-04 00:00:00-05:00,0.7746429443359659,arma_ma,long,XLY_long_120
121,2019-11-05 00:00:00-05:00,0.05807495117186079,arma_ma,long,XLY_long_120
122,2019-11-06 00:00:00-05:00,0.1743011474609375,arma_ma,long,XLY_long_120
123,2019-11-07 00:00:00-05:00,0.12587738037109375,arma_ma,long,XLY_long_120
124,2019-11-08 00:00:00-05:00,-0.7068557739257812,arma_ma,long,XLY_long_120
125,2019-11-11 00:00:00-05:00,0.0,arma_ma,no_position,XLY_no_position_125
126,2019-11-12 00:00:00-05:00,0.0,arma_ma,no_position,XLY_no_position_125
127,2019-11-13 00:00:00-05:00,0.0,arma_ma,no_position,XLY_no_position_125
128,2019-11-14 00:00:00-05:00,0.0,arma_ma,no_position,XLY_no_position_125
129,2019-11-15 00:00:00-05:00,0.0,arma_ma,no_position,XLY_no_position_125
130,2019-11-18 00:00:00-05:00,0.0,arma_ma,no_position,XLY_no_position_130
131,2019-11-19 00:00:00-05:00,0.0,arma_ma,no_position,XLY_no_position_130
132,2019-11-20 00:00:00-05:00,0.0,arma_ma,no_position,XLY_no_position_130
133,2019-11-21 00:00:00-05:00,0.0,arma_ma,no_position,XLY_no_position_130
134,2019-11-22 00:00:00-05:00,0.0,arma_ma,no_position,XLY_no_position_130
135,2019-11-25 00:00:00-05:00,-0.7940063476562358,arma_ma,short,XLY_short_135
136,2019-11-26 00:00:00-05:00,-1.0264129638672017,arma_ma,short,XLY_short_135
137,2019-11-27 00:00:00-05:00,-0.803680419921875,arma_ma,short,XLY_short_135
138,2019-11-29 00:00:00-05:00,-1.0166854858398438,arma_ma,short,XLY_short_135
139,2019-12-02 00:00:00-05:00,0.7746200561523438,arma_ma,short,XLY_short_135
140,2019-12-03 00:00:00-05:00,0.0,arma_ma,no_position,XLY_no_position_140
141,2019-12-04 00:00:00-05:00,0.0,arma_ma,no_position,XLY_no_position_140
142,2019-12-05 00:00:00-05:00,0.0,arma_ma,no_position,XLY_no_position_140
143,2019-12-06 00:00:00-05:00,0.0,arma_ma,no_position,XLY_no_position_140
144,2019-12-09 00:00:00-05:00,0.0,arma_ma,no_position,XLY_no_position_140
145,2019-12-10 00:00:00-05:00,0.14522552490234375,arma_ma,long,XLY_long_145
146,2019-12-11 00:00:00-05:00,-0.2033386230468892,arma_ma,long,XLY_long_145
147,2019-12-12 00:00:00-05:00,0.3001708984375284,arma_ma,long,XLY_long_145
148,2019-12-13 00:00:00-05:00,1.0360565185546733,arma_ma,long,XLY_long_145
149,2019-12-16 00:00:00-05:00,0.10652923583984375,arma_ma,long,XLY_long_145
150,2019-12-17 00:00:00-05:00,0.5228958129882812,arma_ma,long,XLY_long_150
151,2019-12-18 00:00:00-05:00,0.5325393676757812,arma_ma,long,XLY_long_150
152,2019-12-19 00:00:00-05:00,0.11618804931642046,arma_ma,long,XLY_long_150
153,2019-12-20 00:00:00-05:00,0.3776397705077983,arma_ma,long,XLY_long_150
154,2019-12-23 00:00:00-05:00,0.18459320068359375,arma_ma,long,XLY_long_150
155,2019-12-24 00:00:00-05:00,-0.28173828125,arma_ma,long,XLY_long_155
156,2019-12-26 00:00:00-05:00,0.27202606201173296,arma_ma,long,XLY_long_155
157,2019-12-27 00:00:00-05:00,1.4766540527343466,arma_ma,long,XLY_long_155
158,2019-12-30 00:00:00-05:00,-0.00972747802732954,arma_ma,long,XLY_long_155
159,2019-12-31 00:00:00-05:00,-0.786895751953125,arma_ma,long,XLY_long_155
160,2020-01-02 00:00:00-05:00,0.17487335205078125,arma_ma,long,XLY_long_160
161,2020-01-03 00:00:00-05:00,1.4475250244140625,arma_ma,long,XLY_long_160
162,2020-01-06 00:00:00-05:00,-1.049217224121108,arma_ma,long,XLY_long_160
163,2020-01-07 00:00:00-05:00,0.34001922607424717,arma_ma,long,XLY_long_160
164,2020-01-08 00:00:00-05:00,-0.19429779052735796,arma_ma,long,XLY_long_160
165,2020-01-09 00:00:00-05:00,0.3691711425781108,arma_ma,long,XLY_long_165
166,2020-01-10 00:00:00-05:00,0.65087890625,arma_ma,long,XLY_long_165
167,2020-01-13 00:00:00-05:00,-0.6703186035156108,arma_ma,long,XLY_long_165
168,2020-01-14 00:00:00-05:00,0.38860321044921875,arma_ma,long,XLY_long_165
169,2020-01-15 00:00:00-05:00,-0.03887939453123579,arma_ma,long,XLY_long_165
170,2020-01-16 00:00:00-05:00,-0.28171539306642046,arma_ma,long,XLY_long_170
171,2020-01-17 00:00:00-05:00,1.0977706909179688,arma_ma,long,XLY_long_170
172,2020-01-21 00:00:00-05:00,0.43717193603517046,arma_ma,long,XLY_long_170
173,2020-01-22 00:00:00-05:00,-0.3788909912109517,arma_ma,long,XLY_long_170
174,2020-01-23 00:00:00-05:00,-0.05828094482421875,arma_ma,long,XLY_long_170
175,2020-01-24 00:00:00-05:00,0.0,arma_ma,no_position,XLY_no_position_175
176,2020-01-27 00:00:00-05:00,0.0,arma_ma,no_position,XLY_no_position_175
177,2020-01-28 00:00:00-05:00,0.0,arma_ma,no_position,XLY_no_position_175
178,2020-01-29 00:00:00-05:00,0.0,arma_ma,no_position,XLY_no_position_175
179,2020-01-30 00:00:00-05:00,0.0,arma_ma,no_position,XLY_no_position_175
180,2020-01-31 00:00:00-05:00,0.0,arma_ma,no_position,XLY_no_position_180
181,2020-02-03 00:00:00-05:00,0.0,arma_ma,no_position,XLY_no_position_180
182,2020-02-04 00:00:00-05:00,0.0,arma_ma,no_position,XLY_no_position_180
183,2020-02-05 00:00:00-05:00,0.0,arma_ma,no_position,XLY_no_position_180
184,2020-02-06 00:00:00-05:00,0.0,arma_ma,no_position,XLY_no_position_180
185,2020-02-07 00:00:00-05:00,-0.28171539306642046,arma_ma,long,XLY_long_185
186,2020-02-10 00:00:00-05:00,-0.5440521240234375,arma_ma,long,XLY_long_185
187,2020-02-11 00:00:00-05:00,1.408660888671875,arma_ma,long,XLY_long_185
188,2020-02-12 00:00:00-05:00,0.990936279296875,arma_ma,long,XLY_long_185
189,2020-02-13 00:00:00-05:00,1.3017654418945312,arma_ma,long,XLY_long_185
190,2020-02-14 00:00:00-05:00,-0.223419189453125,arma_ma,long,XLY_long_190
191,2020-02-18 00:00:00-05:00,-0.194305419921875,arma_ma,long,XLY_long_190
192,2020-02-19 00:00:00-05:00,-0.00971984863282671,arma_ma,long,XLY_long_190
193,2020-02-20 00:00:00-05:00,0.5731658935547017,arma_ma,long,XLY_long_190
194,2020-02-21 00:00:00-05:00,0.0485992431640625,arma_ma,long,XLY_long_190
195,2020-02-24 00:00:00-05:00,0.0,arma_ma,no_position,XLY_no_position_195
196,2020-02-25 00:00:00-05:00,0.0,arma_ma,no_position,XLY_no_position_195
197,2020-02-26 00:00:00-05:00,0.0,arma_ma,no_position,XLY_no_position_195
198,2020-02-27 00:00:00-05:00,0.0,arma_ma,no_position,XLY_no_position_195
199,2020-02-28 00:00:00-05:00,0.0,arma_ma,no_position,XLY_no_position_195
200,2020-03-02 00:00:00-05:00,0.7286224365234233,arma_ma,short,XLY_short_200
201,2020-03-03 00:00:00-05:00,-3.8665237426757812,arma_ma,short,XLY_short_200
202,2020-03-04 00:00:00-05:00,2.8173141479492188,arma_ma,short,XLY_short_200
203,2020-03-05 00:00:00-05:00,-3.9248046875,arma_ma,short,XLY_short_200
204,2020-03-06 00:00:00-05:00,4.381408691406264,arma_ma,short,XLY_short_200
205,2020-03-09 00:00:00-04:00,1.738960266113267,arma_ma,short,XLY_short_205
206,2020-03-10 00:00:00-04:00,7.014137268066406,arma_ma,short,XLY_short_205
207,2020-03-11 00:00:00-04:00,-5.7706451416015625,arma_ma,short,XLY_short_205
208,2020-03-12 00:00:00-04:00,6.0232086181640625,arma_ma,short,XLY_short_205
209,2020-03-13 00:00:00-04:00,10.521202087402344,arma_ma,short,XLY_short_205
210,2020-03-16 00:00:00-04:00,-5.790061950683608,arma_ma,short,XLY_short_210
211,2020-03-17 00:00:00-04:00,12.590454101562514,arma_ma,short,XLY_short_210
212,2020-03-18 00:00:00-04:00,-3.3418960571289062,arma_ma,short,XLY_short_210
213,2020-03-19 00:00:00-04:00,5.1779937744140625,arma_ma,short,XLY_short_210
214,2020-03-20 00:00:00-04:00,-2.9630203247070312,arma_ma,short,XLY_short_210
215,2020-03-23 00:00:00-04:00,2.6133041381835938,arma_ma,short,XLY_short_215
216,2020-03-24 00:00:00-04:00,-0.140594482421875,arma_ma,short,XLY_short_215
217,2020-03-25 00:00:00-04:00,-8.014572143554688,arma_ma,short,XLY_short_215
218,2020-03-26 00:00:00-04:00,-1.6400299072265625,arma_ma,short,XLY_short_215
219,2020-03-27 00:00:00-04:00,-3.9340744018554688,arma_ma,short,XLY_short_215
220,2020-03-30 00:00:00-04:00,0.0,arma_ma,no_position,XLY_no_position_220
221,2020-03-31 00:00:00-04:00,0.0,arma_ma,no_position,XLY_no_position_220
222,2020-04-01 00:00:00-04:00,0.0,arma_ma,no_position,XLY_no_position_220
223,2020-04-02 00:00:00-04:00,0.0,arma_ma,no_position,XLY_no_position_220
224,2020-04-03 00:00:00-04:00,0.0,arma_ma,no_position,XLY_no_position_220
225,2020-04-06 00:00:00-04:00,0.0,arma_ma,no_position,XLY_no_position_225
226,2020-04-07 00:00:00-04:00,0.0,arma_ma,no_position,XLY_no_position_225
227,2020-04-08 00:00:00-04:00,0.0,arma_ma,no_position,XLY_no_position_225
228,2020-04-09 00:00:00-04:00,0.0,arma_ma,no_position,XLY_no_position_225
229,2020-04-13 00:00:00-04:00,0.0,arma_ma,no_position,XLY_no_position_225
230,2020-04-14 00:00:00-04:00,0.0,arma_ma,no_position,XLY_no_position_230
231,2020-04-15 00:00:00-04:00,0.0,arma_ma,no_position,XLY_no_position_230
232,2020-04-16 00:00:00-04:00,0.0,arma_ma,no_position,XLY_no_position_230
233,2020-04-17 00:00:00-04:00,0.0,arma_ma,no_position,XLY_no_position_230
234,2020-04-20 00:00:00-04:00,0.0,arma_ma,no_position,XLY_no_position_230
235,2020-04-21 00:00:00-04:00,1.9231033325195455,arma_ma,short,XLY_short_235
236,2020-04-22 00:00:00-04:00,2.8114471435546733,arma_ma,short,XLY_short_235
237,2020-04-23 00:00:00-04:00,-2.2745437622070312,arma_ma,short,XLY_short_235
238,2020-04-24 00:00:00-04:00,0.029296875,arma_ma,short,XLY_short_235
239,2020-04-27 00:00:00-04:00,-1.8254928588867188,arma_ma,short,XLY_short_235
240,2020-04-28 00:00:00-04:00,0.0,arma_ma,no_position,XLY_no_position_240
241,2020-04-29 00:00:00-04:00,0.0,arma_ma,no_position,XLY_no_position_240
242,2020-04-30 00:00:00-04:00,0.0,arma_ma,no_position,XLY_no_position_240
243,2020-05-01 00:00:00-04:00,0.0,arma_ma,no_position,XLY_no_position_240
244,2020-05-04 00:00:00-04:00,0.0,arma_ma,no_position,XLY_no_position_240
245,2020-05-05 00:00:00-04:00,-0.5954742431640767,arma_ma,short,XLY_short_245
246,2020-05-06 00:00:00-04:00,-0.4002532958984233,arma_ma,short,XLY_short_245
247,2020-05-07 00:00:00-04:00,0.01953887939453125,arma_ma,short,XLY_short_245
248,2020-05-08 00:00:00-04:00,-1.7376556396484233,arma_ma,short,XLY_short_245
249,2020-05-11 00:00:00-04:00,-2.186668395996108,arma_ma,short,XLY_short_245
250,2020-05-12 00:00:00-04:00,-0.25380706787110796,arma_ma,long,XLY_long_250
251,2020-05-13 00:00:00-04:00,-2.499061584472642,arma_ma,long,XLY_long_250
252,2020-05-14 00:00:00-04:00,-1.9231109619140767,arma_ma,long,XLY_long_250
253,2020-05-15 00:00:00-04:00,1.6399993896484375,arma_ma,long,XLY_long_250
254,2020-05-18 00:00:00-04:00,1.298355102539091,arma_ma,long,XLY_long_250
255,2020-05-19 00:00:00-04:00,4.2659835815429545,arma_ma,long,XLY_long_255
256,2020-05-20 00:00:00-04:00,-0.4197540283203267,arma_ma,long,XLY_long_255
257,2020-05-21 00:00:00-04:00,1.5228805541992472,arma_ma,long,XLY_long_255
258,2020-05-22 00:00:00-04:00,0.4197540283202983,arma_ma,long,XLY_long_255
259,2020-05-26 00:00:00-04:00,-0.1757202148437358,arma_ma,long,XLY_long_255
260,2020-05-27 00:00:00-04:00,1.8742904663085795,arma_ma,long,XLY_long_260
261,2020-05-28 00:00:00-04:00,2.0597991943359375,arma_ma,long,XLY_long_260
262,2020-05-29 00:00:00-04:00,-1.4838256835937642,arma_ma,long,XLY_long_260
263,2020-06-01 00:00:00-04:00,0.4392852783203267,arma_ma,long,XLY_long_260
264,2020-06-02 00:00:00-04:00,1.1519241333007812,arma_ma,long,XLY_long_260
265,2020-06-03 00:00:00-04:00,1.044532775878892,arma_ma,long,XLY_long_265
266,2020-06-04 00:00:00-04:00,2.3331146240234375,arma_ma,long,XLY_long_265
267,2020-06-05 00:00:00-04:00,-0.6345443725585795,arma_ma,long,XLY_long_265
268,2020-06-08 00:00:00-04:00,2.9969482421875,arma_ma,long,XLY_long_265
269,2020-06-09 00:00:00-04:00,1.9524078369140625,arma_ma,long,XLY_long_265
270,2020-06-10 00:00:00-04:00,-1.0152740478515625,arma_ma,long,XLY_long_270
271,2020-06-11 00:00:00-04:00,-1.21051025390625,arma_ma,long,XLY_long_270
272,2020-06-12 00:00:00-04:00,-6.6967010498046875,arma_ma,long,XLY_long_270
273,2020-06-15 00:00:00-04:00,1.200714111328125,arma_ma,long,XLY_long_270
274,2020-06-16 00:00:00-04:00,1.1616973876953125,arma_ma,long,XLY_long_270
275,2020-06-17 00:00:00-04:00,0.0,arma_ma,no_position,XLY_no_position_275
276,2020-06-18 00:00:00-04:00,0.0,arma_ma,no_position,XLY_no_position_275
277,2020-06-19 00:00:00-04:00,0.0,arma_ma,no_position,XLY_no_position_275
278,2020-06-22 00:00:00-04:00,0.0,arma_ma,no_position,XLY_no_position_275
279,2020-06-23 00:00:00-04:00,0.0,arma_ma,no_position,XLY_no_position_275
280,2020-06-24 00:00:00-04:00,0.0,arma_ma,no_position,XLY_no_position_280
281,2020-06-25 00:00:00-04:00,0.0,arma_ma,no_position,XLY_no_position_280
282,2020-06-26 00:00:00-04:00,0.0,arma_ma,no_position,XLY_no_position_280
283,2020-06-29 00:00:00-04:00,0.0,arma_ma,no_position,XLY_no_position_280
284,2020-06-30 00:00:00-04:00,0.0,arma_ma,no_position,XLY_no_position_280
285,2020-07-01 00:00:00-04:00,1.5753555297851562,arma_ma,long,XLY_long_285
286,2020-07-02 00:00:00-04:00,1.2622299194335938,arma_ma,long,XLY_long_285
287,2020-07-06 00:00:00-04:00,0.49901580810546875,arma_ma,long,XLY_long_285
288,2020-07-07 00:00:00-04:00,3.003936767578125,arma_ma,long,XLY_long_285
289,2020-07-08 00:00:00-04:00,-2.03521728515625,arma_ma,long,XLY_long_285
290,2020-07-09 00:00:00-04:00,1.36004638671875,arma_ma,long,XLY_long_290
291,2020-07-10 00:00:00-04:00,-0.146728515625,arma_ma,long,XLY_long_290
292,2020-07-13 00:00:00-04:00,1.536163330078125,arma_ma,long,XLY_long_290
293,2020-07-14 00:00:00-04:00,-1.65362548828125,arma_ma,long,XLY_long_290
294,2020-07-15 00:00:00-04:00,1.2817840576171875,arma_ma,long,XLY_long_290
295,2020-07-16 00:00:00-04:00,1.8591461181640625,arma_ma,long,XLY_long_295
296,2020-07-17 00:00:00-04:00,-0.35223388671875,arma_ma,long,XLY_long_295
297,2020-07-20 00:00:00-04:00,-0.616485595703125,arma_ma,long,XLY_long_295
298,2020-07-21 00:00:00-04:00,2.0939178466796875,arma_ma,long,XLY_long_295
299,2020-07-22 00:00:00-04:00,0.20550537109375,arma_ma,long,XLY_long_295
300,2020-07-23 00:00:00-04:00,1.1447906494140625,arma_ma,long,XLY_long_300
301,2020-07-24 00:00:00-04:00,-2.0156402587890625,arma_ma,long,XLY_long_300
302,2020-07-27 00:00:00-04:00,0.2348175048828125,arma_ma,long,XLY_long_300
303,2020-07-28 00:00:00-04:00,0.82196044921875,arma_ma,long,XLY_long_300
304,2020-07-29 00:00:00-04:00,-1.32098388671875,arma_ma,long,XLY_long_300
305,2020-07-30 00:00:00-04:00,1.3405303955078125,arma_ma,long,XLY_long_305
306,2020-07-31 00:00:00-04:00,-0.1076202392578125,arma_ma,long,XLY_long_305
307,2020-08-03 00:00:00-04:00,0.6946868896484375,arma_ma,long,XLY_long_305
308,2020-08-04 00:00:00-04:00,-0.283721923828125,arma_ma,long,XLY_long_305
309,2020-08-05 00:00:00-04:00,1.076324462890625,arma_ma,long,XLY_long_305
310,2020-08-06 00:00:00-04:00,1.643829345703125,arma_ma,long,XLY_long_310
311,2020-08-07 00:00:00-04:00,0.665374755859375,arma_ma,long,XLY_long_310
312,2020-08-10 00:00:00-04:00,0.2054290771484375,arma_ma,long,XLY_long_310
313,2020-08-11 00:00:00-04:00,1.64385986328125,arma_ma,long,XLY_long_310
314,2020-08-12 00:00:00-04:00,-0.2739715576171875,arma_ma,long,XLY_long_310
315,2020-08-13 00:00:00-04:00,1.83953857421875,arma_ma,long,XLY_long_315
316,2020-08-14 00:00:00-04:00,-0.0586700439453125,arma_ma,long,XLY_long_315
317,2020-08-17 00:00:00-04:00,-0.00982666015625,arma_ma,long,XLY_long_315
318,2020-08-18 00:00:00-04:00,1.8101806640625,arma_ma,long,XLY_long_315
319,2020-08-19 00:00:00-04:00,0.880615234375,arma_ma,long,XLY_long_315
320,2020-08-20 00:00:00-04:00,-0.675140380859375,arma_ma,long,XLY_long_320
321,2020-08-21 00:00:00-04:00,-0.215301513671875,arma_ma,long,XLY_long_320
322,2020-08-24 00:00:00-04:00,0.733856201171875,arma_ma,long,XLY_long_320
323,2020-08-25 00:00:00-04:00,2.1722259521484375,arma_ma,long,XLY_long_320
324,2020-08-26 00:00:00-04:00,0.479461669921875,arma_ma,long,XLY_long_320
325,2020-08-27 00:00:00-04:00,1.4383697509765625,arma_ma,long,XLY_long_325
326,2020-08-28 00:00:00-04:00,-0.79254150390625,arma_ma,long,XLY_long_325
327,2020-08-31 00:00:00-04:00,0.9588623046875,arma_ma,long,XLY_long_325
328,2020-09-01 00:00:00-04:00,-0.4305267333984375,arma_ma,long,XLY_long_325
329,2020-09-02 00:00:00-04:00,1.5362091064453125,arma_ma,long,XLY_long_325
330,2020-09-03 00:00:00-04:00,0.0,arma_ma,no_position,XLY_no_position_330
331,2020-09-04 00:00:00-04:00,0.0,arma_ma,no_position,XLY_no_position_330
332,2020-09-08 00:00:00-04:00,0.0,arma_ma,no_position,XLY_no_position_330
333,2020-09-09 00:00:00-04:00,0.0,arma_ma,no_position,XLY_no_position_330
334,2020-09-10 00:00:00-04:00,0.0,arma_ma,no_position,XLY_no_position_330
335,2020-09-11 00:00:00-04:00,0.0,arma_ma,no_position,XLY_no_position_335
336,2020-09-14 00:00:00-04:00,0.0,arma_ma,no_position,XLY_no_position_335
337,2020-09-15 00:00:00-04:00,0.0,arma_ma,no_position,XLY_no_position_335
338,2020-09-16 00:00:00-04:00,0.0,arma_ma,no_position,XLY_no_position_335
339,2020-09-17 00:00:00-04:00,0.0,arma_ma,no_position,XLY_no_position_335
340,2020-09-18 00:00:00-04:00,0.0,arma_ma,no_position,XLY_no_position_340
341,2020-09-21 00:00:00-04:00,0.0,arma_ma,no_position,XLY_no_position_340
342,2020-09-22 00:00:00-04:00,0.0,arma_ma,no_position,XLY_no_position_340
343,2020-09-23 00:00:00-04:00,0.0,arma_ma,no_position,XLY_no_position_340
344,2020-09-24 00:00:00-04:00,0.0,arma_ma,no_position,XLY_no_position_340
345,2020-09-25 00:00:00-04:00,-0.058837890625,arma_ma,long,XLY_long_345
346,2020-09-28 00:00:00-04:00,1.8140411376953125,arma_ma,long,XLY_long_345
347,2020-09-29 00:00:00-04:00,2.95147705078125,arma_ma,long,XLY_long_345
348,2020-09-30 00:00:00-04:00,-1.1178131103515625,arma_ma,long,XLY_long_345
349,2020-10-01 00:00:00-04:00,1.1668243408203125,arma_ma,long,XLY_long_345
350,2020-10-02 00:00:00-04:00,1.8826904296875,arma_ma,long,XLY_long_350
351,2020-10-05 00:00:00-04:00,-0.617767333984375,arma_ma,long,XLY_long_350
352,2020-10-06 00:00:00-04:00,1.921905517578125,arma_ma,long,XLY_long_350
353,2020-10-07 00:00:00-04:00,-2.7259368896484375,arma_ma,long,XLY_long_350
354,2020-10-08 00:00:00-04:00,3.3044586181640625,arma_ma,long,XLY_long_350
355,2020-10-09 00:00:00-04:00,0.970733642578125,arma_ma,long,XLY_long_355
356,2020-10-12 00:00:00-04:00,1.549346923828125,arma_ma,long,XLY_long_355
357,2020-10-13 00:00:00-04:00,2.0002899169921875,arma_ma,long,XLY_long_355
358,2020-10-14 00:00:00-04:00,-0.0294189453125,arma_ma,long,XLY_long_355
359,2020-10-15 00:00:00-04:00,-1.6865386962890625,arma_ma,long,XLY_long_355
360,2020-10-16 00:00:00-04:00,0.0,arma_ma,no_position,XLY_no_position_360
361,2020-10-19 00:00:00-04:00,0.0,arma_ma,no_position,XLY_no_position_360
362,2020-10-20 00:00:00-04:00,0.0,arma_ma,no_position,XLY_no_position_360
363,2020-10-21 00:00:00-04:00,0.0,arma_ma,no_position,XLY_no_position_360
364,2020-10-22 00:00:00-04:00,0.0,arma_ma,no_position,XLY_no_position_360
365,2020-10-23 00:00:00-04:00,0.3039703369140625,arma_ma,long,XLY_long_365
366,2020-10-26 00:00:00-04:00,1.30413818359375,arma_ma,long,XLY_long_365
367,2020-10-27 00:00:00-04:00,-2.882843017578125,arma_ma,long,XLY_long_365
368,2020-10-28 00:00:00-04:00,-0.06866455078125,arma_ma,long,XLY_long_365
369,2020-10-29 00:00:00-04:00,-4.6478118896484375,arma_ma,long,XLY_long_365
370,2020-10-30 00:00:00-04:00,0.0,arma_ma,no_position,XLY_no_position_370
371,2020-11-02 00:00:00-05:00,0.0,arma_ma,no_position,XLY_no_position_370
372,2020-11-03 00:00:00-05:00,0.0,arma_ma,no_position,XLY_no_position_370
373,2020-11-04 00:00:00-05:00,0.0,arma_ma,no_position,XLY_no_position_370
374,2020-11-05 00:00:00-05:00,0.0,arma_ma,no_position,XLY_no_position_370
375,2020-11-06 00:00:00-05:00,2.873016357421875,arma_ma,long,XLY_long_375
376,2020-11-09 00:00:00-05:00,-0.4510498046875,arma_ma,long,XLY_long_375
377,2020-11-10 00:00:00-05:00,-0.490264892578125,arma_ma,long,XLY_long_375
378,2020-11-11 00:00:00-05:00,-0.529510498046875,arma_ma,long,XLY_long_375
379,2020-11-12 00:00:00-05:00,1.304168701171875,arma_ma,long,XLY_long_375
380,2020-11-13 00:00:00-05:00,0.0,arma_ma,no_position,XLY_no_position_380
381,2020-11-16 00:00:00-05:00,0.0,arma_ma,no_position,XLY_no_position_380
382,2020-11-17 00:00:00-05:00,0.0,arma_ma,no_position,XLY_no_position_380
383,2020-11-18 00:00:00-05:00,0.0,arma_ma,no_position,XLY_no_position_380
384,2020-11-19 00:00:00-05:00,0.0,arma_ma,no_position,XLY_no_position_380
385,2020-11-20 00:00:00-05:00,0.745208740234375,arma_ma,long,XLY_long_385
386,2020-11-23 00:00:00-05:00,-0.7942352294921875,arma_ma,long,XLY_long_385
387,2020-11-24 00:00:00-05:00,1.657135009765625,arma_ma,long,XLY_long_385
388,2020-11-25 00:00:00-05:00,2.265106201171875,arma_ma,long,XLY_long_385
389,2020-11-27 00:00:00-05:00,0.186309814453125,arma_ma,long,XLY_long_385
390,2020-11-30 00:00:00-05:00,0.3333740234375,arma_ma,long,XLY_long_390
391,2020-12-01 00:00:00-05:00,-0.9413604736328125,arma_ma,long,XLY_long_390
392,2020-12-02 00:00:00-05:00,1.14727783203125,arma_ma,long,XLY_long_390
393,2020-12-03 00:00:00-05:00,-0.97076416015625,arma_ma,long,XLY_long_390
394,2020-12-04 00:00:00-05:00,0.4314727783203125,arma_ma,long,XLY_long_390
395,2020-12-07 00:00:00-05:00,0.1470489501953125,arma_ma,long,XLY_long_395
396,2020-12-08 00:00:00-05:00,-0.3530120849609375,arma_ma,long,XLY_long_395
397,2020-12-09 00:00:00-05:00,-0.3235626220703125,arma_ma,long,XLY_long_395
398,2020-12-10 00:00:00-05:00,-0.1470794677734375,arma_ma,long,XLY_long_395
399,2020-12-11 00:00:00-05:00,-0.13726806640625,arma_ma,long,XLY_long_395
400,2020-12-14 00:00:00-05:00,0.0,arma_ma,no_position,XLY_no_position_400
401,2020-12-15 00:00:00-05:00,0.0,arma_ma,no_position,XLY_no_position_400
402,2020-12-16 00:00:00-05:00,0.0,arma_ma,no_position,XLY_no_position_400
403,2020-12-17 00:00:00-05:00,0.0,arma_ma,no_position,XLY_no_position_400
404,2020-12-18 00:00:00-05:00,0.0,arma_ma,no_position,XLY_no_position_400
405,2020-12-21 00:00:00-05:00,-0.7648773193359375,arma_ma,long,XLY_long_405
406,2020-12-22 00:00:00-05:00,-1.772216796875,arma_ma,long,XLY_long_405
407,2020-12-23 00:00:00-05:00,-0.667999267578125,arma_ma,long,XLY_long_405
408,2020-12-24 00:00:00-05:00,0.3340301513671875,arma_ma,long,XLY_long_405
409,2020-12-28 00:00:00-05:00,0.3241729736328125,arma_ma,long,XLY_long_405
410,2020-12-29 00:00:00-05:00,1.7682342529296875,arma_ma,long,XLY_long_410
411,2020-12-30 00:00:00-05:00,0.04913330078125,arma_ma,long,XLY_long_410
412,2020-12-31 00:00:00-05:00,0.943115234375,arma_ma,long,XLY_long_410
413,2021-01-04 00:00:00-05:00,0.088409423828125,arma_ma,long,XLY_long_410
414,2021-01-05 00:00:00-05:00,-1.3360443115234375,arma_ma,long,XLY_long_410
415,2021-01-06 00:00:00-05:00,1.1690216064453125,arma_ma,long,XLY_long_415
416,2021-01-07 00:00:00-05:00,1.6110992431640625,arma_ma,long,XLY_long_415
417,2021-01-08 00:00:00-05:00,3.074859619140625,arma_ma,long,XLY_long_415
418,2021-01-11 00:00:00-05:00,3.3498687744140625,arma_ma,long,XLY_long_415
419,2021-01-12 00:00:00-05:00,-3.0944671630859375,arma_ma,long,XLY_long_415
420,2021-01-13 00:00:00-05:00,2.48541259765625,arma_ma,long,XLY_long_420
421,2021-01-14 00:00:00-05:00,-0.0098114013671875,arma_ma,long,XLY_long_420
422,2021-01-15 00:00:00-05:00,-1.0511474609375,arma_ma,long,XLY_long_420
423,2021-01-19 00:00:00-05:00,-1.2672576904296875,arma_ma,long,XLY_long_420
424,2021-01-20 00:00:00-05:00,0.9234161376953125,arma_ma,long,XLY_long_420
425,2021-01-21 00:00:00-05:00,3.0944976806640625,arma_ma,long,XLY_long_425
426,2021-01-22 00:00:00-05:00,0.7760467529296875,arma_ma,long,XLY_long_425
427,2021-01-25 00:00:00-05:00,-0.56976318359375,arma_ma,long,XLY_long_425
428,2021-01-26 00:00:00-05:00,0.618896484375,arma_ma,long,XLY_long_425
429,2021-01-27 00:00:00-05:00,-0.108062744140625,arma_ma,long,XLY_long_425
430,2021-01-28 00:00:00-05:00,0.0,arma_ma,no_position,XLY_no_position_430
431,2021-01-29 00:00:00-05:00,0.0,arma_ma,no_position,XLY_no_position_430
432,2021-02-01 00:00:00-05:00,0.0,arma_ma,no_position,XLY_no_position_430
433,2021-02-02 00:00:00-05:00,0.0,arma_ma,no_position,XLY_no_position_430
434,2021-02-03 00:00:00-05:00,0.0,arma_ma,no_position,XLY_no_position_430
435,2021-02-04 00:00:00-05:00,-0.933258056640625,arma_ma,long,XLY_long_435
436,2021-02-05 00:00:00-05:00,1.7682952880859375,arma_ma,long,XLY_long_435
437,2021-02-08 00:00:00-05:00,1.6012725830078125,arma_ma,long,XLY_long_435
438,2021-02-09 00:00:00-05:00,0.9627532958984375,arma_ma,long,XLY_long_435
439,2021-02-10 00:00:00-05:00,-0.943115234375,arma_ma,long,XLY_long_435
440,2021-02-11 00:00:00-05:00,0.0,arma_ma,no_position,XLY_no_position_440
441,2021-02-12 00:00:00-05:00,0.0,arma_ma,no_position,XLY_no_position_440
442,2021-02-16 00:00:00-05:00,0.0,arma_ma,no_position,XLY_no_position_440
443,2021-02-17 00:00:00-05:00,0.0,arma_ma,no_position,XLY_no_position_440
444,2021-02-18 00:00:00-05:00,0.0,arma_ma,no_position,XLY_no_position_440
445,2021-02-19 00:00:00-05:00,0.0,arma_ma,no_position,XLY_no_position_445
446,2021-02-22 00:00:00-05:00,0.0,arma_ma,no_position,XLY_no_position_445
447,2021-02-23 00:00:00-05:00,0.0,arma_ma,no_position,XLY_no_position_445
448,2021-02-24 00:00:00-05:00,0.0,arma_ma,no_position,XLY_no_position_445
449,2021-02-25 00:00:00-05:00,0.0,arma_ma,no_position,XLY_no_position_445
450,2021-02-26 00:00:00-05:00,0.0,arma_ma,no_position,XLY_no_position_450
451,2021-03-01 00:00:00-05:00,0.0,arma_ma,no_position,XLY_no_position_450
452,2021-03-02 00:00:00-05:00,0.0,arma_ma,no_position,XLY_no_position_450
453,2021-03-03 00:00:00-05:00,0.0,arma_ma,no_position,XLY_no_position_450
454,2021-03-04 00:00:00-05:00,0.0,arma_ma,no_position,XLY_no_position_450
455,2021-03-05 00:00:00-05:00,3.3106231689453125,arma_ma,short,XLY_short_455
456,2021-03-08 00:00:00-05:00,-0.972564697265625,arma_ma,short,XLY_short_455
457,2021-03-09 00:00:00-05:00,-0.1866455078125,arma_ma,short,XLY_short_455
458,2021-03-10 00:00:00-05:00,-5.825469970703125,arma_ma,short,XLY_short_455
459,2021-03-11 00:00:00-05:00,-0.8153839111328125,arma_ma,short,XLY_short_455
460,2021-03-12 00:00:00-05:00,2.46575927734375,arma_ma,long,XLY_long_460
461,2021-03-15 00:00:00-04:00,0.4813690185546875,arma_ma,long,XLY_long_460
462,2021-03-16 00:00:00-04:00,2.2005157470703125,arma_ma,long,XLY_long_460
463,2021-03-17 00:00:00-04:00,-1.7191314697265625,arma_ma,long,XLY_long_460
464,2021-03-18 00:00:00-04:00,2.308563232421875,arma_ma,long,XLY_long_460
465,2021-03-19 00:00:00-04:00,0.0,arma_ma,no_position,XLY_no_position_465
466,2021-03-22 00:00:00-04:00,0.0,arma_ma,no_position,XLY_no_position_465
467,2021-03-23 00:00:00-04:00,0.0,arma_ma,no_position,XLY_no_position_465
468,2021-03-24 00:00:00-04:00,0.0,arma_ma,no_position,XLY_no_position_465
469,2021-03-25 00:00:00-04:00,0.0,arma_ma,no_position,XLY_no_position_465
470,2021-03-26 00:00:00-04:00,-1.4070587158203125,arma_ma,short,XLY_short_470
471,2021-03-29 00:00:00-04:00,-1.34796142578125,arma_ma,short,XLY_short_470
472,2021-03-30 00:00:00-04:00,0.8953857421875,arma_ma,short,XLY_short_470
473,2021-03-31 00:00:00-04:00,-1.593994140625,arma_ma,short,XLY_short_470
474,2021-04-01 00:00:00-04:00,-1.2791290283203125,arma_ma,short,XLY_short_470
475,2021-04-05 00:00:00-04:00,0.0,arma_ma,no_position,XLY_no_position_475
476,2021-04-06 00:00:00-04:00,0.0,arma_ma,no_position,XLY_no_position_475
477,2021-04-07 00:00:00-04:00,0.0,arma_ma,no_position,XLY_no_position_475
478,2021-04-08 00:00:00-04:00,0.0,arma_ma,no_position,XLY_no_position_475
479,2021-04-09 00:00:00-04:00,0.0,arma_ma,no_position,XLY_no_position_475
480,2021-04-12 00:00:00-04:00,1.633331298828125,arma_ma,long,XLY_long_480
481,2021-04-13 00:00:00-04:00,1.1118621826171875,arma_ma,long,XLY_long_480
482,2021-04-14 00:00:00-04:00,1.8399505615234375,arma_ma,long,XLY_long_480
483,2021-04-15 00:00:00-04:00,-1.731719970703125,arma_ma,long,XLY_long_480
484,2021-04-16 00:00:00-04:00,1.2495880126953125,arma_ma,long,XLY_long_480
485,2021-04-19 00:00:00-04:00,1.3578033447265625,arma_ma,long,XLY_long_485
486,2021-04-20 00:00:00-04:00,-1.9875030517578125,arma_ma,long,XLY_long_485
487,2021-04-21 00:00:00-04:00,-2.2040557861328125,arma_ma,long,XLY_long_485
488,2021-04-22 00:00:00-04:00,2.3024139404296875,arma_ma,long,XLY_long_485
489,2021-04-23 00:00:00-04:00,-1.9383392333984375,arma_ma,long,XLY_long_485
490,2021-04-26 00:00:00-04:00,1.8104705810546875,arma_ma,long,XLY_long_490
491,2021-04-27 00:00:00-04:00,0.7674560546875,arma_ma,long,XLY_long_490
492,2021-04-28 00:00:00-04:00,-0.206634521484375,arma_ma,long,XLY_long_490
493,2021-04-29 00:00:00-04:00,-0.2066497802734375,arma_ma,long,XLY_long_490
494,2021-04-30 00:00:00-04:00,0.0492095947265625,arma_ma,long,XLY_long_490
495,2021-05-03 00:00:00-04:00,0.0,arma_ma,no_position,XLY_no_position_495
496,2021-05-04 00:00:00-04:00,0.0,arma_ma,no_position,XLY_no_position_495
497,2021-05-05 00:00:00-04:00,0.0,arma_ma,no_position,XLY_no_position_495
498,2021-05-06 00:00:00-04:00,0.0,arma_ma,no_position,XLY_no_position_495
499,2021-05-07 00:00:00-04:00,0.0,arma_ma,no_position,XLY_no_position_495
500,2021-05-10 00:00:00-04:00,0.0,arma_ma,no_position,XLY_no_position_500
501,2021-05-11 00:00:00-04:00,0.0,arma_ma,no_position,XLY_no_position_500
502,2021-05-12 00:00:00-04:00,0.0,arma_ma,no_position,XLY_no_position_500
503,2021-05-13 00:00:00-04:00,0.0,arma_ma,no_position,XLY_no_position_500
504,2021-05-14 00:00:00-04:00,0.0,arma_ma,no_position,XLY_no_position_500
505,2021-05-17 00:00:00-04:00,0.0,arma_ma,no_position,XLY_no_position_505
506,2021-05-18 00:00:00-04:00,0.0,arma_ma,no_position,XLY_no_position_505
507,2021-05-19 00:00:00-04:00,0.0,arma_ma,no_position,XLY_no_position_505
508,2021-05-20 00:00:00-04:00,0.0,arma_ma,no_position,XLY_no_position_505
509,2021-05-21 00:00:00-04:00,0.0,arma_ma,no_position,XLY_no_position_505
510,2021-05-24 00:00:00-04:00,0.0,arma_ma,no_position,XLY_no_position_510
511,2021-05-25 00:00:00-04:00,0.0,arma_ma,no_position,XLY_no_position_510
512,2021-05-26 00:00:00-04:00,0.0,arma_ma,no_position,XLY_no_position_510
513,2021-05-27 00:00:00-04:00,0.0,arma_ma,no_position,XLY_no_position_510
514,2021-05-28 00:00:00-04:00,0.0,arma_ma,no_position,XLY_no_position_510
515,2021-06-01 00:00:00-04:00,-0.23614501953125,arma_ma,long,XLY_long_515
516,2021-06-02 00:00:00-04:00,-0.32470703125,arma_ma,long,XLY_long_515
517,2021-06-03 00:00:00-04:00,-0.7871246337890625,arma_ma,long,XLY_long_515
518,2021-06-04 00:00:00-04:00,-2.0072479248046875,arma_ma,long,XLY_long_515
519,2021-06-07 00:00:00-04:00,1.338165283203125,arma_ma,long,XLY_long_515
520,2021-06-08 00:00:00-04:00,0.0,arma_ma,no_position,XLY_no_position_520
521,2021-06-09 00:00:00-04:00,0.0,arma_ma,no_position,XLY_no_position_520
522,2021-06-10 00:00:00-04:00,0.0,arma_ma,no_position,XLY_no_position_520
523,2021-06-11 00:00:00-04:00,0.0,arma_ma,no_position,XLY_no_position_520
524,2021-06-14 00:00:00-04:00,0.0,arma_ma,no_position,XLY_no_position_520
525,2021-06-15 00:00:00-04:00,0.0,arma_ma,no_position,XLY_no_position_525
526,2021-06-16 00:00:00-04:00,0.0,arma_ma,no_position,XLY_no_position_525
527,2021-06-17 00:00:00-04:00,0.0,arma_ma,no_position,XLY_no_position_525
528,2021-06-18 00:00:00-04:00,0.0,arma_ma,no_position,XLY_no_position_525
529,2021-06-21 00:00:00-04:00,0.0,arma_ma,no_position,XLY_no_position_525
530,2021-06-22 00:00:00-04:00,0.0,arma_ma,no_position,XLY_no_position_530
531,2021-06-23 00:00:00-04:00,0.0,arma_ma,no_position,XLY_no_position_530
532,2021-06-24 00:00:00-04:00,0.0,arma_ma,no_position,XLY_no_position_530
533,2021-06-25 00:00:00-04:00,0.0,arma_ma,no_position,XLY_no_position_530
534,2021-06-28 00:00:00-04:00,0.0,arma_ma,no_position,XLY_no_position_530
535,2021-06-29 00:00:00-04:00,0.0,arma_ma,no_position,XLY_no_position_535
536,2021-06-30 00:00:00-04:00,0.0,arma_ma,no_position,XLY_no_position_535
537,2021-07-01 00:00:00-04:00,0.0,arma_ma,no_position,XLY_no_position_535
538,2021-07-02 00:00:00-04:00,0.0,arma_ma,no_position,XLY_no_position_535
539,2021-07-06 00:00:00-04:00,0.0,arma_ma,no_position,XLY_no_position_535
540,2021-07-07 00:00:00-04:00,0.2069549560546875,arma_ma,long,XLY_long_540
541,2021-07-08 00:00:00-04:00,-0.0985565185546875,arma_ma,long,XLY_long_540
542,2021-07-09 00:00:00-04:00,-0.44342041015625,arma_ma,long,XLY_long_540
543,2021-07-12 00:00:00-04:00,1.6652984619140625,arma_ma,long,XLY_long_540
544,2021-07-13 00:00:00-04:00,1.2317657470703125,arma_ma,long,XLY_long_540
545,2021-07-14 00:00:00-04:00,0.0,arma_ma,no_position,XLY_no_position_545
546,2021-07-15 00:00:00-04:00,0.0,arma_ma,no_position,XLY_no_position_545
547,2021-07-16 00:00:00-04:00,0.0,arma_ma,no_position,XLY_no_position_545
548,2021-07-19 00:00:00-04:00,0.0,arma_ma,no_position,XLY_no_position_545
549,2021-07-20 00:00:00-04:00,0.0,arma_ma,no_position,XLY_no_position_545
550,2021-07-21 00:00:00-04:00,0.0,arma_ma,no_position,XLY_no_position_550
551,2021-07-22 00:00:00-04:00,0.0,arma_ma,no_position,XLY_no_position_550
552,2021-07-23 00:00:00-04:00,0.0,arma_ma,no_position,XLY_no_position_550
553,2021-07-26 00:00:00-04:00,0.0,arma_ma,no_position,XLY_no_position_550
554,2021-07-27 00:00:00-04:00,0.0,arma_ma,no_position,XLY_no_position_550
555,2021-07-28 00:00:00-04:00,-1.84271240234375,arma_ma,long,XLY_long_555
556,2021-07-29 00:00:00-04:00,-0.5813751220703125,arma_ma,long,XLY_long_555
557,2021-07-30 00:00:00-04:00,2.0200653076171875,arma_ma,long,XLY_long_555
558,2021-08-02 00:00:00-04:00,-3.734649658203125,arma_ma,long,XLY_long_555
559,2021-08-03 00:00:00-04:00,0.512420654296875,arma_ma,long,XLY_long_555
560,2021-08-04 00:00:00-04:00,0.0,arma_ma,no_position,XLY_no_position_560
561,2021-08-05 00:00:00-04:00,0.0,arma_ma,no_position,XLY_no_position_560
562,2021-08-06 00:00:00-04:00,0.0,arma_ma,no_position,XLY_no_position_560
563,2021-08-09 00:00:00-04:00,0.0,arma_ma,no_position,XLY_no_position_560
564,2021-08-10 00:00:00-04:00,0.0,arma_ma,no_position,XLY_no_position_560
565,2021-08-11 00:00:00-04:00,0.6996307373046875,arma_ma,long,XLY_long_565
566,2021-08-12 00:00:00-04:00,0.5222625732421875,arma_ma,long,XLY_long_565
567,2021-08-13 00:00:00-04:00,0.078826904296875,arma_ma,long,XLY_long_565
568,2021-08-16 00:00:00-04:00,-0.5123748779296875,arma_ma,long,XLY_long_565
569,2021-08-17 00:00:00-04:00,-0.8277587890625,arma_ma,long,XLY_long_565
570,2021-08-18 00:00:00-04:00,0.0,arma_ma,no_position,XLY_no_position_570
571,2021-08-19 00:00:00-04:00,0.0,arma_ma,no_position,XLY_no_position_570
572,2021-08-20 00:00:00-04:00,0.0,arma_ma,no_position,XLY_no_position_570
573,2021-08-23 00:00:00-04:00,0.0,arma_ma,no_position,XLY_no_position_570
574,2021-08-24 00:00:00-04:00,0.0,arma_ma,no_position,XLY_no_position_570
575,2021-08-25 00:00:00-04:00,1.2514495849609375,arma_ma,long,XLY_long_575
576,2021-08-26 00:00:00-04:00,0.6897735595703125,arma_ma,long,XLY_long_575
577,2021-08-27 00:00:00-04:00,-1.6554718017578125,arma_ma,long,XLY_long_575
578,2021-08-30 00:00:00-04:00,1.616058349609375,arma_ma,long,XLY_long_575
579,2021-08-31 00:00:00-04:00,1.3500213623046875,arma_ma,long,XLY_long_575
580,2021-09-01 00:00:00-04:00,0.43354797363286934,arma_ma,long,XLY_long_580
581,2021-09-02 00:00:00-04:00,-0.009857177734403422,arma_ma,long,XLY_long_580
582,2021-09-03 00:00:00-04:00,-0.009857177734403422,arma_ma,long,XLY_long_580
583,2021-09-07 00:00:00-04:00,-0.108367919921875,arma_ma,long,XLY_long_580
584,2021-09-08 00:00:00-04:00,0.5321044921875,arma_ma,long,XLY_long_580
585,2021-09-09 00:00:00-04:00,0.206939697265625,arma_ma,long,XLY_long_585
586,2021-09-10 00:00:00-04:00,-0.23651123046875,arma_ma,long,XLY_long_585
587,2021-09-13 00:00:00-04:00,-1.113494873046875,arma_ma,long,XLY_long_585
588,2021-09-14 00:00:00-04:00,0.443450927734375,arma_ma,long,XLY_long_585
589,2021-09-15 00:00:00-04:00,-0.601104736328125,arma_ma,long,XLY_long_585
590,2021-09-16 00:00:00-04:00,1.162750244140625,arma_ma,long,XLY_long_590
591,2021-09-17 00:00:00-04:00,0.8277282714844034,arma_ma,long,XLY_long_590
592,2021-09-20 00:00:00-04:00,-0.6404876708984943,arma_ma,long,XLY_long_590
593,2021-09-21 00:00:00-04:00,-4.139907836914034,arma_ma,long,XLY_long_590
594,2021-09-22 00:00:00-04:00,0.2664337158203125,arma_ma,long,XLY_long_590
595,2021-09-23 00:00:00-04:00,0.0,arma_ma,no_position,XLY_no_position_595
596,2021-09-24 00:00:00-04:00,0.0,arma_ma,no_position,XLY_no_position_595
597,2021-09-27 00:00:00-04:00,0.0,arma_ma,no_position,XLY_no_position_595
598,2021-09-28 00:00:00-04:00,0.0,arma_ma,no_position,XLY_no_position_595
599,2021-09-29 00:00:00-04:00,0.0,arma_ma,no_position,XLY_no_position_595
600,2021-09-30 00:00:00-04:00,0.0,arma_ma,no_position,XLY_no_position_600
601,2021-10-01 00:00:00-04:00,0.0,arma_ma,no_position,XLY_no_position_600
602,2021-10-04 00:00:00-04:00,0.0,arma_ma,no_position,XLY_no_position_600
603,2021-10-05 00:00:00-04:00,0.0,arma_ma,no_position,XLY_no_position_600
604,2021-10-06 00:00:00-04:00,0.0,arma_ma,no_position,XLY_no_position_600
605,2021-10-07 00:00:00-04:00,0.0,arma_ma,no_position,XLY_no_position_605
606,2021-10-08 00:00:00-04:00,0.0,arma_ma,no_position,XLY_no_position_605
607,2021-10-11 00:00:00-04:00,0.0,arma_ma,no_position,XLY_no_position_605
608,2021-10-12 00:00:00-04:00,0.0,arma_ma,no_position,XLY_no_position_605
609,2021-10-13 00:00:00-04:00,0.0,arma_ma,no_position,XLY_no_position_605
610,2021-10-14 00:00:00-04:00,0.8881683349609375,arma_ma,long,XLY_long_610
611,2021-10-15 00:00:00-04:00,1.9046783447265625,arma_ma,long,XLY_long_610
612,2021-10-18 00:00:00-04:00,2.8125610351562216,arma_ma,long,XLY_long_610
613,2021-10-19 00:00:00-04:00,2.2796783447265625,arma_ma,long,XLY_long_610
614,2021-10-20 00:00:00-04:00,-0.5328979492187216,arma_ma,long,XLY_long_610
615,2021-10-21 00:00:00-04:00,-0.138153076171875,arma_ma,long,XLY_long_615
616,2021-10-22 00:00:00-04:00,2.763214111328125,arma_ma,long,XLY_long_615
617,2021-10-25 00:00:00-04:00,-0.6809539794922159,arma_ma,long,XLY_long_615
618,2021-10-26 00:00:00-04:00,4.717269897460966,arma_ma,long,XLY_long_615
619,2021-10-27 00:00:00-04:00,0.02958679199221592,arma_ma,long,XLY_long_615
620,2021-10-28 00:00:00-04:00,0.43421936035150566,arma_ma,long,XLY_long_620
621,2021-10-29 00:00:00-04:00,2.595474243164091,arma_ma,long,XLY_long_620
622,2021-11-01 00:00:00-04:00,0.5131530761719034,arma_ma,long,XLY_long_620
623,2021-11-02 00:00:00-04:00,3.6415557861328125,arma_ma,long,XLY_long_620
624,2021-11-03 00:00:00-04:00,-1.3618469238281534,arma_ma,long,XLY_long_620
625,2021-11-04 00:00:00-04:00,3.6119232177734375,arma_ma,long,XLY_long_625
626,2021-11-05 00:00:00-04:00,2.7533721923828125,arma_ma,long,XLY_long_625
627,2021-11-08 00:00:00-05:00,1.332275390625,arma_ma,long,XLY_long_625
628,2021-11-09 00:00:00-05:00,-2.95074462890625,arma_ma,long,XLY_long_625
629,2021-11-10 00:00:00-05:00,-3.7994537353515625,arma_ma,long,XLY_long_625
630,2021-11-11 00:00:00-05:00,0.0,arma_ma,no_position,XLY_no_position_630
631,2021-11-12 00:00:00-05:00,0.0,arma_ma,no_position,XLY_no_position_630
632,2021-11-15 00:00:00-05:00,0.0,arma_ma,no_position,XLY_no_position_630
633,2021-11-16 00:00:00-05:00,0.0,arma_ma,no_position,XLY_no_position_630
634,2021-11-17 00:00:00-05:00,0.0,arma_ma,no_position,XLY_no_position_630
635,2021-11-18 00:00:00-05:00,1.3026580810546875,arma_ma,long,XLY_long_635
636,2021-11-19 00:00:00-05:00,2.329010009765625,arma_ma,long,XLY_long_635
637,2021-11-22 00:00:00-05:00,0.8980712890625,arma_ma,long,XLY_long_635
638,2021-11-23 00:00:00-05:00,-0.5230560302734375,arma_ma,long,XLY_long_635
639,2021-11-24 00:00:00-05:00,-1.5098876953125568,arma_ma,long,XLY_long_635
640,2021-11-26 00:00:00-05:00,0.0,arma_ma,no_position,XLY_no_position_640
641,2021-11-29 00:00:00-05:00,0.0,arma_ma,no_position,XLY_no_position_640
642,2021-11-30 00:00:00-05:00,0.0,arma_ma,no_position,XLY_no_position_640
643,2021-12-01 00:00:00-05:00,0.0,arma_ma,no_position,XLY_no_position_640
644,2021-12-02 00:00:00-05:00,0.0,arma_ma,no_position,XLY_no_position_640
645,2021-12-03 00:00:00-05:00,0.0,arma_ma,no_position,XLY_no_position_645
646,2021-12-06 00:00:00-05:00,0.0,arma_ma,no_position,XLY_no_position_645
647,2021-12-07 00:00:00-05:00,0.0,arma_ma,no_position,XLY_no_position_645
648,2021-12-08 00:00:00-05:00,0.0,arma_ma,no_position,XLY_no_position_645
649,2021-12-09 00:00:00-05:00,0.0,arma_ma,no_position,XLY_no_position_645
650,2021-12-10 00:00:00-05:00,-3.5428619384765625,arma_ma,long,XLY_long_650
651,2021-12-13 00:00:00-05:00,1.4013519287109375,arma_ma,long,XLY_long_650
652,2021-12-14 00:00:00-05:00,-5.210662841796903,arma_ma,long,XLY_long_650
653,2021-12-15 00:00:00-05:00,-1.1447753906249147,arma_ma,long,XLY_long_650
654,2021-12-16 00:00:00-05:00,2.4868927001952557,arma_ma,long,XLY_long_650
655,2021-12-17 00:00:00-05:00,0.0,arma_ma,no_position,XLY_no_position_655
656,2021-12-20 00:00:00-05:00,0.0,arma_ma,no_position,XLY_no_position_655
657,2021-12-21 00:00:00-05:00,0.0,arma_ma,no_position,XLY_no_position_655
658,2021-12-22 00:00:00-05:00,0.0,arma_ma,no_position,XLY_no_position_655
659,2021-12-23 00:00:00-05:00,0.0,arma_ma,no_position,XLY_no_position_655
660,2021-12-27 00:00:00-05:00,2.747604370117159,arma_ma,long,XLY_long_660
661,2021-12-28 00:00:00-05:00,1.9569244384765625,arma_ma,long,XLY_long_660
662,2021-12-29 00:00:00-05:00,0.088958740234375,arma_ma,long,XLY_long_660
663,2021-12-30 00:00:00-05:00,0.4052276611328125,arma_ma,long,XLY_long_660
664,2021-12-31 00:00:00-05:00,-0.7313995361328125,arma_ma,long,XLY_long_660
665,2022-01-03 00:00:00-05:00,-0.4842834472655966,arma_ma,long,XLY_long_665
666,2022-01-04 00:00:00-05:00,5.801605224609347,arma_ma,long,XLY_long_665
667,2022-01-05 00:00:00-05:00,-1.26507568359375,arma_ma,long,XLY_long_665
668,2022-01-06 00:00:00-05:00,-5.57427978515625,arma_ma,long,XLY_long_665
669,2022-01-07 00:00:00-05:00,-0.523834228515625,arma_ma,long,XLY_long_665
670,2022-01-10 00:00:00-05:00,0.0,arma_ma,no_position,XLY_no_position_670
671,2022-01-11 00:00:00-05:00,0.0,arma_ma,no_position,XLY_no_position_670
672,2022-01-12 00:00:00-05:00,0.0,arma_ma,no_position,XLY_no_position_670
673,2022-01-13 00:00:00-05:00,0.0,arma_ma,no_position,XLY_no_position_670
674,2022-01-14 00:00:00-05:00,0.0,arma_ma,no_position,XLY_no_position_670
675,2022-01-18 00:00:00-05:00,0.909271240234375,arma_ma,short,XLY_short_675
676,2022-01-19 00:00:00-05:00,3.676666259765625,arma_ma,short,XLY_short_675
677,2022-01-20 00:00:00-05:00,3.439453125,arma_ma,short,XLY_short_675
678,2022-01-21 00:00:00-05:00,3.409805297851534,arma_ma,short,XLY_short_675
679,2022-01-24 00:00:00-05:00,5.386505126953153,arma_ma,short,XLY_short_675
680,2022-01-25 00:00:00-05:00,-2.14471435546875,arma_ma,short,XLY_short_680
681,2022-01-26 00:00:00-05:00,3.0539703369140625,arma_ma,short,XLY_short_680
682,2022-01-27 00:00:00-05:00,0.85986328125,arma_ma,short,XLY_short_680
683,2022-01-28 00:00:00-05:00,4.2795562744140625,arma_ma,short,XLY_short_680
684,2022-01-31 00:00:00-05:00,-3.7557220458984375,arma_ma,short,XLY_short_680
685,2022-02-01 00:00:00-05:00,0.0,arma_ma,no_position,XLY_no_position_685
686,2022-02-02 00:00:00-05:00,0.0,arma_ma,no_position,XLY_no_position_685
687,2022-02-03 00:00:00-05:00,0.0,arma_ma,no_position,XLY_no_position_685
688,2022-02-04 00:00:00-05:00,0.0,arma_ma,no_position,XLY_no_position_685
689,2022-02-07 00:00:00-05:00,0.0,arma_ma,no_position,XLY_no_position_685
690,2022-02-08 00:00:00-05:00,0.0,arma_ma,no_position,XLY_no_position_690
691,2022-02-09 00:00:00-05:00,0.0,arma_ma,no_position,XLY_no_position_690
692,2022-02-10 00:00:00-05:00,0.0,arma_ma,no_position,XLY_no_position_690
693,2022-02-11 00:00:00-05:00,0.0,arma_ma,no_position,XLY_no_position_690
694,2022-02-14 00:00:00-05:00,0.0,arma_ma,no_position,XLY_no_position_690
695,2022-02-15 00:00:00-05:00,-1.0180206298828125,arma_ma,short,XLY_short_695
696,2022-02-16 00:00:00-05:00,-4.012680053710881,arma_ma,short,XLY_short_695
697,2022-02-17 00:00:00-05:00,-0.523834228515625,arma_ma,short,XLY_short_695
698,2022-02-18 00:00:00-05:00,4.921981811523381,arma_ma,short,XLY_short_695
699,2022-02-22 00:00:00-05:00,1.1069488525390625,arma_ma,short,XLY_short_695
700,2022-02-23 00:00:00-05:00,5.188812255859375,arma_ma,short,XLY_short_700
701,2022-02-24 00:00:00-05:00,5.7719573974609375,arma_ma,short,XLY_short_700
702,2022-02-25 00:00:00-05:00,-3.815032958984375,arma_ma,short,XLY_short_700
703,2022-02-28 00:00:00-05:00,-3.380126953125,arma_ma,short,XLY_short_700
704,2022-03-01 00:00:00-05:00,-1.225555419921875,arma_ma,short,XLY_short_700
705,2022-03-02 00:00:00-05:00,0.0,arma_ma,no_position,XLY_no_position_705
706,2022-03-03 00:00:00-05:00,0.0,arma_ma,no_position,XLY_no_position_705
707,2022-03-04 00:00:00-05:00,0.0,arma_ma,no_position,XLY_no_position_705
708,2022-03-07 00:00:00-05:00,0.0,arma_ma,no_position,XLY_no_position_705
709,2022-03-08 00:00:00-05:00,0.0,arma_ma,no_position,XLY_no_position_705
710,2022-03-09 00:00:00-05:00,-0.3360137939453125,arma_ma,short,XLY_short_710
711,2022-03-10 00:00:00-05:00,-5.1987152099609375,arma_ma,short,XLY_short_710
712,2022-03-11 00:00:00-05:00,-1.1860504150390625,arma_ma,short,XLY_short_710
713,2022-03-14 00:00:00-04:00,3.23193359375,arma_ma,short,XLY_short_710
714,2022-03-15 00:00:00-04:00,2.747589111328125,arma_ma,short,XLY_short_710
715,2022-03-16 00:00:00-04:00,0.0,arma_ma,no_position,XLY_no_position_715
716,2022-03-17 00:00:00-04:00,0.0,arma_ma,no_position,XLY_no_position_715
717,2022-03-18 00:00:00-04:00,0.0,arma_ma,no_position,XLY_no_position_715
718,2022-03-21 00:00:00-04:00,0.0,arma_ma,no_position,XLY_no_position_715
719,2022-03-22 00:00:00-04:00,0.0,arma_ma,no_position,XLY_no_position_715
720,2022-03-23 00:00:00-04:00,0.0,arma_ma,no_position,XLY_no_position_720
721,2022-03-24 00:00:00-04:00,0.0,arma_ma,no_position,XLY_no_position_720
722,2022-03-25 00:00:00-04:00,0.0,arma_ma,no_position,XLY_no_position_720
723,2022-03-28 00:00:00-04:00,0.0,arma_ma,no_position,XLY_no_position_720
724,2022-03-29 00:00:00-04:00,0.0,arma_ma,no_position,XLY_no_position_720
725,2022-03-30 00:00:00-04:00,0.0,arma_ma,no_position,XLY_no_position_725
726,2022-03-31 00:00:00-04:00,0.0,arma_ma,no_position,XLY_no_position_725
727,2022-04-01 00:00:00-04:00,0.0,arma_ma,no_position,XLY_no_position_725
728,2022-04-04 00:00:00-04:00,0.0,arma_ma,no_position,XLY_no_position_725
729,2022-04-05 00:00:00-04:00,0.0,arma_ma,no_position,XLY_no_position_725
730,2022-04-06 00:00:00-04:00,0.0,arma_ma,no_position,XLY_no_position_730
731,2022-04-07 00:00:00-04:00,0.0,arma_ma,no_position,XLY_no_position_730
732,2022-04-08 00:00:00-04:00,0.0,arma_ma,no_position,XLY_no_position_730
733,2022-04-11 00:00:00-04:00,0.0,arma_ma,no_position,XLY_no_position_730
734,2022-04-12 00:00:00-04:00,0.0,arma_ma,no_position,XLY_no_position_730
735,2022-04-13 00:00:00-04:00,0.0,arma_ma,no_position,XLY_no_position_735
736,2022-04-14 00:00:00-04:00,0.0,arma_ma,no_position,XLY_no_position_735
737,2022-04-18 00:00:00-04:00,0.0,arma_ma,no_position,XLY_no_position_735
738,2022-04-19 00:00:00-04:00,0.0,arma_ma,no_position,XLY_no_position_735
739,2022-04-20 00:00:00-04:00,0.0,arma_ma,no_position,XLY_no_position_735
740,2022-04-21 00:00:00-04:00,2.345977783203125,arma_ma,short,XLY_short_740
741,2022-04-22 00:00:00-04:00,1.742156982421875,arma_ma,short,XLY_short_740
742,2022-04-25 00:00:00-04:00,4.13763427734375,arma_ma,short,XLY_short_740
743,2022-04-26 00:00:00-04:00,-1.2570953369140625,arma_ma,short,XLY_short_740
744,2022-04-27 00:00:00-04:00,8.869186401367188,arma_ma,short,XLY_short_740
745,2022-04-28 00:00:00-04:00,-0.0197906494140625,arma_ma,short,XLY_short_745
746,2022-04-29 00:00:00-04:00,-3.4150543212890625,arma_ma,short,XLY_short_745
747,2022-05-02 00:00:00-04:00,8.631622314453125,arma_ma,short,XLY_short_745
748,2022-05-03 00:00:00-04:00,-2.3558502197265625,arma_ma,short,XLY_short_745
749,2022-05-04 00:00:00-04:00,0.40582275390625,arma_ma,short,XLY_short_745
750,2022-05-05 00:00:00-04:00,-4.7909393310546875,arma_ma,short,XLY_short_750
751,2022-05-06 00:00:00-04:00,9.41363525390625,arma_ma,short,XLY_short_750
752,2022-05-09 00:00:00-04:00,2.009429931640625,arma_ma,short,XLY_short_750
753,2022-05-10 00:00:00-04:00,6.67169189453125,arma_ma,short,XLY_short_750
754,2022-05-11 00:00:00-04:00,0.4454193115234375,arma_ma,short,XLY_short_750
755,2022-05-12 00:00:00-04:00,5.355194091796875,arma_ma,short,XLY_short_755
756,2022-05-13 00:00:00-04:00,-0.9898834228515625,arma_ma,short,XLY_short_755
757,2022-05-16 00:00:00-04:00,-5.711517333984375,arma_ma,short,XLY_short_755
758,2022-05-17 00:00:00-04:00,3.25665283203125,arma_ma,short,XLY_short_755
759,2022-05-18 00:00:00-04:00,-3.7218780517578125,arma_ma,short,XLY_short_755
760,2022-05-19 00:00:00-04:00,9.888748168945312,arma_ma,short,XLY_short_760
761,2022-05-20 00:00:00-04:00,-0.098968505859375,arma_ma,short,XLY_short_760
762,2022-05-23 00:00:00-04:00,2.464752197265625,arma_ma,short,XLY_short_760
763,2022-05-24 00:00:00-04:00,-1.03936767578125,arma_ma,short,XLY_short_760
764,2022-05-25 00:00:00-04:00,3.603118896484375,arma_ma,short,XLY_short_760
765,2022-05-26 00:00:00-04:00,0.0,arma_ma,no_position,XLY_no_position_765
766,2022-05-27 00:00:00-04:00,0.0,arma_ma,no_position,XLY_no_position_765
767,2022-05-31 00:00:00-04:00,0.0,arma_ma,no_position,XLY_no_position_765
768,2022-06-01 00:00:00-04:00,0.0,arma_ma,no_position,XLY_no_position_765
769,2022-06-02 00:00:00-04:00,0.0,arma_ma,no_position,XLY_no_position_765
770,2022-06-03 00:00:00-04:00,0.0,arma_ma,no_position,XLY_no_position_770
771,2022-06-06 00:00:00-04:00,0.0,arma_ma,no_position,XLY_no_position_770
772,2022-06-07 00:00:00-04:00,0.0,arma_ma,no_position,XLY_no_position_770
773,2022-06-08 00:00:00-04:00,0.0,arma_ma,no_position,XLY_no_position_770
774,2022-06-09 00:00:00-04:00,0.0,arma_ma,no_position,XLY_no_position_770
775,2022-06-10 00:00:00-04:00,2.7418975830078125,arma_ma,short,XLY_short_775
776,2022-06-13 00:00:00-04:00,5.9392242431640625,arma_ma,short,XLY_short_775
777,2022-06-14 00:00:00-04:00,6.6024017333984375,arma_ma,short,XLY_short_775
778,2022-06-15 00:00:00-04:00,0.1088714599609375,arma_ma,short,XLY_short_775
779,2022-06-16 00:00:00-04:00,-3.8307647705078125,arma_ma,short,XLY_short_775
780,2022-06-17 00:00:00-04:00,6.8597564697265625,arma_ma,short,XLY_short_780
781,2022-06-21 00:00:00-04:00,-1.4550933837890625,arma_ma,short,XLY_short_780
782,2022-06-22 00:00:00-04:00,-3.853515625,arma_ma,short,XLY_short_780
783,2022-06-23 00:00:00-04:00,0.26788330078125,arma_ma,short,XLY_short_780
784,2022-06-24 00:00:00-04:00,-2.172821044921875,arma_ma,short,XLY_short_780
785,2022-06-27 00:00:00-04:00,0.0,arma_ma,no_position,XLY_no_position_785
786,2022-06-28 00:00:00-04:00,0.0,arma_ma,no_position,XLY_no_position_785
787,2022-06-29 00:00:00-04:00,0.0,arma_ma,no_position,XLY_no_position_785
788,2022-06-30 00:00:00-04:00,0.0,arma_ma,no_position,XLY_no_position_785
789,2022-07-01 00:00:00-04:00,0.0,arma_ma,no_position,XLY_no_position_785
790,2022-07-05 00:00:00-04:00,-2.510162353515625,arma_ma,short,XLY_short_790
791,2022-07-06 00:00:00-04:00,-3.1054534912109375,arma_ma,short,XLY_short_790
792,2022-07-07 00:00:00-04:00,0.4662933349609375,arma_ma,short,XLY_short_790
793,2022-07-08 00:00:00-04:00,-3.651123046875,arma_ma,short,XLY_short_790
794,2022-07-11 00:00:00-04:00,-0.0198211669921875,arma_ma,short,XLY_short_790
795,2022-07-12 00:00:00-04:00,3.9785308837890625,arma_ma,short,XLY_short_795
796,2022-07-13 00:00:00-04:00,0.8532562255859375,arma_ma,short,XLY_short_795
797,2022-07-14 00:00:00-04:00,-1.1509246826171875,arma_ma,short,XLY_short_795
798,2022-07-15 00:00:00-04:00,0.1190948486328125,arma_ma,short,XLY_short_795
799,2022-07-18 00:00:00-04:00,-2.2819671630859375,arma_ma,short,XLY_short_795
800,2022-07-19 00:00:00-04:00,0.0,arma_ma,no_position,XLY_no_position_800
801,2022-07-20 00:00:00-04:00,0.0,arma_ma,no_position,XLY_no_position_800
802,2022-07-21 00:00:00-04:00,0.0,arma_ma,no_position,XLY_no_position_800
803,2022-07-22 00:00:00-04:00,0.0,arma_ma,no_position,XLY_no_position_800
804,2022-07-25 00:00:00-04:00,0.0,arma_ma,no_position,XLY_no_position_800
805,2022-07-26 00:00:00-04:00,0.0,arma_ma,no_position,XLY_no_position_805
806,2022-07-27 00:00:00-04:00,0.0,arma_ma,no_position,XLY_no_position_805
807,2022-07-28 00:00:00-04:00,0.0,arma_ma,no_position,XLY_no_position_805
808,2022-07-29 00:00:00-04:00,0.0,arma_ma,no_position,XLY_no_position_805
809,2022-08-01 00:00:00-04:00,0.0,arma_ma,no_position,XLY_no_position_805
810,2022-08-02 00:00:00-04:00,0.8036346435546875,arma_ma,long,XLY_long_810
811,2022-08-03 00:00:00-04:00,-1.1112213134765625,arma_ma,long,XLY_long_810
812,2022-08-04 00:00:00-04:00,3.928924560546875,arma_ma,long,XLY_long_810
813,2022-08-05 00:00:00-04:00,0.6746673583984375,arma_ma,long,XLY_long_810
814,2022-08-08 00:00:00-04:00,-2.8276214599609375,arma_ma,long,XLY_long_810
815,2022-08-09 00:00:00-04:00,0.0,arma_ma,no_position,XLY_no_position_815
816,2022-08-10 00:00:00-04:00,0.0,arma_ma,no_position,XLY_no_position_815
817,2022-08-11 00:00:00-04:00,0.0,arma_ma,no_position,XLY_no_position_815
818,2022-08-12 00:00:00-04:00,0.0,arma_ma,no_position,XLY_no_position_815
819,2022-08-15 00:00:00-04:00,0.0,arma_ma,no_position,XLY_no_position_815
820,2022-08-16 00:00:00-04:00,1.1608123779296875,arma_ma,long,XLY_long_820
821,2022-08-17 00:00:00-04:00,1.8751678466796875,arma_ma,long,XLY_long_820
822,2022-08-18 00:00:00-04:00,-1.84539794921875,arma_ma,long,XLY_long_820
823,2022-08-19 00:00:00-04:00,-0.0496063232421875,arma_ma,long,XLY_long_820
824,2022-08-22 00:00:00-04:00,-3.5023193359375,arma_ma,long,XLY_long_820
825,2022-08-23 00:00:00-04:00,0.0,arma_ma,no_position,XLY_no_position_825
826,2022-08-24 00:00:00-04:00,0.0,arma_ma,no_position,XLY_no_position_825
827,2022-08-25 00:00:00-04:00,0.0,arma_ma,no_position,XLY_no_position_825
828,2022-08-26 00:00:00-04:00,0.0,arma_ma,no_position,XLY_no_position_825
829,2022-08-29 00:00:00-04:00,0.0,arma_ma,no_position,XLY_no_position_825
830,2022-08-30 00:00:00-04:00,0.0,arma_ma,no_position,XLY_no_position_830
831,2022-08-31 00:00:00-04:00,0.0,arma_ma,no_position,XLY_no_position_830
832,2022-09-01 00:00:00-04:00,0.0,arma_ma,no_position,XLY_no_position_830
833,2022-09-02 00:00:00-04:00,0.0,arma_ma,no_position,XLY_no_position_830
834,2022-09-06 00:00:00-04:00,0.0,arma_ma,no_position,XLY_no_position_830
835,2022-09-07 00:00:00-04:00,-0.3174896240234375,arma_ma,long,XLY_long_835
836,2022-09-08 00:00:00-04:00,4.72265625,arma_ma,long,XLY_long_835
837,2022-09-09 00:00:00-04:00,1.478302001953125,arma_ma,long,XLY_long_835
838,2022-09-12 00:00:00-04:00,3.0359954833984375,arma_ma,long,XLY_long_835
839,2022-09-13 00:00:00-04:00,2.1033782958984375,arma_ma,long,XLY_long_835
840,2022-09-14 00:00:00-04:00,-8.522613525390625,arma_ma,long,XLY_long_840
841,2022-09-15 00:00:00-04:00,2.014068603515625,arma_ma,long,XLY_long_840
842,2022-09-16 00:00:00-04:00,-0.8135528564453125,arma_ma,long,XLY_long_840
843,2022-09-19 00:00:00-04:00,-1.26995849609375,arma_ma,long,XLY_long_840
844,2022-09-20 00:00:00-04:00,2.2171173095703125,arma_ma,long,XLY_long_840
845,2022-09-21 00:00:00-04:00,0.0,arma_ma,no_position,XLY_no_position_845
846,2022-09-22 00:00:00-04:00,0.0,arma_ma,no_position,XLY_no_position_845
847,2022-09-23 00:00:00-04:00,0.0,arma_ma,no_position,XLY_no_position_845
848,2022-09-26 00:00:00-04:00,0.0,arma_ma,no_position,XLY_no_position_845
849,2022-09-27 00:00:00-04:00,0.0,arma_ma,no_position,XLY_no_position_845
850,2022-09-28 00:00:00-04:00,0.0,arma_ma,no_position,XLY_no_position_850
851,2022-09-29 00:00:00-04:00,0.0,arma_ma,no_position,XLY_no_position_850
852,2022-09-30 00:00:00-04:00,0.0,arma_ma,no_position,XLY_no_position_850
853,2022-10-03 00:00:00-04:00,0.0,arma_ma,no_position,XLY_no_position_850
854,2022-10-04 00:00:00-04:00,0.0,arma_ma,no_position,XLY_no_position_850
855,2022-10-05 00:00:00-04:00,-4.9512939453125,arma_ma,short,XLY_short_855
856,2022-10-06 00:00:00-04:00,0.864990234375,arma_ma,short,XLY_short_855
857,2022-10-07 00:00:00-04:00,1.03399658203125,arma_ma,short,XLY_short_855
858,2022-10-10 00:00:00-04:00,4.981109619140625,arma_ma,short,XLY_short_855
859,2022-10-11 00:00:00-04:00,0.864990234375,arma_ma,short,XLY_short_855
860,2022-10-12 00:00:00-04:00,1.1334075927734375,arma_ma,short,XLY_short_860
861,2022-10-13 00:00:00-04:00,-0.35791015625,arma_ma,short,XLY_short_860
862,2022-10-14 00:00:00-04:00,-1.5112457275390625,arma_ma,short,XLY_short_860
863,2022-10-17 00:00:00-04:00,5.2197265625,arma_ma,short,XLY_short_860
864,2022-10-18 00:00:00-04:00,-5.4583282470703125,arma_ma,short,XLY_short_860
865,2022-10-19 00:00:00-04:00,0.0,arma_ma,no_position,XLY_no_position_865
866,2022-10-20 00:00:00-04:00,0.0,arma_ma,no_position,XLY_no_position_865
867,2022-10-21 00:00:00-04:00,0.0,arma_ma,no_position,XLY_no_position_865
868,2022-10-24 00:00:00-04:00,0.0,arma_ma,no_position,XLY_no_position_865
869,2022-10-25 00:00:00-04:00,0.0,arma_ma,no_position,XLY_no_position_865
870,2022-10-26 00:00:00-04:00,0.0,arma_ma,no_position,XLY_no_position_870
871,2022-10-27 00:00:00-04:00,0.0,arma_ma,no_position,XLY_no_position_870
872,2022-10-28 00:00:00-04:00,0.0,arma_ma,no_position,XLY_no_position_870
873,2022-10-31 00:00:00-04:00,0.0,arma_ma,no_position,XLY_no_position_870
874,2022-11-01 00:00:00-04:00,0.0,arma_ma,no_position,XLY_no_position_870
875,2022-11-02 00:00:00-04:00,1.451568603515625,arma_ma,short,XLY_short_875
876,2022-11-03 00:00:00-04:00,5.3589324951171875,arma_ma,short,XLY_short_875
877,2022-11-04 00:00:00-04:00,0.8152618408203125,arma_ma,short,XLY_short_875
878,2022-11-07 00:00:00-05:00,-1.1334228515625,arma_ma,short,XLY_short_875
879,2022-11-08 00:00:00-05:00,0.9544677734375,arma_ma,short,XLY_short_875
880,2022-11-09 00:00:00-05:00,0.3380279541015625,arma_ma,short,XLY_short_880
881,2022-11-10 00:00:00-05:00,4.136016845703125,arma_ma,short,XLY_short_880
882,2022-11-11 00:00:00-05:00,-9.594345092773438,arma_ma,short,XLY_short_880
883,2022-11-14 00:00:00-05:00,-3.3803863525390625,arma_ma,short,XLY_short_880
884,2022-11-15 00:00:00-05:00,2.2867431640625,arma_ma,short,XLY_short_880
885,2022-11-16 00:00:00-05:00,0.0,arma_ma,no_position,XLY_no_position_885
886,2022-11-17 00:00:00-05:00,0.0,arma_ma,no_position,XLY_no_position_885
887,2022-11-18 00:00:00-05:00,0.0,arma_ma,no_position,XLY_no_position_885
888,2022-11-21 00:00:00-05:00,0.0,arma_ma,no_position,XLY_no_position_885
889,2022-11-22 00:00:00-05:00,0.0,arma_ma,no_position,XLY_no_position_885
890,2022-11-23 00:00:00-05:00,0.0,arma_ma,no_position,XLY_no_position_890
891,2022-11-25 00:00:00-05:00,0.0,arma_ma,no_position,XLY_no_position_890
892,2022-11-28 00:00:00-05:00,0.0,arma_ma,no_position,XLY_no_position_890
893,2022-11-29 00:00:00-05:00,0.0,arma_ma,no_position,XLY_no_position_890
894,2022-11-30 00:00:00-05:00,0.0,arma_ma,no_position,XLY_no_position_890
895,2022-12-01 00:00:00-05:00,0.0,arma_ma,no_position,XLY_no_position_895
896,2022-12-02 00:00:00-05:00,0.0,arma_ma,no_position,XLY_no_position_895
897,2022-12-05 00:00:00-05:00,0.0,arma_ma,no_position,XLY_no_position_895
898,2022-12-06 00:00:00-05:00,0.0,arma_ma,no_position,XLY_no_position_895
899,2022-12-07 00:00:00-05:00,0.0,arma_ma,no_position,XLY_no_position_895
900,2022-12-08 00:00:00-05:00,0.83514404296875,arma_ma,short,XLY_short_900
901,2022-12-09 00:00:00-05:00,-1.3322601318359375,arma_ma,short,XLY_short_900
902,2022-12-12 00:00:00-05:00,0.606475830078125,arma_ma,short,XLY_short_900
903,2022-12-13 00:00:00-05:00,-0.3479766845703125,arma_ma,short,XLY_short_900
904,2022-12-14 00:00:00-05:00,-0.0,arma_ma,short,XLY_short_900
