asofdate,pnl,pointForecast,forecastday,product_name
1971-01-26 01:00:00+00:00,,157.0226771773052,5,corn
1971-03-03 01:00:00+00:00,2.125,149.36418644672676,5,corn
1971-03-24 01:00:00+00:00,-1.75,150.85290396763136,5,corn
1971-03-31 01:00:00+00:00,3.25,149.1570281568034,5,corn
1971-04-07 01:00:00+00:00,1.5,146.18883582168152,5,corn
1971-04-29 00:00:00+00:00,-3.0,146.61618423696237,5,corn
1971-05-06 00:00:00+00:00,2.75,141.64687605528016,5,corn
1971-05-20 00:00:00+00:00,-3.25,144.0066572076473,5,corn
1971-06-18 00:00:00+00:00,2.125,159.7438937433087,5,corn
1971-07-26 00:00:00+00:00,-10.25,145.54836646628468,5,corn
1971-08-09 00:00:00+00:00,6.125,129.46319394795475,5,corn
1971-08-16 00:00:00+00:00,10.375,125.5554957941768,5,corn
1971-08-23 00:00:00+00:00,3.875,124.03900212916211,5,corn
1971-08-30 00:00:00+00:00,1.375,123.93246609487358,5,corn
1971-09-21 00:00:00+00:00,-2.0,115.91562626054484,5,corn
1971-09-28 00:00:00+00:00,3.75,113.70100081224328,5,corn
1971-10-05 00:00:00+00:00,2.0,112.90613067910022,5,corn
1971-11-02 01:00:00+00:00,-1.625,115.75329319680364,5,corn
1971-11-09 01:00:00+00:00,0.375,114.3879882193174,5,corn
1971-11-23 01:00:00+00:00,-1.0,114.024934161057,5,corn
1971-12-15 01:00:00+00:00,-0.125,122.23350338828922,5,corn
1971-12-22 01:00:00+00:00,7.0,124.04210823434887,5,corn
1972-01-07 01:00:00+00:00,-1.875,123.35766618943754,5,corn
1972-01-28 01:00:00+00:00,-1.75,120.74029222208658,5,corn
1972-02-04 01:00:00+00:00,0.125,121.20282345233102,5,corn
1972-03-06 01:00:00+00:00,0.5,118.30650911150586,5,corn
1972-03-20 01:00:00+00:00,0.75,124.43568417280456,5,corn
1972-04-04 01:00:00+00:00,-1.25,124.63594523233374,5,corn
1972-04-18 01:00:00+00:00,-0.25,125.26909285247991,5,corn
1972-05-16 00:00:00+00:00,-0.75,127.14932370594973,5,corn
1972-05-31 00:00:00+00:00,-0.375,127.03585816647436,5,corn
1972-06-21 00:00:00+00:00,1.0,121.65497325688938,5,corn
1972-06-28 00:00:00+00:00,2.625,118.25,5,corn
1972-07-06 00:00:00+00:00,1.5,118.24578490150788,5,corn
1972-08-03 00:00:00+00:00,0.75,124.85146854004569,5,corn
1972-08-24 00:00:00+00:00,-1.25,127.13080180085268,5,corn
1972-08-31 00:00:00+00:00,0.25,129.73971080513243,5,corn
1972-09-08 00:00:00+00:00,2.625,131.6309304724171,5,corn
1972-09-15 00:00:00+00:00,1.875,136.91692771952165,5,corn
1972-09-22 00:00:00+00:00,5.25,143.12161122571564,5,corn
1972-10-27 00:00:00+00:00,-2.75,134.63453024715344,5,corn
1972-11-03 01:00:00+00:00,1.375,137.2213007752682,5,corn
1972-11-20 01:00:00+00:00,-0.875,136.6883575013717,5,corn
1972-12-19 01:00:00+00:00,18.75,163.99909512302432,5,corn
1973-01-05 01:00:00+00:00,-13.25,151.99562834845997,5,corn
1973-01-12 01:00:00+00:00,2.75,156.36375057761018,5,corn
1973-01-19 01:00:00+00:00,3.0,157.83424281699476,5,corn
1973-01-29 01:00:00+00:00,2.0,161.25,5,corn
1973-02-05 01:00:00+00:00,-1.0,160.90113759344564,5,corn
1973-02-27 01:00:00+00:00,-0.75,165.7442151427408,5,corn
1973-03-06 01:00:00+00:00,6.5,165.5046397612906,5,corn
1973-03-27 01:00:00+00:00,-16.75,156.1027892419647,5,corn
1973-04-03 01:00:00+00:00,1.875,157.875,5,corn
1973-04-10 01:00:00+00:00,0.5,157.98931143022946,5,corn
1973-04-17 01:00:00+00:00,1.5,159.1982616837066,5,corn
1973-05-09 00:00:00+00:00,4.5,169.34291227965753,5,corn
1973-05-16 00:00:00+00:00,6.75,182.6569946451768,5,corn
1973-05-31 00:00:00+00:00,-4.625,218.375,5,corn
1973-06-07 00:00:00+00:00,13.75,218.32331142952825,5,corn
1973-06-14 00:00:00+00:00,26.875,222.5910818954233,5,corn
1973-06-21 00:00:00+00:00,3.625,220.4178096243789,5,corn
1973-06-28 00:00:00+00:00,0.5,242.29700854491097,5,corn
1973-07-20 00:00:00+00:00,-12.5,223.58859730911985,5,corn
1973-07-27 00:00:00+00:00,21.25,268.0,5,corn
1973-08-03 00:00:00+00:00,24.375,267.05745024430576,5,corn
1973-08-10 00:00:00+00:00,21.125,327.75,5,corn
1973-08-17 00:00:00+00:00,13.25,325.4278311675386,5,corn
1973-09-17 00:00:00+00:00,40.25,244.0492066261168,5,corn
1973-09-24 00:00:00+00:00,-5.75,261.7811583949716,5,corn
1973-10-23 00:00:00+00:00,-8.0,240.4865744942348,5,corn
1973-10-30 01:00:00+00:00,15.875,240.11383640516328,5,corn
1973-11-06 01:00:00+00:00,0.125,237.0946475244479,5,corn
1973-11-13 01:00:00+00:00,3.5,235.36933583954163,5,corn
1973-11-28 01:00:00+00:00,19.0,270.1140205492904,5,corn
1973-12-12 01:00:00+00:00,-5.0,262.30579890827033,5,corn
1973-12-19 01:00:00+00:00,-1.0,271.5058793946825,5,corn
1973-12-28 01:00:00+00:00,7.5,271.213586277743,5,corn
1974-01-14 00:00:00+00:00,-0.25,282.0076003356853,5,corn
1974-01-21 00:00:00+00:00,10.0,290.9099666269913,5,corn
1974-01-28 00:00:00+00:00,7.75,293.77683793780875,5,corn
1974-02-04 00:00:00+00:00,3.75,299.4959040005173,5,corn
1974-02-11 00:00:00+00:00,6.0,299.97647312143613,5,corn
1974-02-20 00:00:00+00:00,1.25,306.63823973929715,5,corn
1974-02-27 00:00:00+00:00,6.75,322.7602783393349,5,corn
1974-03-06 00:00:00+00:00,16.25,325.829452020067,5,corn
1974-04-10 00:00:00+00:00,15.75,269.34533814619454,5,corn
1974-04-18 00:00:00+00:00,15.0,269.1331782433288,5,corn
1974-04-25 00:00:00+00:00,0.25,262.42252978526665,5,corn
1974-05-09 00:00:00+00:00,-19.5,268.80510419211487,5,corn
1974-05-16 00:00:00+00:00,11.75,255.87937146763323,5,corn
1974-05-31 00:00:00+00:00,-16.0,261.74285711752486,5,corn
1974-06-21 00:00:00+00:00,-11.5,275.6161552255133,5,corn
1974-06-28 00:00:00+00:00,-2.25,294.27393398817054,5,corn
1974-07-08 00:00:00+00:00,19.0,297.524170201826,5,corn
1974-07-15 00:00:00+00:00,4.0,308.8392889648679,5,corn
1974-07-22 00:00:00+00:00,12.0,321.45985276051886,5,corn
1974-07-29 00:00:00+00:00,10.5,327.6876332979657,5,corn
1974-08-05 00:00:00+00:00,6.75,372.3363857861472,5,corn
1974-08-26 00:00:00+00:00,-5.5,363.5023143138988,5,corn
1974-09-17 00:00:00+00:00,-22.25,343.9505780163028,5,corn
1974-10-01 00:00:00+00:00,-8.25,361.8926964706787,5,corn
1974-10-08 00:00:00+00:00,25.0,376.08041670097657,5,corn
1974-10-15 00:00:00+00:00,16.0,374.8271770052239,5,corn
1974-10-22 00:00:00+00:00,-3.75,386.7758785533895,5,corn
1974-11-13 01:00:00+00:00,-8.5,378.8494893381872,5,corn
1974-12-05 01:00:00+00:00,17.0,357.2878014526725,5,corn
1974-12-12 01:00:00+00:00,2.25,375.7820978079501,5,corn
1974-12-27 01:00:00+00:00,9.5,357.0167833761211,5,corn
1975-01-06 01:00:00+00:00,8.0,340.4018204428372,5,corn
1975-01-20 01:00:00+00:00,-11.25,337.8326954963732,5,corn
1975-01-27 01:00:00+00:00,11.0,310.99063272822843,5,corn
1975-02-03 01:00:00+00:00,29.5,309.4994737229007,5,corn
1975-02-10 01:00:00+00:00,-0.75,310.2848925589264,5,corn
1975-02-25 00:00:00+00:00,-1.5,301.892899325974,5,corn
1975-03-04 00:00:00+00:00,7.5,272.05933930277376,5,corn
1975-03-11 00:00:00+00:00,29.25,264.203411684445,5,corn
1975-03-25 00:00:00+00:00,-25.75,281.79950967631265,5,corn
1975-04-16 00:00:00+00:00,-8.0,295.9801920797283,5,corn
1975-04-23 00:00:00+00:00,4.5,278.5267269599929,5,corn
1975-05-14 00:00:00+00:00,-4.0,268.07237170874726,5,corn
1975-06-05 00:00:00+00:00,-5.25,267.815812038816,5,corn
1975-07-11 00:00:00+00:00,2.0,279.097324340791,5,corn
1975-07-18 00:00:00+00:00,3.0,273.79015479056807,5,corn
1975-07-25 00:00:00+00:00,5.75,264.36521814952874,5,corn
1975-08-01 00:00:00+00:00,-10.75,281.81858167907563,5,corn
1975-08-08 00:00:00+00:00,19.0,290.40283912710737,5,corn
1975-08-15 00:00:00+00:00,8.0,305.61211409560786,5,corn
1975-08-22 00:00:00+00:00,18.25,320.32955468803266,5,corn
1975-08-29 00:00:00+00:00,12.0,320.8270222480545,5,corn
1975-09-22 00:00:00+00:00,-5.75,301.1926391582278,5,corn
1975-09-29 00:00:00+00:00,4.0,305.0499263452836,5,corn
1975-11-10 01:00:00+00:00,17.5,273.9737518439406,5,corn
1975-11-17 01:00:00+00:00,1.5,268.81266607669033,5,corn
1975-11-24 01:00:00+00:00,4.5,265.6535808937209,5,corn
1975-12-09 01:00:00+00:00,-9.75,270.8084594303701,5,corn
1975-12-16 01:00:00+00:00,4.0,270.8244795516528,5,corn
1976-01-09 01:00:00+00:00,-0.75,261.73570561820327,5,corn
1976-02-06 01:00:00+00:00,-0.75,265.3032827662702,5,corn
1976-02-13 01:00:00+00:00,-6.25,266.9509558167453,5,corn
1976-03-01 01:00:00+00:00,3.25,269.4462305556953,5,corn
1976-03-15 01:00:00+00:00,1.25,273.8929877526833,5,corn
1976-03-29 01:00:00+00:00,-5.25,274.13305159646325,5,corn
1976-04-05 01:00:00+00:00,-4.75,265.0418755447936,5,corn
1976-04-27 00:00:00+00:00,1.0,267.0475802970389,5,corn
1976-05-04 00:00:00+00:00,0.5,267.397344510172,5,corn
1976-05-11 00:00:00+00:00,1.0,272.81150569572947,5,corn
1976-05-18 00:00:00+00:00,4.75,280.6888417674876,5,corn
1976-05-25 00:00:00+00:00,8.0,283.4404009427569,5,corn
1976-06-02 00:00:00+00:00,3.0,290.1525561036871,5,corn
1976-06-09 00:00:00+00:00,6.75,293.44484068598393,5,corn
1976-06-16 00:00:00+00:00,2.75,304.5795380352917,5,corn
1976-06-30 00:00:00+00:00,-10.25,296.2369588502341,5,corn
1976-07-15 00:00:00+00:00,-7.5,298.63708881084347,5,corn
1976-07-22 00:00:00+00:00,9.75,300.15065272653004,5,corn
1976-08-05 00:00:00+00:00,-18.0,281.95142797671843,5,corn
1976-08-12 00:00:00+00:00,-0.5,279.6509422567533,5,corn
1976-08-19 00:00:00+00:00,1.75,272.7675854278151,5,corn
1976-09-02 00:00:00+00:00,-9.25,281.2981881436766,5,corn
1976-09-24 00:00:00+00:00,-3.25,283.4434751269778,5,corn
1976-10-01 00:00:00+00:00,10.25,270.69133430891014,5,corn
1976-10-08 00:00:00+00:00,12.0,264.8830634642459,5,corn
1976-10-22 00:00:00+00:00,-6.25,264.0757359057448,5,corn
1976-11-08 01:00:00+00:00,-0.25,252.62570559592655,5,corn
1976-11-15 01:00:00+00:00,11.5,248.2227537226153,5,corn
1976-11-22 01:00:00+00:00,4.25,232.0491352190944,5,corn
1976-12-07 01:00:00+00:00,-10.75,241.2445124847393,5,corn
1976-12-29 01:00:00+00:00,-0.5,248.2398379076302,5,corn
1977-01-20 01:00:00+00:00,-5.5,262.2039088781809,5,corn
1977-02-10 01:00:00+00:00,-4.5,256.75,5,corn
1977-02-17 01:00:00+00:00,-1.75,256.2833013435158,5,corn
1977-02-25 01:00:00+00:00,4.0,259.05466175727514,5,corn
1977-03-18 01:00:00+00:00,-3.25,261.2094607265672,5,corn
1977-04-01 01:00:00+00:00,1.75,258.4336049352898,5,corn
1977-04-25 00:00:00+00:00,0.5,257.75174401390115,5,corn
1977-05-10 00:00:00+00:00,10.75,248.04431624908503,5,corn
1977-05-24 00:00:00+00:00,8.0,240.3810219379855,5,corn
1977-06-15 00:00:00+00:00,-2.5,244.3807383814556,5,corn
1977-06-22 00:00:00+00:00,5.75,233.1523600042418,5,corn
1977-06-29 00:00:00+00:00,10.25,223.73445882987016,5,corn
1977-07-14 00:00:00+00:00,-2.25,224.57853041096925,5,corn
1977-07-21 00:00:00+00:00,1.75,218.79582114152217,5,corn
1977-07-28 00:00:00+00:00,5.25,209.92147616024465,5,corn
1977-08-04 00:00:00+00:00,8.75,198.5,5,corn
1977-08-18 00:00:00+00:00,0.5,195.08463843926123,5,corn
1977-08-25 00:00:00+00:00,4.0,184.27365828083893,5,corn
1977-09-09 00:00:00+00:00,-0.5,183.32376325390675,5,corn
1977-09-23 00:00:00+00:00,-17.25,199.3217286965308,5,corn
1977-10-07 00:00:00+00:00,-6.0,203.1594250730228,5,corn
1977-11-04 01:00:00+00:00,-0.75,211.1077328674744,5,corn
1977-11-11 01:00:00+00:00,6.0,217.3094207627624,5,corn
1977-11-18 01:00:00+00:00,6.75,219.59837376449352,5,corn
1977-11-28 01:00:00+00:00,2.0,226.1204922352462,5,corn
1977-12-19 01:00:00+00:00,-5.0,221.4792536355417,5,corn
1977-12-27 01:00:00+00:00,3.75,222.78222552757225,5,corn
1978-01-04 01:00:00+00:00,2.25,223.0,5,corn
1978-01-18 01:00:00+00:00,-2.25,224.16896319145417,5,corn
1978-02-01 01:00:00+00:00,-2.5,226.0163428266121,5,corn
1978-03-09 01:00:00+00:00,0.25,228.36884895565467,5,corn
1978-03-16 01:00:00+00:00,1.25,238.0184527570616,5,corn
1978-03-23 01:00:00+00:00,10.0,245.8063152928694,5,corn
1978-03-31 01:00:00+00:00,8.0,250.56818767908268,5,corn
1978-04-07 01:00:00+00:00,5.25,256.7137971260051,5,corn
1978-04-14 01:00:00+00:00,5.25,263.2926508823241,5,corn
1978-05-12 00:00:00+00:00,-3.75,252.6755444939166,5,corn
1978-05-26 00:00:00+00:00,1.75,258.12289009283825,5,corn
1978-06-05 00:00:00+00:00,3.5,267.36983960626173,5,corn
1978-06-26 00:00:00+00:00,-6.25,256.25,5,corn
1978-07-03 00:00:00+00:00,0.5,256.1147055349337,5,corn
1978-07-11 00:00:00+00:00,1.0,244.25,5,corn
1978-07-25 00:00:00+00:00,-0.25,229.74238024922587,5,corn
1978-08-01 00:00:00+00:00,15.0,227.4930794596357,5,corn
1978-08-08 00:00:00+00:00,1.5,226.06793052525688,5,corn
1978-08-15 00:00:00+00:00,2.25,216.3411175001906,5,corn
1978-09-06 00:00:00+00:00,-1.5,214.2217815739436,5,corn
1978-10-04 00:00:00+00:00,-1.0,223.44246771148264,5,corn
1978-11-01 01:00:00+00:00,-2.25,232.68024122574687,5,corn
1978-12-01 01:00:00+00:00,-2.25,230.6569931679437,5,corn
1978-12-15 01:00:00+00:00,-2.75,237.2297591251815,5,corn
1979-02-06 01:00:00+00:00,2.5,234.81273307767125,5,corn
1979-02-13 01:00:00+00:00,0.25,235.08503136124696,5,corn
1979-02-21 01:00:00+00:00,0.25,235.52033189779027,5,corn
1979-02-28 01:00:00+00:00,0.25,238.9673472851142,5,corn
1979-03-14 01:00:00+00:00,-2.75,247.5607034264738,5,corn
1979-03-28 01:00:00+00:00,-4.5,245.98885568608995,5,corn
1979-04-04 01:00:00+00:00,3.75,251.33505015054752,5,corn
1979-04-19 01:00:00+00:00,-0.75,254.4837892598277,5,corn
1979-05-03 00:00:00+00:00,-1.5,256.3441489292165,5,corn
1979-05-10 00:00:00+00:00,3.75,264.86928941529834,5,corn
1979-05-17 00:00:00+00:00,9.0,270.09211278812427,5,corn
1979-06-08 00:00:00+00:00,0.75,267.3384435360934,5,corn
1979-06-15 00:00:00+00:00,1.25,273.9153003661283,5,corn
1979-06-22 00:00:00+00:00,6.75,289.4595093035604,5,corn
1979-06-29 00:00:00+00:00,16.25,317.8656587203361,5,corn
1979-07-16 00:00:00+00:00,-21.0,318.72334690743094,5,corn
1979-08-27 00:00:00+00:00,-4.25,281.2774113208896,5,corn
1979-09-04 00:00:00+00:00,8.0,283.41853030456843,5,corn
1979-09-11 00:00:00+00:00,-2.5,278.4516290330913,5,corn
1979-09-18 00:00:00+00:00,6.25,274.52995016061254,5,corn
1979-10-02 00:00:00+00:00,-6.25,277.333491565435,5,corn
1979-10-16 00:00:00+00:00,-11.0,282.6389597531005,5,corn
1979-10-23 00:00:00+00:00,5.5,276.5856235421092,5,corn
1979-10-30 01:00:00+00:00,-5.0,278.2059288527756,5,corn
1979-11-06 01:00:00+00:00,-0.25,261.4797279951302,5,corn
1979-11-13 01:00:00+00:00,14.75,260.9758778370743,5,corn
1979-12-28 01:00:00+00:00,0.5,285.54623235259584,5,corn
1980-01-09 01:00:00+00:00,-1.75,291.5010202282656,5,corn
1980-01-23 01:00:00+00:00,17.0,268.95746954964653,5,corn
1980-01-30 01:00:00+00:00,-4.75,274.04354541042926,5,corn
1980-02-06 01:00:00+00:00,5.25,275.106702752362,5,corn
1980-03-06 01:00:00+00:00,6.5,264.8748941302252,5,corn
1980-03-20 01:00:00+00:00,-11.5,270.9820527717953,5,corn
1980-04-25 01:00:00+00:00,-1.25,266.6255935624524,5,corn
1980-05-09 00:00:00+00:00,-3.75,269.43116809801484,5,corn
1980-05-16 00:00:00+00:00,-0.75,282.5682205233527,5,corn
1980-06-02 00:00:00+00:00,-4.75,279.2686997194822,5,corn
1980-06-16 00:00:00+00:00,-5.75,273.3712640649104,5,corn
1980-06-23 00:00:00+00:00,0.25,280.3570409429902,5,corn
1980-06-30 00:00:00+00:00,6.5,282.2895442835712,5,corn
1980-07-08 00:00:00+00:00,2.75,284.13553123178474,5,corn
1980-07-15 00:00:00+00:00,1.25,305.5251364900536,5,corn
1980-07-22 00:00:00+00:00,21.25,319.1617118891048,5,corn
1980-08-05 00:00:00+00:00,-0.5,326.892115968628,5,corn
1980-08-12 00:00:00+00:00,8.0,339.369658564758,5,corn
1980-08-19 00:00:00+00:00,12.0,347.1863345745798,5,corn
1980-09-03 00:00:00+00:00,-7.75,352.71374403151486,5,corn
1980-09-10 00:00:00+00:00,13.25,359.924652933886,5,corn
1980-10-01 00:00:00+00:00,-3.75,353.4681025500279,5,corn
1980-10-15 00:00:00+00:00,-4.5,350.7152008550982,5,corn
1980-10-22 00:00:00+00:00,2.25,360.9937848656616,5,corn
1980-10-29 01:00:00+00:00,9.75,369.3050249883681,5,corn
1980-11-06 01:00:00+00:00,8.0,376.8938468622357,5,corn
1980-11-28 01:00:00+00:00,0.5,387.4996564300994,5,corn
1980-12-05 01:00:00+00:00,12.25,393.4788452057144,5,corn
1980-12-30 01:00:00+00:00,-19.75,372.25,5,corn
1981-01-14 01:00:00+00:00,-3.5,378.8424977756176,5,corn
1981-02-04 01:00:00+00:00,2.5,362.21996107308286,5,corn
1981-02-26 01:00:00+00:00,-1.5,363.12933808096017,5,corn
1981-03-05 01:00:00+00:00,0.75,358.68971904974484,5,corn
1981-03-12 01:00:00+00:00,4.75,349.0370993749236,5,corn
1981-04-02 01:00:00+00:00,-5.5,363.0618493266154,5,corn
1981-05-22 00:00:00+00:00,-2.25,353.9339362002629,5,corn
1981-06-01 00:00:00+00:00,10.5,346.9273171175183,5,corn
1981-06-15 00:00:00+00:00,-4.25,343.0003488347658,5,corn
1981-06-29 00:00:00+00:00,-9.5,341.75752973356487,5,corn
1981-07-07 00:00:00+00:00,9.0,341.75,5,corn
1981-07-28 00:00:00+00:00,-15.25,339.2732188285865,5,corn
1981-08-18 00:00:00+00:00,6.25,318.30089724255555,5,corn
1981-08-25 00:00:00+00:00,13.25,310.60000860497405,5,corn
1981-09-01 00:00:00+00:00,10.0,291.45120482954303,5,corn
1981-09-09 00:00:00+00:00,18.25,291.5297005096478,5,corn
1981-09-30 00:00:00+00:00,-1.0,287.52741087997845,5,corn
1981-10-07 00:00:00+00:00,8.5,287.8654486797664,5,corn
1981-10-28 01:00:00+00:00,-2.5,287.25,5,corn
1981-11-04 01:00:00+00:00,8.5,286.6594530554733,5,corn
1981-11-11 01:00:00+00:00,1.25,286.1484590388815,5,corn
1981-11-18 01:00:00+00:00,0.75,279.6071486612861,5,corn
1981-11-25 01:00:00+00:00,6.5,273.0366352610912,5,corn
1981-12-03 01:00:00+00:00,6.75,265.5091265368309,5,corn
1981-12-10 01:00:00+00:00,7.5,263.5718649429816,5,corn
1981-12-24 01:00:00+00:00,-5.0,268.55026078494285,5,corn
1982-01-25 01:00:00+00:00,-0.75,271.8276433686977,5,corn
1982-03-09 01:00:00+00:00,7.0,257.269319855831,5,corn
1982-04-06 01:00:00+00:00,3.25,273.4006303679324,5,corn
1982-04-14 01:00:00+00:00,3.75,280.0364555411062,5,corn
1982-05-12 00:00:00+00:00,-3.25,281.3457855333235,5,corn
1982-07-01 00:00:00+00:00,1.5,272.4514360741167,5,corn
1982-07-09 00:00:00+00:00,1.25,264.470270040655,5,corn
1982-07-16 00:00:00+00:00,7.75,263.17101547319817,5,corn
1982-07-30 00:00:00+00:00,-1.5,256.8395365669538,5,corn
1982-08-06 00:00:00+00:00,8.0,245.635339065539,5,corn
1982-08-13 00:00:00+00:00,11.0,241.75356744759785,5,corn
1982-08-20 00:00:00+00:00,3.75,226.37265163525765,5,corn
1982-08-27 00:00:00+00:00,14.75,224.96738986994097,5,corn
1982-09-20 00:00:00+00:00,-0.75,225.02191369505184,5,corn
1982-09-27 00:00:00+00:00,3.5,222.29432571729325,5,corn
1982-10-11 00:00:00+00:00,-4.25,216.9597069341452,5,corn
1982-10-25 00:00:00+00:00,-8.25,220.2117855194481,5,corn
1982-11-01 01:00:00+00:00,5.75,213.52416326605956,5,corn
1982-11-23 01:00:00+00:00,14.75,238.0,5,corn
1982-12-01 01:00:00+00:00,2.5,237.77371309721417,5,corn
1982-12-15 01:00:00+00:00,-6.0,240.75518683763912,5,corn
1982-12-22 01:00:00+00:00,8.5,241.75,5,corn
1982-12-30 01:00:00+00:00,1.5,241.60517717928144,5,corn
1983-01-07 01:00:00+00:00,-0.25,244.637932832006,5,corn
1983-01-14 01:00:00+00:00,3.0,247.3615743878094,5,corn
1983-01-21 01:00:00+00:00,3.0,255.7137556914293,5,corn
1983-01-28 01:00:00+00:00,8.25,257.797071518116,5,corn
1983-02-04 01:00:00+00:00,1.5,262.99357048473547,5,corn
1983-02-11 01:00:00+00:00,5.75,268.2348904824872,5,corn
1983-02-18 01:00:00+00:00,5.0,275.01572986564804,5,corn
1983-02-28 01:00:00+00:00,6.5,277.589179059702,5,corn
1983-03-14 01:00:00+00:00,-5.75,278.8374506123296,5,corn
1983-03-21 01:00:00+00:00,7.0,287.38465092299185,5,corn
1983-03-28 01:00:00+00:00,7.5,300.23947871996444,5,corn
1983-04-05 01:00:00+00:00,12.75,311.1513972522524,5,corn
1983-04-12 01:00:00+00:00,11.25,313.205281981046,5,corn
1983-04-19 01:00:00+00:00,2.0,312.8874590964777,5,corn
1983-05-03 00:00:00+00:00,-2.75,314.55915451311336,5,corn
1983-05-10 00:00:00+00:00,3.75,316.8745550078526,5,corn
1983-06-01 00:00:00+00:00,-10.25,310.59563679372565,5,corn
1983-06-15 00:00:00+00:00,-7.75,305.55751664601354,5,corn
1983-08-11 00:00:00+00:00,1.25,341.0922475063173,5,corn
1983-08-18 00:00:00+00:00,18.5,357.4483266967098,5,corn
1983-09-01 00:00:00+00:00,-8.0,355.4495281553734,5,corn
1983-09-16 00:00:00+00:00,-4.25,368.1389930134623,5,corn
1983-09-30 00:00:00+00:00,-15.5,355.3200543364707,5,corn
1983-10-07 00:00:00+00:00,2.0,355.9831455928576,5,corn
1983-10-21 00:00:00+00:00,-5.5,340.75,5,corn
1983-11-28 01:00:00+00:00,-2.5,348.4829719655319,5,corn
1983-12-05 01:00:00+00:00,10.25,344.17062399261715,5,corn
1983-12-12 01:00:00+00:00,3.5,331.75,5,corn
1983-12-19 01:00:00+00:00,12.5,337.75,5,corn
1984-01-11 01:00:00+00:00,-6.5,329.9256441113645,5,corn
1984-01-25 01:00:00+00:00,-4.5,327.90359310998707,5,corn
1984-02-08 01:00:00+00:00,-4.25,330.6848860041206,5,corn
1984-02-15 01:00:00+00:00,3.25,330.4216606171124,5,corn
1984-02-23 01:00:00+00:00,-0.25,318.05958428294343,5,corn
1984-03-22 01:00:00+00:00,9.25,349.77382651770347,5,corn
1984-03-29 01:00:00+00:00,8.75,354.135456910585,5,corn
1984-04-12 01:00:00+00:00,-2.75,359.02347142229405,5,corn
1984-04-27 01:00:00+00:00,-5.5,358.3132012051083,5,corn
1984-05-11 00:00:00+00:00,-13.0,347.2333727018377,5,corn
1984-05-18 00:00:00+00:00,1.5,343.7508610017127,5,corn
1984-05-25 00:00:00+00:00,-1.5,349.6075216953448,5,corn
1984-06-04 00:00:00+00:00,5.5,353.2133929727744,5,corn
1984-07-17 00:00:00+00:00,2.25,312.75,5,corn
1984-07-31 00:00:00+00:00,2.0,299.0005570164191,5,corn
1984-08-07 00:00:00+00:00,13.5,294.57359463664744,5,corn
1984-08-21 00:00:00+00:00,-3.5,295.3549312719365,5,corn
1984-09-05 00:00:00+00:00,3.75,299.9794575532104,5,corn
1984-09-12 00:00:00+00:00,-8.0,291.0,5,corn
1984-09-26 00:00:00+00:00,-3.5,286.1969751070485,5,corn
1984-10-03 00:00:00+00:00,4.25,280.90003879989644,5,corn
1984-10-10 00:00:00+00:00,5.5,279.48862972679024,5,corn
1984-10-31 01:00:00+00:00,1.25,277.1107364854691,5,corn
1984-11-07 01:00:00+00:00,1.5,273.7111377835041,5,corn
1984-11-21 01:00:00+00:00,-1.5,275.7996275901632,5,corn
1984-11-29 01:00:00+00:00,0.75,273.77321582817007,5,corn
1984-12-06 01:00:00+00:00,1.75,265.2549291446251,5,corn
1984-12-20 01:00:00+00:00,-10.5,266.3711116511912,5,corn
1985-01-21 01:00:00+00:00,-2.75,268.7936651657319,5,corn
1985-02-04 01:00:00+00:00,-4.5,270.0217943961034,5,corn
1985-03-05 01:00:00+00:00,2.5,262.5231971070412,5,corn
1985-03-19 01:00:00+00:00,5.5,272.52554201099576,5,corn
1985-03-26 01:00:00+00:00,4.75,275.71551677194486,5,corn
1985-04-02 01:00:00+00:00,3.5,283.0,5,corn
1985-04-10 01:00:00+00:00,1.5,282.8426378983661,5,corn
1985-04-24 01:00:00+00:00,-0.75,282.3763574630017,5,corn
1985-05-01 00:00:00+00:00,0.5,284.00561427390164,5,corn
1985-05-22 00:00:00+00:00,-5.5,277.2170812427392,5,corn
1985-06-27 00:00:00+00:00,-1.25,274.34315931025014,5,corn
1985-07-05 00:00:00+00:00,4.25,271.0,5,corn
1985-07-19 00:00:00+00:00,1.25,255.41640884018705,5,corn
1985-07-26 00:00:00+00:00,15.75,245.1347005471621,5,corn
1985-08-02 00:00:00+00:00,10.0,240.1606129440312,5,corn
1985-08-09 00:00:00+00:00,5.0,229.47060528028464,5,corn
1985-08-16 00:00:00+00:00,10.5,227.77710693071728,5,corn
1985-09-09 00:00:00+00:00,-1.0,230.3294784938113,5,corn
1985-09-16 00:00:00+00:00,3.0,214.31800956052865,5,corn
1985-09-30 00:00:00+00:00,-6.75,221.0715747692689,5,corn
1985-10-14 00:00:00+00:00,-3.25,220.92291609257816,5,corn
1985-10-28 01:00:00+00:00,-1.25,220.2303276148258,5,corn
1985-11-18 01:00:00+00:00,8.75,237.6587544282247,5,corn
1985-11-25 01:00:00+00:00,6.25,238.6921140996503,5,corn
1985-12-10 01:00:00+00:00,-1.75,245.27952039798143,5,corn
1985-12-17 01:00:00+00:00,7.75,244.17154484050792,5,corn
1985-12-24 01:00:00+00:00,0.25,249.5532934661884,5,corn
1986-01-16 01:00:00+00:00,-1.0,249.53918397588117,5,corn
1986-02-06 01:00:00+00:00,-0.75,244.1281860243107,5,corn
1986-03-07 01:00:00+00:00,-1.25,228.2445755061857,5,corn
1986-03-31 01:00:00+00:00,-4.5,230.7325441788337,5,corn
1986-04-14 01:00:00+00:00,-3.5,227.5,5,corn
1986-04-21 01:00:00+00:00,-0.25,227.2834787051281,5,corn
1986-05-19 00:00:00+00:00,-7.5,235.14826839669684,5,corn
1986-05-26 00:00:00+00:00,-2.0,237.63309759003965,5,corn
1986-06-09 00:00:00+00:00,-0.5,238.93166596226405,5,corn
1986-06-23 00:00:00+00:00,2.0,229.85128475389692,5,corn
1986-07-14 00:00:00+00:00,17.5,188.42938079872175,5,corn
1986-07-21 00:00:00+00:00,26.0,171.87133041855023,5,corn
1986-07-28 00:00:00+00:00,17.75,169.73562725363655,5,corn
1986-08-11 00:00:00+00:00,-3.75,163.02778458349547,5,corn
1986-08-25 00:00:00+00:00,-1.75,165.5987835642603,5,corn
1986-09-02 00:00:00+00:00,-0.25,155.32945501423083,5,corn
1986-09-09 00:00:00+00:00,10.25,149.9714854083244,5,corn
1986-09-23 00:00:00+00:00,-14.25,162.22796095918693,5,corn
1986-10-28 01:00:00+00:00,1.0,171.54097231230435,5,corn
1986-11-04 01:00:00+00:00,6.25,175.6123940506528,5,corn
1986-12-10 01:00:00+00:00,-2.75,166.55557346870364,5,corn
1986-12-24 01:00:00+00:00,-3.75,163.0,5,corn
1987-01-02 01:00:00+00:00,6.0,163.13730683833634,5,corn
1987-01-16 01:00:00+00:00,5.75,157.10039228687333,5,corn
1987-02-06 01:00:00+00:00,-1.0,156.98725509575942,5,corn
1987-02-13 01:00:00+00:00,2.5,154.3393257862748,5,corn
1987-02-23 01:00:00+00:00,2.25,142.3291810788864,5,corn
1987-03-30 01:00:00+00:00,0.25,161.66547629284577,5,corn
1987-04-06 00:00:00+00:00,2.25,163.65396290534432,5,corn
1987-04-21 00:00:00+00:00,-5.25,168.17199781533333,5,corn
1987-04-28 00:00:00+00:00,9.75,173.82854679419782,5,corn
1987-05-19 00:00:00+00:00,13.5,186.75,5,corn
1987-06-03 00:00:00+00:00,-5.5,192.0105154559077,5,corn
1987-06-24 00:00:00+00:00,-4.75,197.79148031943188,5,corn
1987-07-23 00:00:00+00:00,0.75,168.2848729511585,5,corn
1987-07-30 00:00:00+00:00,3.75,164.36381282947482,5,corn
1987-08-06 00:00:00+00:00,3.75,162.4502734398902,5,corn
1987-08-13 00:00:00+00:00,2.0,154.99844760844857,5,corn
1987-09-11 00:00:00+00:00,-4.75,156.84009516812608,5,corn
1987-09-25 00:00:00+00:00,17.25,181.5985656627454,5,corn
1987-10-09 00:00:00+00:00,-5.25,185.572902529312,5,corn
1987-10-23 00:00:00+00:00,-1.75,184.95758511244463,5,corn
1987-11-13 01:00:00+00:00,-1.75,180.08142302424926,5,corn
1987-11-20 01:00:00+00:00,0.75,182.35510815617383,5,corn
1987-11-30 01:00:00+00:00,2.25,187.02851779273064,5,corn
1987-12-07 01:00:00+00:00,4.5,188.86033914824557,5,corn
1987-12-14 01:00:00+00:00,1.75,192.18643609396085,5,corn
1988-01-06 01:00:00+00:00,-5.75,186.3340514382581,5,corn
1988-01-13 01:00:00+00:00,0.75,190.47455887087145,5,corn
1988-01-20 01:00:00+00:00,4.5,194.4377499182829,5,corn
1988-01-27 01:00:00+00:00,4.0,199.5374866326221,5,corn
1988-02-03 01:00:00+00:00,4.0,202.2499322504503,5,corn
1988-02-18 01:00:00+00:00,-3.0,203.108856320702,5,corn
1988-03-10 01:00:00+00:00,-2.25,201.3761359219596,5,corn
1988-03-17 01:00:00+00:00,2.25,204.63263095888945,5,corn
1988-03-31 01:00:00+00:00,1.5,207.4564346118757,5,corn
1988-04-08 00:00:00+00:00,1.25,209.63275134096085,5,corn
1988-05-13 00:00:00+00:00,1.0,210.39258905692435,5,corn
1988-05-27 00:00:00+00:00,-4.5,221.91782437284908,5,corn
1988-06-13 00:00:00+00:00,-4.75,246.08507894614272,5,corn
1988-06-20 00:00:00+00:00,28.0,260.7187184777712,5,corn
1988-06-27 00:00:00+00:00,15.0,334.3846984557203,5,corn
1988-07-05 00:00:00+00:00,65.0,357.186201902479,5,corn
1988-08-09 00:00:00+00:00,-25.5,310.55636233512325,5,corn
1988-09-07 00:00:00+00:00,-13.25,276.3103320219694,5,corn
1988-09-21 00:00:00+00:00,-23.5,301.4003332663217,5,corn
1988-09-28 00:00:00+00:00,2.0,287.6983586878184,5,corn
1988-10-19 00:00:00+00:00,7.0,296.13887692981024,5,corn
1988-10-26 00:00:00+00:00,-2.75,290.62546218836764,5,corn
1988-11-02 01:00:00+00:00,5.5,279.9984083789152,5,corn
1988-11-16 01:00:00+00:00,-6.0,280.10549280222244,5,corn
1988-11-23 01:00:00+00:00,7.25,264.2562366823354,5,corn
1988-12-01 01:00:00+00:00,15.0,263.40113198682565,5,corn
1988-12-08 01:00:00+00:00,1.0,256.8608194530911,5,corn
1989-01-09 01:00:00+00:00,-4.25,284.01479224389846,5,corn
1989-01-30 01:00:00+00:00,11.0,271.11171622311,5,corn
1989-02-21 01:00:00+00:00,-4.5,265.68423677956173,5,corn
1989-02-28 01:00:00+00:00,-1.25,269.3495515468871,5,corn
1989-03-07 01:00:00+00:00,4.5,273.345559525114,5,corn
1989-04-05 00:00:00+00:00,1.75,273.0483022235456,5,corn
1989-04-12 00:00:00+00:00,7.0,261.8754997411114,5,corn
1989-05-17 00:00:00+00:00,10.25,275.82626811845194,5,corn
1989-06-01 00:00:00+00:00,4.5,262.17629590886565,5,corn
1989-06-08 00:00:00+00:00,8.5,260.6310613256637,5,corn
1989-06-15 00:00:00+00:00,2.0,251.7619971836641,5,corn
1989-07-21 00:00:00+00:00,-2.0,252.4884785764432,5,corn
1989-07-28 00:00:00+00:00,14.25,239.2816551929664,5,corn
1989-08-04 00:00:00+00:00,12.75,230.2947486263973,5,corn
1989-08-11 00:00:00+00:00,10.5,220.246935929489,5,corn
1989-08-25 00:00:00+00:00,-14.5,233.5237063369981,5,corn
1989-09-01 00:00:00+00:00,-0.75,232.9211783353205,5,corn
1989-09-11 00:00:00+00:00,2.0,231.5357189972558,5,corn
1989-09-25 00:00:00+00:00,-5.5,228.15283362356823,5,corn
1989-10-23 00:00:00+00:00,-6.5,235.85025782518449,5,corn
1989-10-30 01:00:00+00:00,1.25,240.69672513780165,5,corn
1989-11-20 01:00:00+00:00,-2.75,237.84758284693203,5,corn
1989-12-12 01:00:00+00:00,-3.0,238.94705742032943,5,corn
1989-12-19 01:00:00+00:00,5.0,239.1439054638754,5,corn
1990-01-04 01:00:00+00:00,-1.0,239.1874004403824,5,corn
1990-01-18 01:00:00+00:00,0.75,238.1995836657082,5,corn
1990-01-25 01:00:00+00:00,0.25,241.43650641576428,5,corn
1990-02-08 01:00:00+00:00,2.75,236.94271114636317,5,corn
1990-02-23 01:00:00+00:00,1.5,242.1625943724594,5,corn
1990-03-02 01:00:00+00:00,3.75,245.65201051332664,5,corn
1990-03-09 01:00:00+00:00,3.0,244.7989995798852,5,corn
1990-03-23 01:00:00+00:00,4.75,252.98684189985028,5,corn
1990-03-30 01:00:00+00:00,3.25,258.0817963931993,5,corn
1990-04-06 00:00:00+00:00,4.75,260.3583867072936,5,corn
1990-04-16 00:00:00+00:00,2.75,270.1249405610394,5,corn
1990-04-23 00:00:00+00:00,8.0,278.0,5,corn
1990-04-30 00:00:00+00:00,3.0,277.96637342993085,5,corn
1990-05-07 00:00:00+00:00,5.75,280.760109016524,5,corn
1990-05-14 00:00:00+00:00,3.25,291.1569665293183,5,corn
1990-06-05 00:00:00+00:00,-13.75,284.494076406984,5,corn
1990-06-19 00:00:00+00:00,-6.0,292.0748449033299,5,corn
1990-07-11 00:00:00+00:00,-0.75,294.6703270246689,5,corn
1990-07-25 00:00:00+00:00,21.5,260.7984559904988,5,corn
1990-08-01 00:00:00+00:00,11.0,260.7822710901904,5,corn
1990-08-08 00:00:00+00:00,1.0,254.4525194260725,5,corn
1990-08-15 00:00:00+00:00,5.25,253.4474242879052,5,corn
1990-08-22 00:00:00+00:00,3.25,253.75,5,corn
1990-09-06 00:00:00+00:00,-6.25,249.93628724408663,5,corn
1990-09-13 00:00:00+00:00,3.75,237.6288100917261,5,corn
1990-09-20 00:00:00+00:00,12.25,226.281081704032,5,corn
1990-10-25 00:00:00+00:00,-2.0,228.5059969308444,5,corn
1990-11-23 01:00:00+00:00,-3.25,222.13004690357943,5,corn
1990-12-14 01:00:00+00:00,5.25,237.6095014593131,5,corn
1990-12-21 01:00:00+00:00,9.25,234.0,5,corn
1991-01-15 01:00:00+00:00,-2.25,232.84383398227,5,corn
1991-01-22 01:00:00+00:00,1.0,239.25,5,corn
1991-01-29 01:00:00+00:00,2.0,238.95458428930704,5,corn
1991-02-05 01:00:00+00:00,4.5,245.76046357373417,5,corn
1991-02-27 01:00:00+00:00,-5.25,238.7784274759947,5,corn
1991-03-06 01:00:00+00:00,1.0,239.85479321925,5,corn
1991-03-13 01:00:00+00:00,0.75,256.1139013718785,5,corn
1991-03-20 01:00:00+00:00,16.25,258.6303250104411,5,corn
1991-04-11 00:00:00+00:00,-0.75,256.7850486770956,5,corn
1991-04-18 00:00:00+00:00,6.0,256.73555162554715,5,corn
1991-05-16 00:00:00+00:00,-10.5,249.63746271860785,5,corn
1991-06-07 00:00:00+00:00,-4.5,245.94627108628987,5,corn
1991-06-14 00:00:00+00:00,5.25,241.75,5,corn
1991-06-28 00:00:00+00:00,4.0,234.53706174987232,5,corn
1991-07-08 00:00:00+00:00,7.0,225.25012414862223,5,corn
1991-07-15 00:00:00+00:00,9.75,228.0,5,corn
1991-07-29 00:00:00+00:00,-8.5,238.1806981453648,5,corn
1991-08-05 00:00:00+00:00,8.75,252.25,5,corn
1991-08-19 00:00:00+00:00,-4.5,251.2917785460799,5,corn
1991-09-17 00:00:00+00:00,-5.5,250.22615776644733,5,corn
1991-09-24 00:00:00+00:00,0.75,254.7030740283318,5,corn
1991-10-08 00:00:00+00:00,-6.5,254.65017055972208,5,corn
1991-10-22 00:00:00+00:00,5.25,246.68784240069988,5,corn
1991-11-19 01:00:00+00:00,4.0,243.89161615521311,5,corn
1991-11-26 01:00:00+00:00,6.0,239.83583266509453,5,corn
1991-12-18 01:00:00+00:00,0.5,247.55218838746444,5,corn
1992-01-24 01:00:00+00:00,4.0,259.9859309260895,5,corn
1992-01-31 01:00:00+00:00,6.75,264.3122934640301,5,corn
1992-02-14 01:00:00+00:00,0.5,265.2042165090081,5,corn
1992-03-02 01:00:00+00:00,-2.25,263.37491223735765,5,corn
1992-03-09 01:00:00+00:00,1.0,266.6679040756356,5,corn
1992-03-16 01:00:00+00:00,3.5,277.57870271292813,5,corn
1992-03-30 01:00:00+00:00,-9.5,271.0870579801022,5,corn
1992-04-23 00:00:00+00:00,4.5,252.0,5,corn
1992-04-30 00:00:00+00:00,8.75,252.77462562097492,5,corn
1992-05-07 00:00:00+00:00,1.25,244.52336282973567,5,corn
1992-05-21 00:00:00+00:00,-19.25,263.3561612749385,5,corn
1992-06-12 00:00:00+00:00,-7.25,258.62853937163453,5,corn
1992-06-26 00:00:00+00:00,-0.5,252.36713601161625,5,corn
1992-07-13 00:00:00+00:00,-2.75,244.71062750801315,5,corn
1992-07-20 00:00:00+00:00,10.5,238.6418333691973,5,corn
1992-07-27 00:00:00+00:00,5.75,227.73508345016265,5,corn
1992-08-03 00:00:00+00:00,11.25,222.13913814788967,5,corn
1992-08-10 00:00:00+00:00,4.25,219.8759773119184,5,corn
1992-08-17 00:00:00+00:00,2.75,213.80934719507007,5,corn
1992-09-08 00:00:00+00:00,-1.5,226.0,5,corn
1992-09-22 00:00:00+00:00,-7.25,220.7657992648832,5,corn
1992-09-29 00:00:00+00:00,5.0,214.4146224980163,5,corn
1992-10-13 00:00:00+00:00,-1.0,210.37229083810115,5,corn
1992-10-20 00:00:00+00:00,4.75,210.08683122304976,5,corn
1992-11-17 01:00:00+00:00,-5.5,215.75,5,corn
1992-12-09 01:00:00+00:00,-0.75,210.35243874342757,5,corn
1992-12-23 01:00:00+00:00,8.75,221.2806444344161,5,corn
1993-01-15 01:00:00+00:00,-3.25,218.32611198308427,5,corn
1993-01-29 01:00:00+00:00,-1.5,218.4015132723941,5,corn
1993-02-12 01:00:00+00:00,4.0,211.23128860308165,5,corn
1993-03-29 01:00:00+00:00,-0.75,224.9366140505319,5,corn
1993-04-05 00:00:00+00:00,4.5,230.10887079220456,5,corn
1993-04-20 00:00:00+00:00,-0.5,233.02284596696052,5,corn
1993-05-11 00:00:00+00:00,-8.25,227.86725004217732,5,corn
1993-05-18 00:00:00+00:00,4.75,228.6952020401591,5,corn
1993-05-25 00:00:00+00:00,1.25,229.6281305983587,5,corn
1993-07-15 00:00:00+00:00,3.0,242.6232468550648,5,corn
1993-07-29 00:00:00+00:00,-7.5,242.29852561324492,5,corn
1993-08-12 00:00:00+00:00,-3.5,239.1174079927789,5,corn
1993-08-26 00:00:00+00:00,-1.5,238.1179374123058,5,corn
1993-09-17 00:00:00+00:00,-6.0,235.35719375149867,5,corn
1993-09-24 00:00:00+00:00,8.0,243.95159834199364,5,corn
1993-10-01 00:00:00+00:00,8.75,248.9979421484288,5,corn
1993-10-15 00:00:00+00:00,6.0,241.84226008394185,5,corn
1993-10-22 00:00:00+00:00,-1.0,248.5270448366112,5,corn
1993-10-29 00:00:00+00:00,7.0,252.9554405675336,5,corn
1993-11-05 01:00:00+00:00,4.75,256.96771015482125,5,corn
1993-11-12 01:00:00+00:00,4.25,263.9978406356762,5,corn
1993-11-19 01:00:00+00:00,6.0,277.2597515928409,5,corn
1993-11-29 01:00:00+00:00,14.0,283.11315437190933,5,corn
1993-12-06 01:00:00+00:00,4.0,282.3675651192116,5,corn
1993-12-13 01:00:00+00:00,0.5,291.25,5,corn
1993-12-28 01:00:00+00:00,-0.25,299.6359819949903,5,corn
1994-01-05 01:00:00+00:00,7.0,305.5,5,corn
1994-01-12 01:00:00+00:00,4.5,1614.4801897149125,5,corn
1994-02-02 01:00:00+00:00,-9.25,299.4038251947518,5,corn
1994-02-16 01:00:00+00:00,-7.25,295.7821072065244,5,corn
1994-03-03 01:00:00+00:00,1.25,286.92972485625484,5,corn
1994-03-10 01:00:00+00:00,7.5,279.2599740594094,5,corn
1994-03-31 01:00:00+00:00,-4.25,285.29504236929324,5,corn
1994-04-08 00:00:00+00:00,0.5,275.2508892528772,5,corn
1994-04-22 00:00:00+00:00,0.75,265.394584521086,5,corn
1994-05-02 00:00:00+00:00,9.0,258.98167726047785,5,corn
1994-05-16 00:00:00+00:00,-10.25,256.922171208792,5,corn
1994-06-14 00:00:00+00:00,-3.5,268.6193045957652,5,corn
1994-07-06 00:00:00+00:00,10.0,259.1359650497415,5,corn
1994-07-13 00:00:00+00:00,7.25,229.75856341541115,5,corn
1994-07-27 00:00:00+00:00,3.0,217.25,5,corn
1994-08-10 00:00:00+00:00,1.0,214.0453452810833,5,corn
1994-09-08 00:00:00+00:00,-2.75,220.8235436864269,5,corn
1994-09-22 00:00:00+00:00,-5.0,218.48427651985685,5,corn
1994-09-29 00:00:00+00:00,7.5,217.1494050152964,5,corn
1994-10-06 00:00:00+00:00,1.0,215.2939322028812,5,corn
1994-10-13 00:00:00+00:00,-2.5,215.4908673338348,5,corn
1994-10-20 00:00:00+00:00,-1.0,215.47373610268247,5,corn
1994-10-27 00:00:00+00:00,-0.25,218.12652937070757,5,corn
1994-11-10 01:00:00+00:00,-0.5,219.75,5,corn
1994-11-25 01:00:00+00:00,-4.5,217.7753527583129,5,corn
1994-12-02 01:00:00+00:00,2.0,211.9903586431002,5,corn
1994-12-16 01:00:00+00:00,3.25,230.2810848203051,5,corn
1995-01-03 01:00:00+00:00,-1.0,230.8836882555953,5,corn
1995-01-17 01:00:00+00:00,-2.75,231.83708776286372,5,corn
1995-01-24 01:00:00+00:00,3.75,235.03711541251627,5,corn
1995-02-14 01:00:00+00:00,-3.75,233.4371744382207,5,corn
1995-02-22 01:00:00+00:00,4.25,234.41340514230333,5,corn
1995-03-08 01:00:00+00:00,-2.25,234.84878840423784,5,corn
1995-03-15 01:00:00+00:00,2.75,248.5,5,corn
1995-03-22 01:00:00+00:00,9.25,248.57610952357135,5,corn
1995-04-05 00:00:00+00:00,-2.75,248.7848810651072,5,corn
1995-04-12 00:00:00+00:00,3.0,250.84790521445876,5,corn
1995-05-04 00:00:00+00:00,-4.25,248.65366274550533,5,corn
1995-05-11 00:00:00+00:00,2.75,251.5816343446,5,corn
1995-05-18 00:00:00+00:00,3.25,257.87709044171385,5,corn
1995-05-25 00:00:00+00:00,6.0,261.7105553201052,5,corn
1995-06-02 00:00:00+00:00,3.25,267.53087766332703,5,corn
1995-06-09 00:00:00+00:00,5.75,272.6534414248511,5,corn
1995-06-23 00:00:00+00:00,-2.75,277.2336517862251,5,corn
1995-06-30 00:00:00+00:00,7.75,279.4200601077406,5,corn
1995-07-17 00:00:00+00:00,-7.0,281.97451472832284,5,corn
1995-07-24 00:00:00+00:00,9.5,293.6826818988942,5,corn
1995-08-21 00:00:00+00:00,-8.5,282.2844870087574,5,corn
1995-08-28 00:00:00+00:00,8.0,286.2081935507662,5,corn
1995-09-05 00:00:00+00:00,4.75,293.25,5,corn
1995-09-12 00:00:00+00:00,5.75,294.09711531605336,5,corn
1995-09-19 00:00:00+00:00,1.5,299.5599778403334,5,corn
1995-09-26 00:00:00+00:00,5.25,310.815926269577,5,corn
1995-10-10 00:00:00+00:00,-4.5,310.87933234663075,5,corn
1995-10-17 00:00:00+00:00,4.25,325.0,5,corn
1995-10-24 00:00:00+00:00,7.25,325.62280958933906,5,corn
1995-10-31 01:00:00+00:00,7.25,330.9956137099762,5,corn
1995-11-07 01:00:00+00:00,4.5,332.29212046730623,5,corn
1995-11-29 01:00:00+00:00,-10.0,325.52251458204387,5,corn
1995-12-06 01:00:00+00:00,1.75,328.87081886756977,5,corn
1995-12-13 01:00:00+00:00,5.25,340.4052708923754,5,corn
1995-12-20 01:00:00+00:00,13.5,350.1660255956398,5,corn
1995-12-28 01:00:00+00:00,5.75,356.31902215869604,5,corn
1996-01-05 01:00:00+00:00,6.5,365.4678095743077,5,corn
1996-01-12 01:00:00+00:00,9.25,367.8875940867245,5,corn
1996-02-09 01:00:00+00:00,-3.25,367.76734935069913,5,corn
1996-02-26 01:00:00+00:00,-3.75,381.2014735919664,5,corn
1996-03-04 01:00:00+00:00,17.0,384.7891464730485,5,corn
1996-03-11 01:00:00+00:00,5.0,390.7374783490734,5,corn
1996-03-18 01:00:00+00:00,4.25,391.1903161322597,5,corn
1996-04-01 01:00:00+00:00,-3.75,393.9108687071288,5,corn
1996-04-09 00:00:00+00:00,7.75,415.8060547912922,5,corn
1996-04-16 00:00:00+00:00,23.0,435.6561688617293,5,corn
1996-04-23 00:00:00+00:00,18.5,446.5917821236348,5,corn
1996-04-30 00:00:00+00:00,9.5,479.5094733959786,5,corn
1996-05-21 00:00:00+00:00,0.25,488.893197159957,5,corn
1996-05-29 00:00:00+00:00,24.5,500.8645583598935,5,corn
1996-06-19 00:00:00+00:00,-31.5,478.7517110995676,5,corn
1996-07-03 00:00:00+00:00,-4.0,478.52498685493686,5,corn
1996-07-11 00:00:00+00:00,3.75,527.9676694730064,5,corn
1996-07-25 00:00:00+00:00,108.25,351.0,5,corn
1996-08-01 00:00:00+00:00,48.75,352.7857117072812,5,corn
1996-08-15 00:00:00+00:00,-9.5,357.5351308182133,5,corn
1996-08-29 00:00:00+00:00,-22.5,367.9447135304439,5,corn
1996-09-13 00:00:00+00:00,-3.0,332.37370590438564,5,corn
1996-09-20 00:00:00+00:00,38.0,323.10245954841344,5,corn
1996-09-27 00:00:00+00:00,11.0,312.6628418268666,5,corn
1996-10-04 00:00:00+00:00,7.25,303.66767883095787,5,corn
1996-10-11 00:00:00+00:00,11.0,289.6709028941167,5,corn
1996-10-18 00:00:00+00:00,13.75,283.7789605867677,5,corn
1996-10-25 00:00:00+00:00,5.75,279.8400337726803,5,corn
1996-11-01 01:00:00+00:00,3.5,273.80170261116194,5,corn
1996-11-08 01:00:00+00:00,5.0,262.332027355578,5,corn
1996-12-09 01:00:00+00:00,-3.0,266.269774018095,5,corn
1996-12-16 01:00:00+00:00,6.0,263.08094522018024,5,corn
1996-12-23 01:00:00+00:00,2.0,263.1518742599054,5,corn
1997-01-08 01:00:00+00:00,-3.0,257.845227723294,5,corn
1997-02-05 01:00:00+00:00,-3.25,274.4368836703937,5,corn
1997-02-27 01:00:00+00:00,1.25,286.4917490581133,5,corn
1997-03-06 01:00:00+00:00,13.25,295.6792467486428,5,corn
1997-03-13 01:00:00+00:00,9.0,303.5903736681726,5,corn
1997-03-27 01:00:00+00:00,-6.25,304.3990266838356,5,corn
1997-04-04 01:00:00+00:00,6.5,307.9241532341987,5,corn
1997-04-18 00:00:00+00:00,-14.0,298.46475986490475,5,corn
1997-04-25 00:00:00+00:00,5.25,299.9544938941786,5,corn
1997-05-23 00:00:00+00:00,6.75,283.89972321225355,5,corn
1997-06-02 00:00:00+00:00,3.5,269.7357167001097,5,corn
1997-06-16 00:00:00+00:00,-3.5,273.95367599656873,5,corn
1997-06-30 00:00:00+00:00,5.5,248.0,5,corn
1997-07-08 00:00:00+00:00,8.0,245.47662358515905,5,corn
1997-07-15 00:00:00+00:00,12.5,229.3840510943572,5,corn
1997-07-29 00:00:00+00:00,-26.25,247.24401896413707,5,corn
1997-08-12 00:00:00+00:00,-10.5,255.4164488323796,5,corn
1997-09-03 00:00:00+00:00,-1.75,265.2490660116081,5,corn
1997-10-15 00:00:00+00:00,-4.75,282.8021195538393,5,corn
1997-10-22 00:00:00+00:00,26.5,289.9524496069398,5,corn
1997-10-29 01:00:00+00:00,7.25,293.21132354825227,5,corn
1997-11-26 01:00:00+00:00,-4.25,274.3277682031677,5,corn
1997-12-04 01:00:00+00:00,0.5,272.0654596206831,5,corn
1997-12-18 01:00:00+00:00,-5.0,277.301923575715,5,corn
1998-01-12 01:00:00+00:00,-2.0,266.4711257299253,5,corn
1998-01-20 01:00:00+00:00,3.5,258.06347914514606,5,corn
1998-02-25 01:00:00+00:00,1.25,266.73628836440656,5,corn
1998-03-04 01:00:00+00:00,6.0,263.0124959019995,5,corn
1998-03-18 01:00:00+00:00,2.25,282.3124136636161,5,corn
1998-04-08 00:00:00+00:00,7.25,254.7317006442024,5,corn
1998-04-16 00:00:00+00:00,10.5,247.3586783896003,5,corn
1998-04-30 00:00:00+00:00,-2.75,247.8824369015104,5,corn
1998-05-07 00:00:00+00:00,2.0,243.30181207433225,5,corn
1998-05-21 00:00:00+00:00,-16.5,247.79503211984056,5,corn
1998-05-29 00:00:00+00:00,12.25,245.51950539648035,5,corn
1998-06-05 00:00:00+00:00,1.5,238.87354278890905,5,corn
1998-06-19 00:00:00+00:00,1.5,236.2489471993433,5,corn
1998-07-13 00:00:00+00:00,3.0,234.2457144771872,5,corn
1998-07-27 00:00:00+00:00,-5.25,232.9520148598557,5,corn
1998-08-03 00:00:00+00:00,7.25,223.1715917432728,5,corn
1998-08-10 00:00:00+00:00,9.5,214.9705981869109,5,corn
1998-08-24 00:00:00+00:00,-1.0,209.28473856065676,5,corn
1998-08-31 00:00:00+00:00,6.0,206.48244040488527,5,corn
1998-09-08 00:00:00+00:00,2.75,186.68585237310575,5,corn
1998-09-22 00:00:00+00:00,-25.75,210.62059105891825,5,corn
1998-09-29 00:00:00+00:00,2.75,206.5530967655813,5,corn
1998-10-13 00:00:00+00:00,-5.25,209.4385463228029,5,corn
1998-11-03 01:00:00+00:00,-9.0,218.0449656241964,5,corn
1998-11-17 01:00:00+00:00,-2.25,221.62680321362345,5,corn
1998-12-09 01:00:00+00:00,-2.25,216.93374539013843,5,corn
1998-12-16 01:00:00+00:00,0.75,222.0458994509713,5,corn
1998-12-23 01:00:00+00:00,4.5,222.45400626188575,5,corn
1999-01-08 01:00:00+00:00,4.0,213.16898562670423,5,corn
1999-02-23 01:00:00+00:00,-2.0,213.67538473200543,5,corn
1999-03-09 01:00:00+00:00,-0.5,210.16715075864204,5,corn
1999-03-23 01:00:00+00:00,11.0,222.59437557952447,5,corn
1999-03-30 01:00:00+00:00,2.25,227.76540925055497,5,corn
1999-04-07 00:00:00+00:00,5.0,232.2474823800739,5,corn
1999-04-21 00:00:00+00:00,-14.5,216.8226253828152,5,corn
1999-04-28 00:00:00+00:00,-0.25,222.48522587034105,5,corn
1999-06-03 00:00:00+00:00,3.5,213.2517335079279,5,corn
1999-06-17 00:00:00+00:00,-8.5,219.5458749092397,5,corn
1999-06-24 00:00:00+00:00,3.0,216.1472076152224,5,corn
1999-07-09 00:00:00+00:00,2.5,202.69817039238583,5,corn
1999-07-16 00:00:00+00:00,11.25,187.1961918728665,5,corn
1999-08-06 00:00:00+00:00,-22.75,202.75108798064053,5,corn
1999-09-03 00:00:00+00:00,-2.75,202.36310439929656,5,corn
1999-09-20 00:00:00+00:00,7.0,216.1561601914489,5,corn
1999-10-04 00:00:00+00:00,-5.75,211.8131327871608,5,corn
1999-10-18 00:00:00+00:00,7.5,198.95164685807129,5,corn
1999-11-01 01:00:00+00:00,-3.5,201.43121074116948,5,corn
1999-11-08 01:00:00+00:00,0.25,197.61717233667648,5,corn
1999-11-22 01:00:00+00:00,-3.5,196.384680429215,5,corn
1999-11-30 01:00:00+00:00,5.75,193.8617814051416,5,corn
1999-12-07 01:00:00+00:00,2.0,187.4625026236958,5,corn
1999-12-21 01:00:00+00:00,-15.5,198.8824446164647,5,corn
2000-01-06 01:00:00+00:00,3.0,202.6725465736617,5,corn
2000-01-13 01:00:00+00:00,1.25,203.5111158493891,5,corn
2000-01-21 01:00:00+00:00,0.5,219.5882439604069,5,corn
2000-01-28 01:00:00+00:00,16.75,221.42491964406975,5,corn
2000-02-04 01:00:00+00:00,2.0,222.5521909464376,5,corn
2000-02-18 01:00:00+00:00,-3.5,220.74404024520533,5,corn
2000-03-13 01:00:00+00:00,-8.25,228.8796224156285,5,corn
2000-03-20 01:00:00+00:00,16.5,229.13595452711672,5,corn
2000-03-27 01:00:00+00:00,2.0,237.53091045493971,5,corn
2000-04-10 00:00:00+00:00,-3.25,234.53775961997204,5,corn
2000-05-02 00:00:00+00:00,-3.25,246.0,5,corn
2000-05-09 00:00:00+00:00,6.75,245.40310500046112,5,corn
2000-05-31 00:00:00+00:00,-3.25,238.3271078697564,5,corn
2000-06-07 00:00:00+00:00,-3.0,225.18075409701055,5,corn
2000-06-14 00:00:00+00:00,13.0,221.03230134112945,5,corn
2000-06-21 00:00:00+00:00,5.75,202.4774467471682,5,corn
2000-07-06 00:00:00+00:00,-0.25,193.25878908844132,5,corn
2000-07-13 00:00:00+00:00,10.75,187.2894905166286,5,corn
2000-07-20 00:00:00+00:00,4.25,186.02020999859863,5,corn
2000-07-27 00:00:00+00:00,2.5,186.42433595670144,5,corn
2000-08-10 00:00:00+00:00,5.0,179.541056856264,5,corn
2000-08-17 00:00:00+00:00,1.0,178.02485141004078,5,corn
2000-08-31 00:00:00+00:00,-1.25,175.80280132560347,5,corn
2000-09-27 00:00:00+00:00,0.5,182.73493814707453,5,corn
2000-10-11 00:00:00+00:00,7.0,199.75,5,corn
2000-10-18 00:00:00+00:00,9.0,199.14959638908832,5,corn
2000-10-27 00:00:00+00:00,0.25,202.89871447429692,5,corn
2000-11-13 01:00:00+00:00,-5.75,214.3497156699222,5,corn
2000-11-28 01:00:00+00:00,-1.5,213.14651791033583,5,corn
2000-12-29 01:00:00+00:00,-2.5,230.0,5,corn
2001-01-08 01:00:00+00:00,5.75,230.3412106856282,5,corn
2001-02-14 01:00:00+00:00,-7.75,211.9085518343963,5,corn
2001-04-25 00:00:00+00:00,-1.75,209.773024029897,5,corn
2001-05-16 00:00:00+00:00,-12.75,205.48950506442335,5,corn
2001-05-23 00:00:00+00:00,2.0,192.5,5,corn
2001-05-31 00:00:00+00:00,4.0,192.49063713112815,5,corn
2001-06-07 00:00:00+00:00,8.75,189.91616069756157,5,corn
2001-06-22 00:00:00+00:00,-17.25,201.3153435074948,5,corn
2001-06-29 00:00:00+00:00,5.5,196.9402511182934,5,corn
2001-07-09 00:00:00+00:00,5.0,197.12301514497145,5,corn
2001-07-23 00:00:00+00:00,8.25,218.28726738555488,5,corn
2001-08-06 00:00:00+00:00,-11.75,219.73231361839896,5,corn
2001-08-20 00:00:00+00:00,-7.5,222.24297284254692,5,corn
2001-09-05 00:00:00+00:00,-9.75,213.42327566365097,5,corn
2001-09-13 00:00:00+00:00,2.0,226.00515323503424,5,corn
2001-10-09 00:00:00+00:00,14.5,206.94087009148453,5,corn
2001-10-24 00:00:00+00:00,-5.25,200.9792350996407,5,corn
2001-11-01 01:00:00+00:00,9.25,199.39695155048636,5,corn
2001-11-15 01:00:00+00:00,-5.75,202.5103886054457,5,corn
2001-12-07 01:00:00+00:00,-2.0,204.11108258703769,5,corn
2002-01-16 01:00:00+00:00,6.5,210.4334291829937,5,corn
2002-01-24 01:00:00+00:00,0.75,212.3681003177903,5,corn
2002-02-14 01:00:00+00:00,2.5,204.46844409503535,5,corn
2002-03-01 01:00:00+00:00,-5.0,206.25676860843396,5,corn
2002-03-08 01:00:00+00:00,1.75,206.88478844789816,5,corn
2002-03-15 01:00:00+00:00,-0.75,206.69005085651503,5,corn
2002-04-01 01:00:00+00:00,0.5,205.66878249477256,5,corn
2002-04-08 00:00:00+00:00,0.75,203.1034710947144,5,corn
2002-04-15 00:00:00+00:00,3.75,201.24796403966965,5,corn
2002-04-22 00:00:00+00:00,1.75,196.27978802768536,5,corn
2002-05-06 00:00:00+00:00,-2.75,192.1858122823115,5,corn
2002-06-11 00:00:00+00:00,-4.0,211.13743491087197,5,corn
2002-06-25 00:00:00+00:00,-6.25,207.5270817123293,5,corn
2002-07-02 00:00:00+00:00,2.5,218.3947885414296,5,corn
2002-07-10 00:00:00+00:00,13.0,234.3460907615125,5,corn
2002-07-24 00:00:00+00:00,-6.75,231.08682839225952,5,corn
2002-07-31 00:00:00+00:00,2.75,248.77865965239076,5,corn
2002-08-14 00:00:00+00:00,-2.0,249.2126456287616,5,corn
2002-08-21 00:00:00+00:00,1.75,272.76376850576185,5,corn
2002-09-12 00:00:00+00:00,-1.75,283.25,5,corn
2002-11-07 01:00:00+00:00,5.25,247.99005105889336,5,corn
2002-11-14 01:00:00+00:00,2.75,240.768043238091,5,corn
2002-12-06 01:00:00+00:00,-2.5,235.3872333329033,5,corn
2003-01-07 01:00:00+00:00,-4.0,235.9925984365113,5,corn
2003-01-22 01:00:00+00:00,-4.25,231.47024807700856,5,corn
2003-03-06 01:00:00+00:00,3.75,230.46494472284203,5,corn
2003-03-20 01:00:00+00:00,-10.0,235.64457947289884,5,corn
2003-03-27 01:00:00+00:00,4.75,233.85422653060107,5,corn
2003-04-03 01:00:00+00:00,1.75,228.913422794044,5,corn
2003-04-17 00:00:00+00:00,10.0,239.0563310768891,5,corn
2003-05-02 00:00:00+00:00,-2.0,234.90849585224257,5,corn
2003-05-09 00:00:00+00:00,6.0,232.70452516355147,5,corn
2003-05-16 00:00:00+00:00,-2.25,251.85944255458477,5,corn
2003-05-23 00:00:00+00:00,19.5,254.24617000560104,5,corn
2003-06-23 00:00:00+00:00,-5.25,239.8251335085449,5,corn
2003-07-08 00:00:00+00:00,1.0,223.20887811175228,5,corn
2003-07-15 00:00:00+00:00,15.75,223.08277854424264,5,corn
2003-07-22 00:00:00+00:00,0.5,208.2835782076104,5,corn
2003-07-29 00:00:00+00:00,14.75,208.16988904414453,5,corn
2003-08-12 00:00:00+00:00,-1.5,209.14388922184347,5,corn
2003-10-01 00:00:00+00:00,-18.5,223.8730558105647,5,corn
2003-10-15 00:00:00+00:00,-4.0,221.26740770855156,5,corn
2003-10-29 01:00:00+00:00,-5.0,219.7078802738605,5,corn
2003-11-05 01:00:00+00:00,3.75,247.54224893877955,5,corn
2003-11-19 01:00:00+00:00,-11.5,240.2975306319392,5,corn
2003-11-26 01:00:00+00:00,-3.5,230.9317251783747,5,corn
2003-12-04 01:00:00+00:00,-9.0,242.5274059268221,5,corn
2003-12-11 01:00:00+00:00,11.25,249.15835750042635,5,corn
2003-12-18 01:00:00+00:00,6.5,250.77392022679263,5,corn
2004-01-12 01:00:00+00:00,-9.75,252.3751146964734,5,corn
2004-01-20 01:00:00+00:00,13.25,264.21911012877433,5,corn
2004-01-27 01:00:00+00:00,12.5,275.1402148994228,5,corn
2004-02-18 01:00:00+00:00,-3.25,279.96629852742905,5,corn
2004-03-03 01:00:00+00:00,-0.25,292.5727326753489,5,corn
2004-03-10 01:00:00+00:00,12.0,298.7785546376054,5,corn
2004-03-17 01:00:00+00:00,6.0,299.6449899914269,5,corn
2004-03-24 01:00:00+00:00,0.5,308.31653592832936,5,corn
2004-04-07 00:00:00+00:00,1.25,320.2879784908596,5,corn
2004-04-15 00:00:00+00:00,10.5,329.8975763665396,5,corn
2004-05-06 00:00:00+00:00,-3.5,314.77052695347953,5,corn
2004-05-27 00:00:00+00:00,15.0,293.34568997171607,5,corn
2004-06-18 00:00:00+00:00,-9.5,286.3622757852129,5,corn
2004-06-25 00:00:00+00:00,22.5,274.4975918811788,5,corn
2004-07-12 00:00:00+00:00,-1.75,260.98883631544686,5,corn
2004-07-19 00:00:00+00:00,17.0,247.52541263265624,5,corn
2004-07-26 00:00:00+00:00,11.25,238.0501890943994,5,corn
2004-08-02 00:00:00+00:00,11.0,223.70091145059968,5,corn
2004-08-09 00:00:00+00:00,13.75,227.0,5,corn
2004-08-23 00:00:00+00:00,-8.75,222.54950804136905,5,corn
2004-09-07 00:00:00+00:00,-12.0,224.2793229922512,5,corn
2004-09-21 00:00:00+00:00,-2.0,218.04391278681777,5,corn
2004-09-28 00:00:00+00:00,8.5,212.60693205932864,5,corn
2004-10-05 00:00:00+00:00,5.25,208.5409022321524,5,corn
2004-10-12 00:00:00+00:00,4.25,204.02955662067217,5,corn
2004-10-19 00:00:00+00:00,4.0,202.44365968445285,5,corn
2004-11-09 01:00:00+00:00,0.25,199.20250110326648,5,corn
2004-11-16 01:00:00+00:00,7.0,197.9649913571512,5,corn
2004-12-01 01:00:00+00:00,-5.0,198.12706727868803,5,corn
2005-01-28 01:00:00+00:00,8.75,196.66065936352803,5,corn
2005-02-04 01:00:00+00:00,3.0,196.0522396926819,5,corn
2005-02-11 01:00:00+00:00,1.25,194.52384826724176,5,corn
2005-03-07 01:00:00+00:00,1.75,222.2099187396435,5,corn
2005-03-21 01:00:00+00:00,-9.5,220.8901622559492,5,corn
2005-04-19 00:00:00+00:00,-7.5,206.45458565929093,5,corn
2005-04-26 00:00:00+00:00,1.25,209.09332657631063,5,corn
2005-05-03 00:00:00+00:00,2.75,212.9264658563121,5,corn
2005-05-24 00:00:00+00:00,-3.25,207.0188010211454,5,corn
2005-06-22 00:00:00+00:00,-8.5,223.60055409251632,5,corn
2005-06-29 00:00:00+00:00,8.25,229.14245964203613,5,corn
2005-07-14 00:00:00+00:00,-13.0,242.0114429347753,5,corn
2005-07-21 00:00:00+00:00,25.25,250.30333672087207,5,corn
2005-08-04 00:00:00+00:00,-16.5,238.9037873326364,5,corn
2005-09-01 00:00:00+00:00,13.75,205.5246317507098,5,corn
2005-09-16 00:00:00+00:00,-16.0,215.8792278110387,5,corn
2005-09-23 00:00:00+00:00,6.25,207.2994235373897,5,corn
2005-10-07 00:00:00+00:00,-1.0,205.65234082533647,5,corn
2005-10-14 00:00:00+00:00,1.75,202.79585480780293,5,corn
2005-10-28 00:00:00+00:00,-1.0,201.0075414713188,5,corn
2005-11-04 01:00:00+00:00,2.0,197.10424808438304,5,corn
2005-11-11 01:00:00+00:00,4.5,196.8360742549871,5,corn
2005-11-18 01:00:00+00:00,1.5,195.7158588135488,5,corn
2005-12-02 01:00:00+00:00,4.25,189.8380515400234,5,corn
2005-12-16 01:00:00+00:00,13.5,203.49445569456896,5,corn
2006-01-03 01:00:00+00:00,3.75,214.3451509893603,5,corn
2006-01-10 01:00:00+00:00,6.5,219.82332910670317,5,corn
2006-02-01 01:00:00+00:00,-7.5,216.3111712677559,5,corn
2006-02-23 01:00:00+00:00,4.75,222.22803620833452,5,corn
2006-03-02 01:00:00+00:00,0.75,223.21234481564005,5,corn
2006-03-09 01:00:00+00:00,1.0,240.43176866105412,5,corn
2006-04-06 00:00:00+00:00,-5.25,228.49399273026884,5,corn
2006-04-13 00:00:00+00:00,8.5,241.05350566995156,5,corn
2006-04-28 00:00:00+00:00,-5.25,236.97027017107447,5,corn
2006-05-05 00:00:00+00:00,0.25,240.5,5,corn
2006-05-19 00:00:00+00:00,-8.5,258.6397360434081,5,corn
2006-06-05 00:00:00+00:00,-5.5,254.1508379637789,5,corn
2006-07-03 00:00:00+00:00,17.75,224.06336539008484,5,corn
2006-07-18 00:00:00+00:00,30.5,263.567473969016,5,corn
2006-08-15 00:00:00+00:00,-1.0,235.9075669227205,5,corn
2006-08-22 00:00:00+00:00,4.75,221.84820214723368,5,corn
2006-08-29 00:00:00+00:00,13.75,219.2489077127057,5,corn
2006-10-11 00:00:00+00:00,4.75,271.8607841248211,5,corn
2006-10-18 00:00:00+00:00,20.5,283.9807857279493,5,corn
2006-10-25 00:00:00+00:00,9.75,313.6795684382301,5,corn
2006-11-01 01:00:00+00:00,31.5,327.8181950577821,5,corn
2006-11-08 01:00:00+00:00,11.5,357.75,5,corn
2006-11-15 01:00:00+00:00,6.5,358.7723442865875,5,corn
2006-11-29 01:00:00+00:00,0.5,363.8331217505764,5,corn
2006-12-06 01:00:00+00:00,4.5,369.63490458776977,5,corn
2006-12-20 01:00:00+00:00,-4.25,369.4733322741528,5,corn
2006-12-28 01:00:00+00:00,2.25,373.3236397780058,5,corn
2007-01-08 01:00:00+00:00,4.5,389.78326207941006,5,corn
2007-01-23 01:00:00+00:00,-25.0,404.87840075543534,5,corn
2007-01-30 01:00:00+00:00,39.5,410.460249514027,5,corn
2007-02-21 01:00:00+00:00,-8.25,411.97884428322425,5,corn
2007-02-28 01:00:00+00:00,14.5,428.2004914567421,5,corn
2007-03-07 01:00:00+00:00,15.25,437.8769011608702,5,corn
2007-03-28 00:00:00+00:00,-19.75,410.498944074082,5,corn
2007-04-12 00:00:00+00:00,21.25,359.92435242141534,5,corn
2007-04-19 00:00:00+00:00,29.25,358.71132553077666,5,corn
2007-05-03 00:00:00+00:00,-12.5,365.89582107186953,5,corn
2007-05-17 00:00:00+00:00,-24.5,355.3673479062336,5,corn
2007-06-15 00:00:00+00:00,-10.25,384.7394019391364,5,corn
2007-06-22 00:00:00+00:00,-4.75,421.8052792322908,5,corn
2007-07-06 00:00:00+00:00,51.5,338.73257629498784,5,corn
2007-07-27 00:00:00+00:00,-13.25,321.0,5,corn
2007-08-24 00:00:00+00:00,-6.5,328.93670648794154,5,corn
2007-09-10 00:00:00+00:00,-13.0,340.2516386801019,5,corn
2007-09-24 00:00:00+00:00,6.0,351.574915508776,5,corn
2007-10-01 00:00:00+00:00,6.25,374.6406466385575,5,corn
2007-10-22 00:00:00+00:00,-29.0,361.8119774170546,5,corn
2007-10-29 00:00:00+00:00,22.25,364.8450631663304,5,corn
2007-11-05 01:00:00+00:00,2.5,375.72476274387054,5,corn
2007-11-19 01:00:00+00:00,-0.75,379.477874080822,5,corn
2007-12-04 01:00:00+00:00,-1.5,383.0375015424928,5,corn
2007-12-11 01:00:00+00:00,6.0,408.7529532446676,5,corn
2007-12-18 01:00:00+00:00,27.75,422.3991681277112,5,corn
2007-12-26 01:00:00+00:00,12.75,431.3361532154848,5,corn
2008-01-03 01:00:00+00:00,8.0,450.6947535075453,5,corn
2008-01-10 01:00:00+00:00,20.25,469.7078245042215,5,corn
2008-01-17 01:00:00+00:00,13.75,473.4530091635773,5,corn
2008-01-25 01:00:00+00:00,9.0,503.6127916006174,5,corn
2008-02-08 01:00:00+00:00,-3.75,500.2485103031552,5,corn
2008-02-15 01:00:00+00:00,2.25,514.75,5,corn
2008-02-25 01:00:00+00:00,7.5,514.9793696729461,5,corn
2008-03-03 01:00:00+00:00,6.75,532.6093339941498,5,corn
2008-03-10 00:00:00+00:00,18.5,566.1404516167478,5,corn
2008-04-01 00:00:00+00:00,-26.5,546.9008565232958,5,corn
2008-04-08 00:00:00+00:00,5.5,583.7636984497319,5,corn
2008-04-15 00:00:00+00:00,39.25,606.0,5,corn
2008-04-22 00:00:00+00:00,7.25,606.5301117567866,5,corn
2008-05-13 00:00:00+00:00,-3.0,606.0365599430213,5,corn
2008-05-20 00:00:00+00:00,15.0,606.0198415166326,5,corn
2008-06-11 00:00:00+00:00,2.75,614.0822134344321,5,corn
2008-06-18 00:00:00+00:00,22.0,702.7466414516977,5,corn
2008-06-25 00:00:00+00:00,88.75,747.7785215668915,5,corn
2008-07-10 00:00:00+00:00,-16.25,760.2467092615024,5,corn
2008-07-31 00:00:00+00:00,55.25,575.2705067854868,5,corn
2008-08-14 00:00:00+00:00,-14.5,521.2028698372338,5,corn
2008-09-05 00:00:00+00:00,-40.0,574.9207192514476,5,corn
2008-09-12 00:00:00+00:00,27.75,547.8786222027526,5,corn
2008-09-26 00:00:00+00:00,-14.75,543.5148371547656,5,corn
2008-10-03 00:00:00+00:00,21.0,547.9259857048809,5,corn
2008-10-10 00:00:00+00:00,-0.75,451.1207517196967,5,corn
2008-10-17 00:00:00+00:00,89.0,409.01817770818144,5,corn
2008-10-24 00:00:00+00:00,45.75,402.39239535928624,5,corn
2008-10-31 00:00:00+00:00,5.25,0.5739099366260024,5,corn
2008-11-14 01:00:00+00:00,-28.75,373.5410182734933,5,corn
2008-12-01 01:00:00+00:00,-4.75,337.23558683025885,5,corn
2008-12-15 01:00:00+00:00,-10.25,325.3460329388296,5,corn
2009-02-12 01:00:00+00:00,5.75,370.78066479566695,5,corn
2009-03-06 01:00:00+00:00,-16.0,357.66130933723315,5,corn
2009-04-03 00:00:00+00:00,-8.0,388.9517124074172,5,corn
2009-04-13 00:00:00+00:00,-9.5,404.9180285309896,5,corn
2009-05-11 00:00:00+00:00,2.75,402.5520252868885,5,corn
2009-05-18 00:00:00+00:00,33.25,419.3754396294828,5,corn
2009-06-02 00:00:00+00:00,0.25,425.90220814650655,5,corn
2009-06-09 00:00:00+00:00,6.0,449.8815731502071,5,corn
2009-07-08 00:00:00+00:00,15.0,353.6321847458352,5,corn
2009-07-15 00:00:00+00:00,34.5,323.14090923171767,5,corn
2009-07-29 00:00:00+00:00,-4.25,307.2013738856761,5,corn
2009-08-19 00:00:00+00:00,-26.25,329.58227897165875,5,corn
2009-08-26 00:00:00+00:00,16.25,316.9663741155573,5,corn
2009-09-02 00:00:00+00:00,10.75,319.8598500015967,5,corn
2009-09-10 00:00:00+00:00,-0.5,318.5464040811356,5,corn
2009-09-17 00:00:00+00:00,1.25,314.42094206690734,5,corn
2009-10-08 00:00:00+00:00,7.5,341.6918968259644,5,corn
2009-10-15 00:00:00+00:00,4.0,365.7218702167307,5,corn
2009-10-22 00:00:00+00:00,23.5,374.81598260546576,5,corn
2009-10-29 00:00:00+00:00,9.0,403.1478638320452,5,corn
2009-11-19 01:00:00+00:00,-3.0,395.0,5,corn
2009-11-27 01:00:00+00:00,14.0,395.2598512850842,5,corn
2009-12-04 01:00:00+00:00,4.5,396.6976889854493,5,corn
2009-12-18 01:00:00+00:00,-8.75,405.9276292907647,5,corn
2010-01-05 01:00:00+00:00,-6.75,414.8579680330497,5,corn
2010-01-12 01:00:00+00:00,18.25,417.7581619386135,5,corn
2010-02-10 01:00:00+00:00,9.75,349.93899646622225,5,corn
2010-02-25 01:00:00+00:00,-8.75,355.91465592852444,5,corn
2010-03-18 00:00:00+00:00,-10.75,366.0046900560929,5,corn
2010-04-01 00:00:00+00:00,-10.75,344.5,5,corn
2010-04-09 00:00:00+00:00,21.0,345.19279341334254,5,corn
2010-04-30 00:00:00+00:00,-18.25,353.4052044931145,5,corn
2010-05-21 00:00:00+00:00,3.25,362.4524493796313,5,corn
2010-06-14 00:00:00+00:00,10.0,336.0057555784162,5,corn
2010-06-28 00:00:00+00:00,18.0,356.14926044142624,5,corn
2010-07-20 00:00:00+00:00,34.25,375.3664750178436,5,corn
2010-08-10 00:00:00+00:00,-11.25,389.2426487185308,5,corn
2010-08-17 00:00:00+00:00,26.75,393.4773388648134,5,corn
2010-08-24 00:00:00+00:00,4.0,415.9495037353788,5,corn
2010-09-08 00:00:00+00:00,-9.5,439.3315683084924,5,corn
2010-09-15 00:00:00+00:00,34.0,462.0913193640354,5,corn
2010-09-22 00:00:00+00:00,23.25,495.98394814719614,5,corn
2010-09-29 00:00:00+00:00,32.75,506.2873384761131,5,corn
2010-10-20 00:00:00+00:00,-16.5,569.3439858417566,5,corn
2010-10-27 00:00:00+00:00,80.75,571.591877019277,5,corn
2010-11-10 01:00:00+00:00,3.75,582.8586481247968,5,corn
2010-12-02 01:00:00+00:00,-41.0,538.9130599465958,5,corn
2010-12-09 01:00:00+00:00,13.0,556.58770784129,5,corn
2010-12-16 01:00:00+00:00,16.75,573.7189957581377,5,corn
2010-12-23 01:00:00+00:00,18.75,589.7687036458888,5,corn
2010-12-31 01:00:00+00:00,13.25,613.883897692657,5,corn
2011-01-07 01:00:00+00:00,26.5,630.4431227449987,5,corn
2011-01-24 01:00:00+00:00,-34.0,647.9654991119085,5,corn
2011-01-31 01:00:00+00:00,53.75,654.2978184503104,5,corn
2011-02-07 01:00:00+00:00,6.5,660.5051830526537,5,corn
2011-02-14 01:00:00+00:00,4.25,673.9141459590277,5,corn
2011-02-22 01:00:00+00:00,15.25,698.328822706283,5,corn
2011-03-08 01:00:00+00:00,-16.0,737.3610747317672,5,corn
2011-04-12 00:00:00+00:00,-15.0,771.015148702433,5,corn
2011-05-04 00:00:00+00:00,-3.5,752.6169644984669,5,corn
2011-06-09 00:00:00+00:00,-7.5,767.747741114123,5,corn
2011-06-16 00:00:00+00:00,24.25,786.037324211141,5,corn
2011-06-30 00:00:00+00:00,84.0,682.4538845127828,5,corn
2011-07-08 00:00:00+00:00,21.0,651.5608075247533,5,corn
2011-07-15 00:00:00+00:00,32.5,644.1522927569114,5,corn
2011-07-29 00:00:00+00:00,-59.0,689.0386535385494,5,corn
2011-08-05 00:00:00+00:00,11.25,665.2938903717464,5,corn
2011-09-12 00:00:00+00:00,41.5,763.2983793544468,5,corn
2011-10-10 00:00:00+00:00,44.25,596.1494870087236,5,corn
2011-11-07 01:00:00+00:00,-10.5,648.8663460109149,5,corn
2011-11-21 01:00:00+00:00,-6.25,634.4267299660704,5,corn
2011-11-29 01:00:00+00:00,19.75,598.3478495152835,5,corn
2011-12-13 01:00:00+00:00,-0.25,597.8720060836367,5,corn
2011-12-20 01:00:00+00:00,1.5,595.4235067945268,5,corn
2012-01-12 01:00:00+00:00,-35.5,643.4181221415623,5,corn
2012-01-20 01:00:00+00:00,-1.0,609.7616212694941,5,corn
2012-02-10 01:00:00+00:00,-30.25,644.3188393622139,5,corn
2012-02-27 01:00:00+00:00,-12.75,642.1488155129437,5,corn
2012-03-05 01:00:00+00:00,10.0,642.485572351303,5,corn
2012-03-12 00:00:00+00:00,2.75,655.8963588234403,5,corn
2012-03-19 00:00:00+00:00,16.25,659.9787640848114,5,corn
2012-03-26 00:00:00+00:00,-1.25,664.1256292816613,5,corn
2012-04-10 00:00:00+00:00,-25.75,646.9874019572837,5,corn
2012-05-15 00:00:00+00:00,-10.75,624.4684532259411,5,corn
2012-05-22 00:00:00+00:00,6.0,598.2843360843771,5,corn
2012-05-30 00:00:00+00:00,25.75,598.6593036207978,5,corn
2012-06-06 00:00:00+00:00,-4.0,558.9314670718219,5,corn
2012-07-12 00:00:00+00:00,37.75,704.3055015041857,5,corn
2012-07-19 00:00:00+00:00,59.25,735.3077820876337,5,corn
2012-07-26 00:00:00+00:00,22.5,805.5200520451633,5,corn
2012-08-09 00:00:00+00:00,-26.5,795.8336400604336,5,corn
2012-08-16 00:00:00+00:00,12.75,815.0211611664462,5,corn
2012-08-30 00:00:00+00:00,-20.5,808.3702095462318,5,corn
2012-10-05 00:00:00+00:00,-33.75,759.6121892844151,5,corn
2012-10-12 00:00:00+00:00,-8.0,745.3828868199465,5,corn
2012-10-19 00:00:00+00:00,8.25,753.5920471151607,5,corn
2012-11-02 00:00:00+00:00,-8.75,734.6077569198794,5,corn
2012-11-09 01:00:00+00:00,23.75,739.7138385247285,5,corn
2012-11-26 01:00:00+00:00,0.75,727.6801632084491,5,corn
2012-12-10 01:00:00+00:00,20.25,752.6849664120556,5,corn
2012-12-24 01:00:00+00:00,24.75,722.2762208560308,5,corn
2013-01-02 01:00:00+00:00,6.0,704.2668761500898,5,corn
2013-01-09 01:00:00+00:00,19.75,689.8391573365585,5,corn
2013-01-31 01:00:00+00:00,-37.0,727.458893791889,5,corn
2013-02-07 01:00:00+00:00,-7.0,740.6657770757407,5,corn
2013-02-14 01:00:00+00:00,-16.25,710.8178741998735,5,corn
2013-02-22 01:00:00+00:00,29.75,695.0866089934239,5,corn
2013-03-01 01:00:00+00:00,16.0,690.4665129445707,5,corn
2013-03-15 00:00:00+00:00,-18.25,704.1541398646029,5,corn
2013-03-22 00:00:00+00:00,-5.0,716.8276266969192,5,corn
2013-04-01 00:00:00+00:00,13.5,729.1289296646454,5,corn
2013-04-15 00:00:00+00:00,84.0,638.5533143996925,5,corn
2013-04-29 00:00:00+00:00,-13.25,644.8373502962324,5,corn
2013-05-13 00:00:00+00:00,-38.25,635.4744909102927,5,corn
2013-05-28 00:00:00+00:00,-19.0,652.0212954970864,5,corn
2013-06-11 00:00:00+00:00,-17.0,660.3408695724308,5,corn
2013-06-25 00:00:00+00:00,-1.0,675.6223768708821,5,corn
2013-07-24 00:00:00+00:00,-20.75,540.9788886948697,5,corn
2013-07-31 00:00:00+00:00,15.25,510.8048197670784,5,corn
2013-08-07 00:00:00+00:00,30.25,498.9507966531544,5,corn
2013-08-14 00:00:00+00:00,9.25,467.6502228181096,5,corn
2013-08-21 00:00:00+00:00,30.75,463.6259547700799,5,corn
2013-09-12 00:00:00+00:00,-6.25,458.5788910545712,5,corn
2013-09-26 00:00:00+00:00,-5.25,459.3144404079159,5,corn
2013-10-03 00:00:00+00:00,6.75,456.0205520991077,5,corn
2013-10-10 00:00:00+00:00,2.75,438.63010451881786,5,corn
2013-10-17 00:00:00+00:00,17.5,437.2060271951249,5,corn
2013-10-31 00:00:00+00:00,-4.75,438.2432651069019,5,corn
2013-11-07 01:00:00+00:00,2.75,420.5,5,corn
2013-11-14 01:00:00+00:00,12.0,419.9455422034438,5,corn
2013-11-29 01:00:00+00:00,-6.0,422.5830236773885,5,corn
2013-12-20 01:00:00+00:00,-9.75,424.81696842518494,5,corn
2014-01-29 01:00:00+00:00,-5.5,424.0861481516967,5,corn
2014-02-05 01:00:00+00:00,-5.25,425.2814864929477,5,corn
2014-02-12 01:00:00+00:00,1.25,441.3891145965201,5,corn
2014-02-27 01:00:00+00:00,-3.25,454.6134803091378,5,corn
2014-03-13 00:00:00+00:00,-7.75,491.13866782276006,5,corn
2014-04-03 00:00:00+00:00,-6.5,492.323970728097,5,corn
2014-04-10 00:00:00+00:00,13.5,499.06834101729305,5,corn
2014-04-17 00:00:00+00:00,8.0,499.8937218504133,5,corn
2014-05-02 00:00:00+00:00,-6.5,505.0750511494649,5,corn
2014-05-16 00:00:00+00:00,-7.5,506.1655688337241,5,corn
2014-06-02 00:00:00+00:00,24.0,476.9986778688201,5,corn
2014-06-09 00:00:00+00:00,5.5,464.70305288744777,5,corn
2014-06-16 00:00:00+00:00,12.5,449.8226387672573,5,corn
2014-06-23 00:00:00+00:00,14.5,439.89127397552346,5,corn
2014-07-08 00:00:00+00:00,-3.5,417.9349338894207,5,corn
2014-07-15 00:00:00+00:00,25.75,398.29253384165895,5,corn
2014-07-22 00:00:00+00:00,20.5,374.2717178166522,5,corn
2014-07-29 00:00:00+00:00,24.25,358.5974777907021,5,corn
2014-08-12 00:00:00+00:00,-1.25,356.66863500428684,5,corn
2014-09-03 00:00:00+00:00,-4.0,354.8795150810738,5,corn
2014-09-10 00:00:00+00:00,6.5,351.2916086839002,5,corn
2014-09-17 00:00:00+00:00,4.0,344.2453615480546,5,corn
2014-09-24 00:00:00+00:00,6.25,341.85065185328114,5,corn
2014-10-01 00:00:00+00:00,4.0,330.01913590212973,5,corn
2014-10-08 00:00:00+00:00,12.25,320.31718678992,5,corn
2014-11-05 01:00:00+00:00,5.5,377.6293035661469,5,corn
2014-11-19 01:00:00+00:00,-5.0,379.30709229932535,5,corn
2014-12-04 01:00:00+00:00,-14.5,378.4353316491949,5,corn
2014-12-11 01:00:00+00:00,15.0,388.6419765570408,5,corn
2014-12-18 01:00:00+00:00,11.5,399.0741850378456,5,corn
2014-12-26 01:00:00+00:00,8.75,410.0623634350942,5,corn
2015-01-05 01:00:00+00:00,12.5,414.583630775039,5,corn
2015-02-18 01:00:00+00:00,4.5,389.7239107269155,5,corn
2015-02-25 01:00:00+00:00,-2.25,383.87089965624426,5,corn
2015-03-04 01:00:00+00:00,4.25,374.86928109089433,5,corn
2015-03-25 00:00:00+00:00,-1.5,373.5479159763568,5,corn
2015-04-16 00:00:00+00:00,13.25,378.3967099771832,5,corn
2015-04-30 00:00:00+00:00,1.75,370.5618703902831,5,corn
2015-05-07 00:00:00+00:00,5.5,365.9001962213657,5,corn
2015-05-14 00:00:00+00:00,4.5,360.08818709129207,5,corn
2015-05-29 00:00:00+00:00,-6.5,365.0071687927946,5,corn
2015-06-05 00:00:00+00:00,3.0,351.56510259432577,5,corn
2015-06-19 00:00:00+00:00,-9.0,353.7532079979945,5,corn
2015-07-13 00:00:00+00:00,31.75,427.7887906141463,5,corn
2015-07-20 00:00:00+00:00,42.0,442.8392230352567,5,corn
2015-08-17 00:00:00+00:00,-4.75,391.4888320764993,5,corn
2015-08-31 00:00:00+00:00,-26.75,372.4620124831108,5,corn
2015-09-08 00:00:00+00:00,6.75,374.6392822513284,5,corn
2015-09-29 00:00:00+00:00,-22.0,380.9367839314978,5,corn
2015-11-03 01:00:00+00:00,-7.25,380.9767543253951,5,corn
2015-11-10 01:00:00+00:00,2.5,379.341488858166,5,corn
2015-12-23 01:00:00+00:00,-4.0,371.0472598785259,5,corn
2015-12-31 01:00:00+00:00,3.25,365.9210384430772,5,corn
2016-01-08 01:00:00+00:00,5.25,356.99714378022804,5,corn
2016-02-08 01:00:00+00:00,6.25,371.5960520132134,5,corn
2016-02-23 01:00:00+00:00,9.0,362.00711371744126,5,corn
2016-03-08 01:00:00+00:00,0.75,354.85238704905584,5,corn
2016-03-30 00:00:00+00:00,8.25,369.9972066281181,5,corn
2016-04-13 00:00:00+00:00,2.5,357.738482752432,5,corn
2016-04-27 00:00:00+00:00,15.75,395.45778425565845,5,corn
2016-05-25 00:00:00+00:00,1.5,396.99867777249375,5,corn
2016-06-02 00:00:00+00:00,20.0,413.75,5,corn
2016-06-09 00:00:00+00:00,7.25,413.8174967023412,5,corn
2016-06-16 00:00:00+00:00,8.75,429.2917042297447,5,corn
2016-07-15 00:00:00+00:00,18.5,354.30177610662514,5,corn
2016-07-22 00:00:00+00:00,13.5,352.26754088911105,5,corn
2016-07-29 00:00:00+00:00,3.25,335.8524471299108,5,corn
2016-08-05 00:00:00+00:00,15.75,333.50380022547233,5,corn
2016-08-12 00:00:00+00:00,3.0,323.5219645673113,5,corn
2016-08-19 00:00:00+00:00,9.75,322.43289337955395,5,corn
2016-09-02 00:00:00+00:00,-11.25,317.09298900053176,5,corn
2016-09-26 00:00:00+00:00,-11.5,339.4777675515447,5,corn
2016-10-03 00:00:00+00:00,3.0,329.017099290622,5,corn
2016-10-24 00:00:00+00:00,-3.0,354.62416676774023,5,corn
2016-11-07 01:00:00+00:00,-5.75,355.2037944364806,5,corn
2016-11-29 01:00:00+00:00,-9.5,348.9744209307674,5,corn
2016-12-13 01:00:00+00:00,-14.25,357.3500754070182,5,corn
2016-12-20 01:00:00+00:00,23.25,361.56891640118897,5,corn
2017-01-27 01:00:00+00:00,-3.25,369.50829327644567,5,corn
2017-02-10 01:00:00+00:00,-7.0,365.053244490056,5,corn
2017-02-17 01:00:00+00:00,1.5,373.5476650743659,5,corn
2017-03-13 00:00:00+00:00,-7.0,380.18003329736433,5,corn
2017-03-27 00:00:00+00:00,-17.75,362.48960876832143,5,corn
2017-04-18 00:00:00+00:00,-11.0,366.4351486046905,5,corn
2017-05-23 00:00:00+00:00,5.25,366.952343601973,5,corn
2017-06-07 00:00:00+00:00,3.0,371.7611536560097,5,corn
2017-06-14 00:00:00+00:00,1.5,376.75,5,corn
2017-07-06 00:00:00+00:00,7.25,357.53898407783,5,corn
2017-07-27 00:00:00+00:00,-20.25,392.2884360069445,5,corn
2017-08-17 00:00:00+00:00,9.5,360.9549548895545,5,corn
2017-08-24 00:00:00+00:00,4.5,342.25,5,corn
2017-08-31 00:00:00+00:00,9.5,344.53002031939167,5,corn
2017-09-15 00:00:00+00:00,-15.25,359.347568015588,5,corn
2017-09-22 00:00:00+00:00,1.0,357.53625266274446,5,corn
2017-09-29 00:00:00+00:00,1.75,353.36394925425776,5,corn
2017-10-13 00:00:00+00:00,-2.75,352.75,5,corn
2017-10-27 00:00:00+00:00,-3.0,344.71312993272346,5,corn
2017-12-04 01:00:00+00:00,0.25,338.329757311836,5,corn
2017-12-26 01:00:00+00:00,3.25,347.4392097071731,5,corn
2018-01-18 01:00:00+00:00,-0.5,348.9867101436142,5,corn
2018-02-01 01:00:00+00:00,2.25,355.2436471303966,5,corn
2018-02-08 01:00:00+00:00,4.25,360.9955553992475,5,corn
2018-02-15 01:00:00+00:00,6.0,364.14799379955525,5,corn
2018-02-23 01:00:00+00:00,3.25,366.83948974626094,5,corn
2018-03-09 01:00:00+00:00,-2.0,384.1433351763242,5,corn
2018-03-16 00:00:00+00:00,18.5,390.4002456085086,5,corn
2018-04-09 00:00:00+00:00,-5.75,387.1050381351365,5,corn
2018-04-16 00:00:00+00:00,10.5,389.15261991074425,5,corn
2018-05-07 00:00:00+00:00,-4.0,400.9042646276124,5,corn
2018-05-29 00:00:00+00:00,-4.5,403.6127519056295,5,corn
2018-06-26 00:00:00+00:00,6.5,354.1727209770066,5,corn
2018-07-03 00:00:00+00:00,23.25,351.6767350671699,5,corn
2018-07-18 00:00:00+00:00,-0.75,339.5848862988246,5,corn
2018-08-22 00:00:00+00:00,-5.25,361.5346402997668,5,corn
2018-08-29 00:00:00+00:00,9.5,352.2570652332452,5,corn
2018-09-06 00:00:00+00:00,9.0,341.1240375806737,5,corn
2018-09-13 00:00:00+00:00,-11.0,366.51991578865545,5,corn
2018-09-27 00:00:00+00:00,-15.75,352.52213518098,5,corn
2018-10-04 00:00:00+00:00,1.5,364.9962975720399,5,corn
2018-10-11 00:00:00+00:00,12.75,368.0552802817725,5,corn
2018-10-18 00:00:00+00:00,3.0,369.24298302483874,5,corn
2018-10-25 00:00:00+00:00,0.75,371.1027670809476,5,corn
2018-11-01 00:00:00+00:00,-1.5,361.6576744592868,5,corn
2018-11-08 01:00:00+00:00,-8.5,366.50813685023945,5,corn
2018-11-15 01:00:00+00:00,4.25,374.1689101615124,5,corn
2018-11-30 01:00:00+00:00,6.0,358.1311474977446,5,corn
2018-12-07 01:00:00+00:00,-8.25,377.96490041684,5,corn
2018-12-14 01:00:00+00:00,17.75,385.1933086767018,5,corn
2019-01-15 01:00:00+00:00,-4.25,371.75,5,corn
2019-01-30 01:00:00+00:00,-8.5,378.7790869971407,5,corn
2019-02-06 01:00:00+00:00,7.0,380.9442168817201,5,corn
2019-02-28 01:00:00+00:00,1.0,375.6865672140663,5,corn
2019-03-07 01:00:00+00:00,4.0,370.2777063664772,5,corn
2019-03-14 00:00:00+00:00,4.75,364.4973444535596,5,corn
2019-04-04 00:00:00+00:00,-5.5,373.073080170216,5,corn
2019-04-11 00:00:00+00:00,2.0,364.811355741406,5,corn
2019-04-18 00:00:00+00:00,8.5,359.2694437422841,5,corn
2019-04-26 00:00:00+00:00,5.0,358.60298318709295,5,corn
2019-05-03 00:00:00+00:00,1.5,351.33337875421364,5,corn
2019-05-17 00:00:00+00:00,-18.75,349.76854742342874,5,corn
2019-06-03 00:00:00+00:00,32.5,403.5962384288894,5,corn
2019-06-10 00:00:00+00:00,22.0,422.3446335157169,5,corn
2019-06-24 00:00:00+00:00,-7.0,454.3177459150527,5,corn
2019-07-16 00:00:00+00:00,-32.75,431.3212378011983,5,corn
2019-07-23 00:00:00+00:00,17.0,435.8932969252783,5,corn
2019-08-20 00:00:00+00:00,6.0,360.25,5,corn
2019-09-04 00:00:00+00:00,5.5,356.9728650785993,5,corn
2019-09-18 00:00:00+00:00,-1.0,359.19637407262377,5,corn
2019-10-23 00:00:00+00:00,-5.75,392.8440261042527,5,corn
2019-12-12 01:00:00+00:00,-3.75,377.0,5,corn
2019-12-19 01:00:00+00:00,13.75,378.07037434556497,5,corn
2020-01-06 01:00:00+00:00,9.25,389.360480227502,5,corn
2020-01-13 01:00:00+00:00,-3.75,386.27337935346463,5,corn
2020-01-28 01:00:00+00:00,-4.5,387.8205374897369,5,corn
2020-02-26 01:00:00+00:00,-2.5,380.2565971445816,5,corn
2020-03-18 00:00:00+00:00,-14.75,375.18533879152585,5,corn
2020-03-25 00:00:00+00:00,11.0,335.6642821927119,5,corn
2020-04-08 00:00:00+00:00,-13.25,334.46214663217586,5,corn
2020-04-16 00:00:00+00:00,14.75,331.06463945513207,5,corn
2020-04-23 00:00:00+00:00,4.5,318.708829029813,5,corn
2020-04-30 00:00:00+00:00,11.5,318.7444188886273,5,corn
2020-05-14 00:00:00+00:00,0.5,318.4728175451641,5,corn
2020-05-29 00:00:00+00:00,1.0,318.57525980380274,5,corn
2020-06-19 00:00:00+00:00,-7.0,330.56360742071524,5,corn
2020-07-06 00:00:00+00:00,-2.5,315.62327227360163,5,corn
2020-07-13 00:00:00+00:00,-16.5,347.28094231809945,5,corn
2020-08-17 00:00:00+00:00,7.75,309.85026926857046,5,corn
2020-09-08 00:00:00+00:00,1.5,359.2968833915044,5,corn
2020-09-15 00:00:00+00:00,26.0,364.1961071155079,5,corn
2020-09-22 00:00:00+00:00,3.25,365.2242587270769,5,corn
2020-09-29 00:00:00+00:00,4.75,367.4783031403968,5,corn
2020-10-13 00:00:00+00:00,-4.75,384.1131501466126,5,corn
2020-10-20 00:00:00+00:00,20.25,390.5623293160349,5,corn
2020-10-27 00:00:00+00:00,6.75,408.8037582219941,5,corn
2020-11-03 01:00:00+00:00,17.5,416.01736142544775,5,corn
2020-11-17 01:00:00+00:00,-15.5,419.75,5,corn
2020-11-24 01:00:00+00:00,21.75,420.41217518538815,5,corn
2020-12-02 01:00:00+00:00,-2.25,425.1463136779972,5,corn
2020-12-31 01:00:00+00:00,3.25,447.56147717594166,5,corn
2021-01-08 01:00:00+00:00,20.25,486.3940541744885,5,corn
2021-01-15 01:00:00+00:00,38.75,498.189413725706,5,corn
2021-01-25 01:00:00+00:00,11.25,531.4934299256776,5,corn
2021-02-08 01:00:00+00:00,-19.25,550.7755783955735,5,corn
2021-02-15 01:00:00+00:00,38.5,551.75,5,corn
2021-03-16 00:00:00+00:00,-9.75,545.4673646081395,5,corn
2021-03-23 00:00:00+00:00,1.5,555.878209679894,5,corn
2021-04-14 00:00:00+00:00,-14.0,561.1927756195736,5,corn
2021-04-21 00:00:00+00:00,23.75,594.6447106927575,5,corn
2021-04-28 00:00:00+00:00,32.75,629.2170422948046,5,corn
2021-05-05 00:00:00+00:00,30.5,683.4670703574741,5,corn
2021-05-12 00:00:00+00:00,56.25,714.25,5,corn
2021-06-10 00:00:00+00:00,-36.25,698.75,5,corn
2021-06-17 00:00:00+00:00,35.25,700.0491304716226,5,corn
2021-07-01 00:00:00+00:00,-65.75,653.0628647703094,5,corn
2021-07-16 00:00:00+00:00,52.5,525.3739928908952,5,corn
2021-07-30 00:00:00+00:00,-28.25,547.5819264479554,5,corn
2021-08-06 00:00:00+00:00,7.5,547.5286126543688,5,corn
2021-08-27 00:00:00+00:00,-12.75,539.2600102623516,5,corn
2021-09-13 00:00:00+00:00,-19.0,522.9683179003696,5,corn
2021-09-20 00:00:00+00:00,35.0,514.4089788168609,5,corn
2021-10-18 00:00:00+00:00,-1.75,531.370405854383,5,corn
2021-11-22 01:00:00+00:00,-27.0,578.1564951906248,5,corn
2021-12-07 01:00:00+00:00,0.5,565.8309223922317,5,corn
2021-12-14 01:00:00+00:00,-7.75,587.1271075768141,5,corn
2021-12-21 01:00:00+00:00,17.5,588.3739259093293,5,corn
2021-12-29 01:00:00+00:00,4.0,601.0351762706262,5,corn
2022-01-05 01:00:00+00:00,7.75,606.283515805612,5,corn
2022-01-27 01:00:00+00:00,-4.25,612.0583167203272,5,corn
2022-02-03 01:00:00+00:00,12.0,626.2416388858005,5,corn
2022-02-17 01:00:00+00:00,-7.0,643.4443090415031,5,corn
2022-02-25 01:00:00+00:00,24.75,646.5341331270131,5,corn
2022-03-04 01:00:00+00:00,6.75,658.9680267043888,5,corn
2022-03-11 01:00:00+00:00,11.5,757.6523263928233,5,corn
2022-03-18 00:00:00+00:00,92.0,768.0895874523865,5,corn
2022-04-01 00:00:00+00:00,-21.5,751.1882359473012,5,corn
2022-04-18 00:00:00+00:00,-20.5,769.4548288531053,5,corn
2022-04-25 00:00:00+00:00,34.75,814.3719036537739,5,corn
2022-05-09 00:00:00+00:00,-12.5,804.9151735255588,5,corn
2022-05-23 00:00:00+00:00,-31.75,809.8821613761204,5,corn
2022-06-14 00:00:00+00:00,33.0,757.4871724070742,5,corn
2022-06-22 00:00:00+00:00,4.25,771.1185674555252,5,corn
2022-07-07 00:00:00+00:00,0.75,670.1088043250003,5,corn
2022-07-14 00:00:00+00:00,102.5,611.5918979233594,5,corn
2022-07-21 00:00:00+00:00,54.5,604.4369257261286,5,corn
2022-07-28 00:00:00+00:00,3.5,574.8010928928458,5,corn
2022-08-11 00:00:00+00:00,-39.75,599.3002469972456,5,corn
2022-08-25 00:00:00+00:00,-27.25,612.6988838571885,5,corn
2022-09-09 00:00:00+00:00,-39.0,659.8783377017261,5,corn
